# maftools 2.26.0 get_threshold and cluster_prot on 360 synthetic genes, set.seed(69); positions in arrival order
gene	protLen	n	th	clusters	muts_in_clusters	clusterScores	positions
g1	60	360	13	1	202	0.5363783168825349	2,2,2,53,2,9,2,2,29,2,2,2,46,2,23,2,2,2,2,2,10,2,2,40,33,2,56,2,2,13,2,38,2,21,2,2,55,2,19,26,2,2,2,49,12,2,27,2,53,2,2,2,18,10,53,2,38,2,2,3,40,2,2,2,43,54,51,25,2,2,28,31,2,2,44,48,2,57,35,22,9,2,56,2,22,2,2,6,35,29,2,2,12,2,2,8,2,38,42,30,46,2,2,2,53,2,5,43,46,39,2,52,51,51,2,2,47,2,2,38,2,27,2,2,2,2,27,30,2,2,2,2,58,29,31,2,42,39,18,42,2,2,29,2,2,2,43,21,25,58,2,5,56,2,2,2,2,2,56,54,2,5,13,35,2,2,55,2,2,2,54,2,2,2,36,5,2,17,15,2,2,52,2,2,24,42,31,11,53,2,54,2,7,2,25,27,2,2,2,2,2,28,2,2,3,21,1,2,11,6,8,2,47,24,31,2,9,30,2,8,27,2,2,2,25,2,2,2,22,54,2,54,6,55,39,1,30,2,2,24,35,2,12,2,2,8,17,2,2,2,45,35,60,17,2,2,2,38,11,51,24,2,2,2,2,2,2,2,39,14,34,36,51,48,2,2,2,2,2,2,2,2,35,55,2,2,24,2,15,32,10,2,30,50,2,39,33,43,2,24,47,2,2,2,20,29,4,32,11,2,2,2,2,2,2,19,2,2,2,2,2,2,2,44,53,7,50,29,2,2,6,24,2,2,2,60,2,36,2,13,53,2,37,2,2,2,2,53,2,2,20,2,2,2,52,2,2,2,2,14
g2	189	5	2	1	3	0.59999999999999998	124,124,89,124,41
g3	189	110	4	2	103	0.70677899103931108	65,65,65,71,52,65,49,52,47,65,52,65,51,64,57,65,55,65,63,62,64,65,60,60,52,53,65,47,49,49,52,65,65,71,70,65,66,65,65,67,48,52,61,47,52,52,65,60,60,65,65,64,52,70,52,52,65,51,65,65,59,48,65,46,53,61,65,68,61,53,48,64,65,65,52,51,52,52,52,52,69,65,59,53,52,65,67,65,52,65,62,65,53,52,63,65,69,59,65,65,52,65,50,52,52,52,55,69,65,64
g4	2839	200	2	2	127	0.55883725644174331	1795,2318,2317,1443,2322,2316,2322,2322,2652,2320,2322,2322,2316,1996,2317,2316,2319,2322,406,2499,2318,2316,2322,2322,2321,2349,2322,2316,160,2321,1096,2322,2318,2320,1984,2316,2316,2322,2316,2316,1884,2300,2317,2074,2276,927,2318,839,1283,2316,2316,2317,376,2322,1791,2318,489,2322,2322,2788,2319,2220,932,2041,1172,2322,1286,565,2318,2405,2316,2322,2318,2316,1840,2317,2301,1896,2322,1951,2316,2322,2316,46,2316,2316,2322,2316,2316,2322,1992,2319,347,2316,2322,2316,2316,2322,1637,2316,2322,2316,2322,845,2316,2626,2735,1180,2316,2322,2657,2319,329,2322,2322,2172,678,2322,425,2316,2316,760,2318,1166,2316,813,2322,2316,2316,2322,1593,2370,1597,2322,2321,2316,2322,2316,2322,2316,2486,418,2069,407,2316,2101,2321,1170,2322,2316,2316,951,2316,2316,2509,110,123,2322,2316,1934,2322,587,2496,2322,2316,2318,2322,2322,2316,2316,2322,1560,2322,2324,1917,2543,2322,2157,2316,2322,2320,738,2316,2322,2322,2322,2322,2316,999,920,427,2316,2596,2322,2069,2316,1979,2316,890,2322
g5	2839	12	2	1	11	0.56450404328567827	2302,2304,2304,2304,2298,2302,2302,2304,2311,2301,2305,2297
g6	393	5	2	NA	NA	NA	30,16,262,133,241
g7	1512	9	2	1	7	0.77777777777777779	778,1407,1407,1407,554,1407,1407,1407,1407
g8	1068	60	2	1	44	0.43076990129520931	954,321,957,954,957,957,957,518,1051,957,957,954,635,954,961,957,961,359,961,954,468,957,874,961,957,957,132,961,961,654,668,68,961,954,755,235,961,961,957,957,6,335,957,954,961,957,961,954,957,954,80,961,957,954,957,954,954,961,957,954
g9	189	7	2	1	2	0.2857142857142857	84,58,84,53,142,146,59
g10	393	20	2	2	13	0.61035533905932737	305,303,13,181,313,227,252,303,381,156,303,313,241,303,313,304,313,303,303,303
g11	189	110	4	1	98	0.57472343143712845	181,182,183,180,182,182,186,175,180,182,182,178,175,175,182,182,180,175,182,176,177,180,180,180,182,176,188,189,189,187,185,180,180,182,180,187,176,179,179,180,180,180,180,183,180,178,180,180,184,182,182,178,180,177,180,180,182,180,185,180,175,183,182,180,180,182,184,182,180,180,178,186,182,182,180,179,187,180,189,183,180,188,182,178,182,187,183,179,180,188,182,180,180,178,182,182,178,182,180,182,180,179,178,182,179,182,179,175,182,182
g12	189	9	2	NA	NA	NA	109,160,51,164,181,24,137,72,174
g13	480	200	3	1	151	0.74316941738241593	121,89,129,129,129,228,129,315,129,129,129,129,129,129,129,129,129,54,129,129,129,129,129,276,129,129,129,129,129,308,45,276,402,129,129,129,411,129,129,129,129,129,129,129,230,129,129,129,129,129,129,129,129,129,129,129,129,129,129,418,129,129,468,129,129,129,129,85,129,88,129,190,228,129,135,129,129,129,129,129,256,122,129,298,129,129,129,272,129,129,129,129,129,129,129,349,322,129,129,15,9,390,129,129,129,129,129,129,129,68,169,129,129,129,129,129,129,26,429,129,129,129,124,129,129,13,129,129,129,129,96,129,129,129,35,129,260,129,129,129,129,129,131,129,129,265,130,318,129,129,129,125,129,129,129,129,129,129,129,129,129,129,129,129,129,129,129,129,129,129,129,163,129,129,129,129,129,360,342,119,129,129,76,129,139,129,47,413,129,129,129,66,129,295,129,129,129,129,326,129
g14	741	35	2	2	23	0.65714285714285714	528,528,534,528,528,647,528,534,528,660,528,225,534,528,298,528,534,339,186,559,528,528,534,283,136,528,9,113,534,534,534,618,534,528,528
g15	60	110	6	3	108	0.72858159501773756	47,33,47,57,56,52,57,28,47,33,51,57,47,33,54,57,57,57,47,51,59,58,33,57,38,51,33,30,29,56,47,33,35,33,47,47,57,57,34,57,48,57,57,33,51,59,33,57,51,29,47,30,47,35,60,51,57,60,60,33,33,57,57,60,58,56,49,60,36,50,57,47,55,47,43,60,57,58,60,33,57,52,33,47,54,29,47,47,47,60,42,33,39,39,57,42,33,33,57,33,33,57,39,47,33,33,56,31,33,33
g16	741	60	2	3	38	0.54190145494210018	305,729,304,11,67,42,307,690,304,304,312,737,305,304,312,304,304,699,306,293,312,312,312,225,312,304,312,291,245,377,309,385,312,668,304,53,557,304,183,312,312,645,311,673,581,304,312,304,304,304,619,245,227,590,312,232,311,304,259,525
g17	2839	200	2	1	200	0.51180475500006928	330,342,335,330,339,335,335,335,342,342,339,336,335,335,335,339,335,335,339,335,338,335,344,339,334,335,344,343,333,335,344,339,330,339,341,340,338,339,339,339,339,344,339,335,335,339,339,339,335,332,332,339,339,339,331,335,335,339,339,339,335,340,335,339,335,339,339,334,332,339,335,339,335,339,335,335,340,339,339,335,339,334,336,330,332,340,335,343,334,338,335,335,339,330,339,335,339,338,337,339,339,331,332,335,339,335,336,335,338,339,339,336,341,338,334,339,339,337,339,335,335,339,339,339,335,339,340,333,331,332,335,335,341,337,334,337,339,331,335,341,335,340,344,344,339,339,335,335,339,338,335,340,341,335,339,338,343,335,336,336,338,335,333,333,344,339,335,335,334,340,339,335,335,335,335,338,339,339,339,339,339,335,342,335,332,339,332,335,335,339,333,338,342,336,335,339,333,342,335,344
g18	1068	9	2	NA	NA	NA	834,642,661,244,700,689,1016,298,396
g19	2839	6	2	1	2	0.33333333333333331	549,788,1219,1192,667,788
g20	60	7	2	2	6	0.63239667075666239	34,50,45,40,45,41,50
g21	60	6	2	1	5	0.67677669529663675	3,4,5,2,3,5
g22	2839	35	2	1	16	0.32969181606780268	2659,1259,1259,931,354,716,1256,1256,1187,1934,1259,1259,1253,2647,766,1258,1272,1259,1253,2797,1257,2665,1259,1253,217,894,349,1253,1136,1259,375,529,1253,1259,1259
g23	1068	110	2	1	110	0.2694315516081599	1011,1008,1012,1012,1010,1012,1012,1008,1012,1011,1008,1008,1008,1012,1014,1009,1012,1012,1012,1012,1012,1013,1010,1017,1006,1005,1008,1017,1012,1009,1008,1012,1008,1017,1009,1008,1016,1012,1015,1007,1008,1009,1012,1009,1010,1006,1012,1016,1012,1006,1008,1016,1005,1012,1012,1016,1008,1006,1009,1014,1012,1014,1007,1008,1008,1007,1003,1013,1008,1012,1012,1013,1014,1008,1016,1012,1008,1008,1012,1008,1004,1012,1012,1015,1004,1008,1005,1012,1008,1008,1008,1008,1012,1007,1015,1003,1008,1008,1003,1008,1012,1007,1011,1008,1012,1008,1008,1008,1012,1005
g24	1068	6	2	NA	NA	NA	685,389,237,683,963,867
g25	128	60	4	1	34	0.54583333333333328	67,44,95,80,35,125,44,15,44,66,104,44,21,44,46,32,11,60,44,44,12,66,110,44,44,44,44,44,84,44,44,65,2,44,26,44,44,44,44,67,44,44,44,44,48,44,128,44,44,44,55,44,44,44,44,13,56,116,44,54
g26	1512	200	2	3	154	0.69970562748477139	403,396,396,404,404,403,962,403,508,510,404,403,403,403,1402,404,396,404,403,396,396,396,404,983,396,396,404,413,403,992,404,396,403,403,404,396,404,396,404,396,530,403,404,396,1433,396,396,396,404,404,396,403,396,404,396,911,404,1331,396,404,404,491,403,403,404,1154,86,102,403,404,403,396,404,396,404,403,404,404,404,404,1413,403,396,396,396,403,403,1405,403,403,403,403,404,404,396,795,403,404,893,1198,1444,396,396,403,396,404,396,1060,1048,404,396,1453,404,404,396,396,403,404,307,403,1373,396,404,404,541,1234,403,403,396,442,396,396,404,577,404,552,396,403,603,396,403,396,1275,404,396,396,396,404,404,841,403,403,404,1394,281,404,1439,429,403,1050,396,396,396,403,835,403,396,403,396,403,404,403,403,396,403,1098,396,403,404,403,404,333,396,403,396,591,403,1275,403,1221,403,282,403,404,404,396,863,396,1029,403
g27	60	5	2	1	2	0.40000000000000002	50,8,46,2,2
g28	393	110	3	1	72	0.3641543683212678	330,25,144,328,164,166,332,326,332,331,188,326,247,332,326,326,332,46,111,329,332,335,269,326,326,326,332,326,91,326,332,326,326,326,78,326,332,126,327,328,30,332,23,332,332,326,57,327,332,314,327,326,332,332,391,332,332,332,316,326,332,301,328,274,329,332,171,332,144,153,332,327,332,54,332,326,332,326,332,233,332,107,117,326,332,329,169,329,326,326,326,326,180,79,150,326,260,332,136,332,249,326,326,332,21,332,332,326,328,81
g29	2839	360	2	1	360	0.462168836082756	405,409,402,409,405,410,409,409,405,401,406,406,400,408,403,405,403,402,409,409,405,402,413,405,414,405,409,409,414,412,400,405,414,405,412,401,413,405,409,409,400,407,414,406,409,405,409,413,405,404,409,404,407,404,412,405,410,409,410,409,413,409,409,405,409,409,409,412,413,413,405,405,413,409,405,402,408,409,412,405,409,402,405,405,413,405,414,405,402,405,414,405,402,409,405,405,404,403,411,405,405,400,403,409,414,406,405,409,406,409,412,405,409,405,404,405,412,405,408,405,412,412,405,405,409,409,413,403,409,409,413,403,409,412,407,410,405,403,413,401,414,405,405,409,409,405,400,411,405,405,407,405,405,404,405,405,402,410,405,403,413,406,405,409,409,409,412,409,404,409,405,401,414,403,414,400,409,404,411,409,411,408,400,409,409,409,402,405,405,409,400,410,409,405,409,409,409,408,414,403,407,405,405,409,405,409,409,409,409,413,405,409,405,405,401,409,405,402,400,409,410,400,405,405,404,403,405,411,411,409,409,405,409,405,401,402,409,405,409,401,409,401,409,409,405,401,413,409,411,402,405,407,409,404,409,409,405,405,405,409,405,413,409,409,409,410,405,405,403,409,405,406,405,413,402,400,409,407,412,405,400,409,403,408,409,409,414,405,405,405,402,406,409,411,405,411,405,405,407,404,405,409,409,409,405,405,400,405,409,403,409,401,409,404,405,405,414,409,405,414,405,405,412,402,409,412,409,400,405,409,401,414,409,406,412,405,409,414,404,411,409,409,402,410,404,411,409,405,405,413,400,409,409,405,405,414,405,400,409,409
g30	2839	5	2	NA	NA	NA	1547,156,1219,2068,2329
g31	480	7	2	1	4	0.5714285714285714	196,123,353,123,123,123,250
g32	189	6	2	1	4	0.48064724608053067	50,57,57,179,56,62
g33	60	20	3	NA	NA	NA	3,37,28,22,3,19,31,37,32,6,46,48,2,48,44,46,25,39,1,36
g34	60	200	9	2	162	0.6480590276892052	38,38,38,32,34,32,6,8,25,33,38,37,48,32,34,38,29,14,38,56,33,32,32,32,35,50,32,32,37,24,32,32,38,30,32,11,32,32,32,1,41,32,53,25,38,9,32,32,15,38,38,38,53,11,1,38,39,47,43,38,14,32,34,38,1,38,38,32,27,8,32,37,38,38,16,32,32,38,32,36,32,34,56,32,34,38,38,22,37,32,38,38,38,36,34,33,30,32,1,38,38,25,38,19,51,34,16,38,38,38,38,35,28,38,38,5,32,4,32,37,38,38,32,4,38,22,37,36,46,38,38,32,32,4,49,38,20,38,38,32,45,38,38,52,10,32,11,56,35,38,38,10,32,38,2,53,38,38,32,38,12,50,38,59,32,5,50,13,38,36,38,38,37,38,38,49,32,38,38,51,38,32,38,51,38,47,38,36,37,38,59,38,37,20,38,34,24,35,32,38
g35	189	110	4	1	106	0.53680410000012591	48,48,43,49,50,49,51,43,53,46,50,48,57,48,51,48,48,47,51,51,48,54,48,53,51,50,45,48,48,48,56,51,51,51,46,47,48,54,43,48,52,45,55,55,51,49,45,53,51,57,51,51,51,47,48,45,45,48,47,48,51,51,53,48,51,54,45,51,48,51,51,53,48,51,51,49,50,48,57,51,51,48,51,54,47,48,50,51,48,51,54,48,49,48,50,48,48,55,48,51,43,51,55,48,46,55,48,48,48,51
g36	1512	20	2	NA	NA	NA	1319,485,1382,793,1134,1009,151,1061,482,286,763,1379,335,316,1411,833,1096,1080,808,135
g37	393	12	2	1	4	0.33333333333333331	242,176,244,278,160,183,183,279,183,377,183,86
g38	128	9	2	1	6	0.66666666666666663	86,85,9,86,2,85,85,86,127
g39	60	200	9	1	174	0.83565863991822642	1,1,1,1,1,5,1,1,1,1,1,1,1,3,5,1,1,1,1,5,1,1,4,1,1,1,3,1,1,2,1,4,1,5,1,1,7,1,1,1,2,1,1,1,1,1,2,1,1,1,1,1,7,1,1,1,7,1,1,7,1,1,1,3,7,5,1,1,1,1,1,6,1,1,1,4,1,3,1,1,1,1,1,1,3,1,1,6,1,1,1,1,1,3,1,1,1,1,6,1,1,1,1,1,1,1,1,1,6,5,1,1,1,1,1,4,1,1,5,1,1,1,1,1,5,2,1,1,1,4,1,5,7,1,7,7,1,1,6,1,1,1,1,4,1,1,1,1,1,1,1,1,1,1,1,1,1,4,1,7,1,1,4,1,6,1,1,1,1,7,1,1,1,2,2,1,1,1,1,1,1,1,7,1,1,1,1,1,1,1,7,1,1,1,1,5,1,1,1,1
g40	189	200	5	1	137	0.36609407688141454	108,109,48,131,100,100,100,100,109,11,109,109,100,109,19,99,100,100,106,106,100,38,109,100,103,100,105,109,100,109,103,100,105,100,109,109,109,100,102,109,104,109,43,100,109,140,17,100,109,109,108,77,95,109,37,100,59,100,100,100,127,100,100,100,104,109,109,100,169,100,186,17,100,41,76,55,109,152,103,144,108,103,101,100,109,104,100,100,100,76,109,109,104,100,100,42,46,184,109,100,109,100,109,19,109,109,102,100,100,100,109,100,177,100,109,109,100,136,100,109,17,5,100,100,109,130,166,8,150,14,146,146,100,109,100,20,139,99,109,100,108,102,109,97,100,122,81,103,100,100,109,179,104,152,8,108,105,109,100,27,109,100,108,100,109,104,175,109,183,109,100,30,105,109,139,100,100,67,105,50,140,100,100,58,109,39,106,109,109,100,100,100,157,100,109,100,160,182,109,109
g41	480	60	2	1	57	0.49280776503073431	54,45,50,54,54,59,56,51,54,47,59,54,52,53,55,55,54,54,54,56,50,53,58,50,54,54,59,55,50,59,58,49,50,50,48,49,50,50,48,56,54,50,46,54,54,45,54,50,54,52,52,55,50,50,50,53,54,50,50,50
g42	393	35	2	NA	NA	NA	38,84,173,243,115,119,222,350,226,96,355,179,45,131,95,244,326,320,231,221,152,360,140,138,178,363,261,258,301,204,169,245,273,35,249
g43	393	6	2	1	2	0.33333333333333331	391,268,252,242,391,2
g44	189	20	2	1	16	0.72677669529663691	91,30,31,30,31,30,31,30,65,30,77,30,31,30,30,31,30,30,105,30
g45	1512	35	2	2	34	0.76688543593342096	1043,1043,788,1045,785,788,788,792,1043,784,1041,788,791,788,1043,1047,1049,1043,788,1043,788,788,1043,1043,790,788,783,790,1043,788,786,1043,1043,1043,1042
g46	2839	110	2	1	65	0.33469457150029197	2068,2362,1736,1745,306,505,1736,1382,1745,2319,1037,1736,925,1745,1742,1736,1745,1745,1736,1745,1745,1745,1736,680,1745,1736,1736,1736,1745,2363,1739,1547,994,1736,1736,342,1411,1736,988,1741,895,1736,309,1739,1745,2523,1742,1745,1745,1738,1745,1736,1745,2823,1745,1745,1745,758,1745,1743,1659,321,1745,8,2344,1745,75,1736,820,2049,1745,1738,1745,1745,1745,916,1736,1736,1745,2513,1745,1740,427,1745,995,1292,1745,2793,692,278,1745,1912,964,1740,2004,1736,1745,2476,1738,1736,1745,1736,1743,1745,1736,2228,2141,464,917,1737
g47	393	7	2	1	5	0.5966823850423767	232,233,239,233,237,240,232
g48	393	60	2	5	20	0.23607022603955158	280,315,64,32,336,89,96,112,160,349,75,78,69,204,180,121,218,355,181,137,28,319,190,115,83,217,337,128,293,116,45,251,332,60,236,99,181,77,186,185,235,68,283,238,367,64,145,179,355,349,238,139,64,273,196,382,212,393,93,264
g49	393	12	2	1	5	0.34806472460805304	280,40,78,141,280,280,18,190,184,275,180,280
g50	60	7	2	1	3	0.31096809932809094	5,1,46,41,52,57,46
g51	60	9	2	2	9	0.82043149738702037	42,32,45,40,32,40,39,33,33
g52	741	7	2	1	3	0.33622191294189624	439,565,384,565,525,562,551
g53	2839	9	2	1	8	0.30683170961162193	1398,1394,1397,1402,1394,1401,1396,1397,1400
g54	128	5	2	NA	NA	NA	26,102,95,106,43
g55	189	6	2	1	4	0.66666666666666663	141,153,141,141,66,141
g56	1512	7	2	1	2	0.2857142857142857	746,662,668,1480,967,444,662
g57	480	110	3	3	102	0.78035304331665301	227,179,227,181,271,223,179,271,227,175,271,271,271,179,227,227,271,268,231,179,271,231,179,228,179,267,227,230,227,179,269,183,227,179,179,265,274,179,180,227,270,227,179,271,231,271,227,180,227,270,227,180,227,179,179,271,227,179,227,272,227,227,271,271,227,179,231,227,227,227,179,225,183,266,271,275,226,185,267,227,272,227,183,231,179,271,227,179,173,227,271,179,179,231,267,183,179,227,274,227,227,179,275,227,276,179,179,227,272,179
g58	741	20	2	2	14	0.58169417382415922	576,468,576,633,522,582,578,576,98,582,577,211,582,576,411,582,582,84,430,582
g59	741	360	4	1	360	0.60831569003084984	641,636,640,641,637,642,645,642,636,642,637,642,638,648,641,647,641,642,639,641,642,641,647,636,647,641,646,642,642,636,641,640,642,638,646,642,642,641,641,644,638,642,641,642,641,649,641,643,640,641,638,641,641,641,639,641,642,642,642,646,641,639,650,642,650,636,638,641,640,636,640,642,641,641,642,642,642,641,641,641,640,647,641,643,644,638,638,642,637,642,642,644,641,639,642,641,642,647,644,642,641,641,637,640,644,641,642,642,648,645,642,647,642,641,646,642,641,640,648,642,642,644,642,642,643,642,639,642,641,641,641,647,642,642,640,641,642,637,642,636,641,636,647,641,641,641,642,641,641,648,642,641,639,642,647,641,645,643,647,646,641,643,642,641,642,642,649,639,641,641,642,645,642,641,642,642,641,642,641,640,642,643,644,642,641,647,636,648,638,642,642,642,638,641,641,641,641,642,649,641,640,648,649,644,641,636,640,647,639,644,642,641,642,641,644,642,646,642,641,641,639,642,638,647,637,642,649,642,641,640,641,637,636,647,642,638,644,641,638,642,641,642,644,644,650,642,649,642,644,641,641,646,642,642,641,638,641,642,644,636,642,642,647,637,642,641,641,641,641,645,649,639,649,646,640,642,641,644,642,642,642,642,644,637,639,637,640,641,641,641,648,649,641,641,641,645,646,641,641,641,641,641,647,646,642,641,641,650,641,649,637,641,641,642,641,650,650,642,642,641,642,648,641,642,643,650,642,642,642,647,641,641,642,648,648,642,646,649,641,641,639,637,640,643,649,641,642,641,647,641,643,642,642,639,640,645,642,642,642,644
g60	741	12	2	NA	NA	NA	410,470,693,38,676,687,243,318,731,106,574,232
g61	480	9	2	1	7	0.77777777777777779	76,44,76,76,76,76,76,309,76
g62	393	35	2	1	17	0.43030457633656632	6,10,10,157,6,10,99,216,182,108,6,58,6,82,139,9,9,6,79,6,9,141,297,321,10,10,369,208,311,10,314,10,183,166,6
g63	480	6	2	NA	NA	NA	74,70,71,77,45,64
g64	128	7	2	1	5	0.6071428571428571	20,16,16,16,127,62,16
g65	2839	35	2	1	32	0.55336116248912237	1146,1139,1139,1139,1132,1136,1143,1132,1137,1137,1137,1144,1140,1139,1136,1138,1137,1132,1146,1139,1137,1139,1138,1139,1137,1146,1140,1143,1137,1139,1139,1141,1145,1137,1139
g66	1512	6	2	NA	NA	NA	1459,715,389,787,472,1138
g67	480	9	2	1	8	0.88888888888888884	19,104,104,104,104,104,104,104,104
g68	60	35	4	1	26	0.33966643470642216	9,26,9,8,8,11,9,6,22,4,4,8,4,9,4,12,8,8,4,4,8,27,10,48,8,48,32,12,4,27,1,36,4,12,9
g69	1068	12	2	2	12	0.66383252147247762	529,110,525,108,107,524,108,529,108,114,110,107
g70	393	7	2	NA	NA	NA	253,23,375,18,107,132,16
g71	189	20	2	1	18	0.68124999999999991	53,54,55,54,53,56,54,49,48,54,51,55,54,53,49,53,52,53,57,58
g72	128	35	3	NA	NA	NA	95,121,84,21,126,118,55,78,112,24,17,105,84,27,30,77,33,49,12,113,16,33,72,50,83,45,85,115,30,32,42,48,68,121,57
g73	2839	5	2	NA	NA	NA	535,2785,2190,707,2695
g74	1068	60	2	1	40	0.41296957655086702	1003,980,1003,599,483,1002,124,961,1003,1002,1009,1007,1003,1003,1003,431,1007,1009,751,195,923,1002,1003,428,1002,1066,1003,1007,892,1009,1003,1007,583,1007,1003,1003,1007,1009,837,1002,1007,131,1009,180,1002,1002,1007,336,39,1002,1002,1002,1003,1002,314,1003,1007,1009,690,1003
g75	2839	60	2	4	55	0.71139174464903221	411,1662,355,355,405,405,355,349,1665,355,355,411,411,1668,1661,1665,355,411,1667,410,1669,1668,355,1664,1660,355,414,1668,416,351,1665,408,1665,1664,411,1670,355,411,412,411,355,1665,1665,411,411,1659,355,407,1666,410,355,1665,411,350,1660,414,355,360,359,1670
g76	1068	60	2	3	40	0.57507402897069315	31,56,692,52,46,342,56,127,56,56,54,46,46,46,49,472,46,56,56,46,56,527,205,1064,56,1026,221,205,56,52,583,648,56,56,56,46,56,56,46,46,838,984,46,46,524,56,48,82,56,56,658,52,762,775,821,324,56,56,52,971
g77	189	200	5	1	196	0.66665895558284427	145,144,145,153,146,145,144,145,140,145,145,144,144,146,145,145,152,152,140,140,145,151,146,145,147,144,143,145,145,144,142,145,141,145,144,148,144,144,144,145,145,145,145,140,144,151,142,145,150,144,144,144,145,149,144,145,145,143,144,142,152,153,143,140,140,145,151,144,144,144,145,144,153,141,144,144,147,143,144,143,149,144,144,139,141,152,144,144,144,144,147,139,145,152,145,150,147,145,146,140,149,145,149,145,145,145,140,152,141,141,145,144,142,144,140,145,144,145,141,151,145,144,145,145,144,149,150,143,144,144,145,146,144,144,144,144,140,145,144,144,145,145,148,145,152,145,140,141,139,147,145,147,145,144,139,147,145,145,139,143,151,145,142,144,150,151,145,145,151,144,145,145,148,144,144,145,144,152,139,145,143,144,147,149,144,152,144,150,144,144,152,145,139,144,148,140,144,139,145,144
g78	189	9	2	NA	NA	NA	9,27,4,79,92,187,99,23,77
g79	480	35	2	1	21	0.59999999999999998	183,183,250,183,183,183,183,70,383,183,71,183,183,445,309,183,183,183,183,429,46,183,37,467,183,57,183,376,183,183,183,20,271,183,183
g80	480	7	2	1	5	0.67244382588379248	352,461,353,352,352,352,218
g81	741	110	2	2	107	0.75770652946650019	470,470,557,470,464,470,473,557,561,556,470,470,470,551,551,470,556,556,467,556,470,559,556,556,562,464,470,556,556,470,560,556,470,556,562,556,474,559,561,550,470,556,470,556,470,556,464,470,562,464,473,562,470,470,465,556,472,469,556,556,555,556,470,556,471,470,470,556,553,551,556,465,556,470,556,557,472,470,470,556,556,470,556,556,470,556,470,556,556,561,470,556,555,470,470,474,560,472,556,556,470,470,470,470,470,470,469,475,559,556
g82	480	7	2	1	6	0.7857142857142857	290,173,173,173,175,173,173
g83	393	60	2	1	58	0.61192264880723846	283,283,283,282,284,281,283,284,284,291,284,284,286,283,283,281,284,285,288,283,281,283,283,284,289,287,286,283,279,284,288,290,288,288,284,284,284,283,284,278,283,290,283,284,284,285,286,292,288,284,283,290,283,289,284,280,284,283,285,283
g84	480	6	2	NA	NA	NA	45,431,254,176,41,187
g85	1512	9	2	1	6	0.66666666666666663	546,866,866,487,866,866,866,866,160
g86	60	360	13	2	301	0.77924492942514445	13,18,15,13,7,18,18,13,13,18,55,60,17,13,13,18,13,18,13,13,26,13,13,18,18,18,18,13,18,13,13,13,29,13,18,18,13,18,18,53,18,18,18,13,20,18,13,13,13,18,18,59,18,13,18,18,13,25,59,13,13,13,18,13,18,18,13,25,18,26,13,13,18,31,10,13,13,18,20,18,2,13,38,13,1,31,13,47,18,13,2,13,13,13,18,59,18,18,33,13,13,13,13,18,13,18,13,13,20,13,18,13,18,16,18,13,13,18,13,13,39,30,9,18,18,15,13,13,18,13,13,51,18,13,18,60,18,13,23,11,19,18,44,18,18,13,36,13,18,13,18,13,18,58,13,13,13,13,18,18,18,31,18,40,18,18,13,13,18,13,18,13,18,32,18,18,1,18,18,18,13,24,57,19,13,55,8,13,18,48,57,13,18,13,13,18,18,18,13,18,18,18,52,13,18,52,18,13,14,13,58,13,13,13,18,16,48,18,13,15,28,18,18,30,44,13,13,18,13,18,18,13,13,18,37,13,13,31,13,18,44,18,18,13,18,13,13,28,53,13,13,17,16,13,13,18,23,52,18,13,3,21,18,13,18,42,59,13,48,45,13,58,11,18,57,13,6,13,18,14,18,18,11,18,51,13,36,18,18,13,8,18,13,13,18,59,18,18,11,18,13,18,13,18,13,13,18,13,18,13,13,13,13,13,13,18,18,18,25,18,13,5,31,13,18,13,56,18,13,13,18,13,18,18,13,13,13,18,3,13,13,18,13,27,44,13,13,53,13,13,18,18,18,18,13,13,51,18,13,18
g87	1068	6	2	1	4	0.66666666666666663	554,838,836,554,554,554
g88	393	110	3	2	73	0.38645825127350591	260,68,71,68,17,68,75,75,75,75,75,71,75,210,74,69,75,75,75,274,119,68,309,68,75,72,68,140,353,75,75,68,68,244,14,75,75,68,323,268,242,138,353,120,68,350,70,240,68,230,68,203,68,68,68,68,75,73,146,210,75,68,68,75,74,306,381,68,75,68,189,68,68,74,75,75,381,71,75,75,68,73,75,159,68,332,353,68,274,26,223,68,68,75,72,75,95,71,75,75,75,75,68,68,75,113,68,71,75,69
g89	393	200	4	1	195	0.51413963274038288	320,324,312,312,312,317,320,317,317,320,317,320,317,312,323,315,317,320,315,317,320,324,320,319,317,312,317,320,322,324,317,318,319,325,320,326,323,317,326,320,317,317,317,314,322,326,317,317,324,322,317,317,317,312,325,320,316,317,325,317,317,313,320,320,317,323,322,317,318,314,318,320,320,323,318,326,312,317,320,320,325,321,319,323,320,324,317,320,320,324,320,312,320,320,317,316,320,319,326,317,315,320,317,323,320,316,317,317,317,317,319,320,317,320,320,320,317,317,320,325,318,325,320,320,317,320,318,315,320,317,318,317,316,320,317,320,317,322,313,317,314,315,320,318,320,312,317,317,317,321,313,325,320,317,317,320,324,314,324,323,320,320,317,320,320,317,317,317,320,322,314,320,320,320,317,320,317,314,318,326,317,317,326,320,320,318,316,325,324,317,320,320,320,320,316,320,320,317,322,324
g90	189	12	2	NA	NA	NA	53,171,66,137,182,20,136,55,13,3,110,29
g91	1068	7	2	1	4	0.5714285714285714	492,931,492,492,358,682,492
g92	189	60	3	1	44	0.39196278254943945	150,150,179,148,127,145,103,145,145,88,150,145,118,148,145,144,144,67,73,148,148,153,144,13,144,150,148,126,51,156,144,150,145,150,20,150,144,150,150,150,144,144,148,150,175,150,183,145,148,167,144,21,145,150,148,150,144,150,148,150
g93	128	20	3	2	13	0.57651650429449552	36,109,114,76,69,36,71,109,78,36,36,74,112,109,36,36,69,109,30,109
g94	60	7	2	2	8	0.91811095647094798	18,18,22,27,18,18,27
g95	1512	9	2	2	11	0.82856742013183848	968,963,965,963,965,971,971,969,965
g96	741	12	2	NA	NA	NA	233,616,614,437,332,721,4,53,599,137,162,451
g97	1068	7	2	1	2	0.2857142857142857	879,1066,968,767,767,384,179
g98	480	35	2	2	23	0.59856421338016663	386,220,458,26,113,114,120,113,113,23,50,120,67,113,114,434,120,114,120,114,113,113,234,363,113,114,120,114,120,120,75,176,114,113,113
g99	189	5	2	NA	NA	NA	71,23,17,67,18
g100	480	200	3	2	132	0.35048478079756895	184,184,181,184,282,375,55,176,184,184,184,176,263,176,176,363,176,184,145,145,420,184,184,176,185,176,148,451,184,435,184,210,232,176,180,182,50,201,176,176,354,18,103,176,94,184,184,362,27,176,184,176,183,220,293,184,179,183,184,176,176,176,184,176,184,176,176,176,441,181,184,184,184,178,303,176,176,177,176,176,338,176,184,150,38,117,182,415,319,480,180,176,184,176,180,176,176,365,175,184,184,176,184,176,387,184,340,176,55,184,181,184,470,178,181,291,176,479,268,184,184,184,184,176,176,200,187,207,179,176,179,200,183,176,438,184,176,475,184,184,451,184,6,181,184,176,403,176,184,176,340,396,348,207,176,184,177,184,81,219,175,184,123,184,393,179,181,184,176,394,184,184,55,182,180,301,184,176,184,280,404,221,188,58,176,184,24,184,334,184,102,184,176,176,184,85,148,181,335,184
g101	2839	7	2	1	7	0.74387239731236388	931,931,930,927,926,930,932
g102	1512	360	3	4	29	0.057623556987054063	1080,61,551,455,360,411,1308,347,76,149,345,118,692,781,915,980,397,1401,1419,968,608,30,144,172,1394,308,115,253,757,459,1263,957,406,1356,872,1451,254,1005,1306,1318,1462,712,1101,1186,46,729,294,7,267,627,1078,897,517,971,960,323,698,580,886,392,1189,856,313,484,721,1013,382,1090,141,524,1499,1330,1306,1288,1152,518,983,402,975,1119,1015,974,644,536,590,157,409,1246,214,1416,1369,401,387,442,1312,1403,930,39,1371,638,1222,838,900,647,624,1510,980,371,339,1049,452,510,702,162,510,883,1024,1200,1497,285,1045,1485,638,119,447,500,956,1182,1024,149,508,650,593,619,526,319,521,736,915,1413,806,129,1328,1435,86,949,555,1061,1418,828,610,256,851,975,528,226,134,488,67,1161,1502,852,518,117,904,1436,1117,922,1068,795,459,353,331,1088,264,789,107,1000,159,1025,1418,683,41,833,418,940,1237,591,324,980,1003,1218,896,1290,112,617,1250,349,99,817,61,704,785,92,1254,1483,1213,610,1055,852,646,523,481,1062,413,1475,848,1322,747,844,499,322,852,920,835,488,68,1500,256,1485,210,1403,849,594,1379,1491,373,389,198,776,707,1469,967,565,404,848,625,1375,620,374,1075,510,133,396,287,301,272,540,591,309,926,747,43,514,205,231,1400,1296,775,529,406,144,196,289,215,1359,1305,79,1197,341,344,1398,521,434,1275,872,322,689,683,1010,848,216,1422,1251,854,1017,678,1398,594,1332,1165,68,211,1178,651,554,97,227,997,1469,67,361,1329,1088,1432,621,1003,846,56,829,1195,7,179,164,298,641,1272,561,242,474,569,1277,48,817,210,646,89,970,50,594,567,665,1200,1245,1151,1255,1051,1270,1072,1457,892,1056,813,792,1212,811,353,514,1304,1117
g103	60	200	9	1	88	0.37233757210636104	14,5,1,5,28,50,54,58,22,33,32,5,49,5,8,5,18,9,12,11,18,5,10,41,5,5,26,5,49,57,60,10,5,5,42,5,5,48,2,45,30,42,37,47,19,5,5,42,40,5,23,15,5,42,26,6,35,5,40,5,56,34,59,5,55,54,15,52,56,5,41,34,60,5,5,21,14,51,5,4,5,5,17,60,26,11,5,5,32,5,54,30,28,53,35,5,32,12,44,5,27,5,21,5,17,5,17,51,34,18,56,16,5,44,5,43,5,5,5,5,5,8,49,28,5,3,52,5,52,2,7,30,5,5,28,46,39,10,7,5,31,35,31,37,47,14,22,3,4,26,8,5,5,55,5,5,23,5,5,43,5,40,5,8,27,5,53,5,53,58,55,6,52,55,4,54,56,5,44,39,2,5,34,28,5,50,5,28,44,10,24,16,46,5,1,44,5,5,5,5
g104	128	35	3	1	26	0.41591372900969892	43,43,43,19,46,40,43,43,40,46,46,40,43,43,46,43,40,42,46,46,67,24,109,10,46,46,40,46,42,40,40,46,67,43,7
g105	1068	20	2	2	17	0.70821067811865468	539,388,539,539,391,543,385,397,533,392,539,539,539,391,539,391,389,391,542,391
g106	2839	7	2	2	8	0.91811095647094798	321,317,321,312,312,321,321
g107	393	200	4	1	197	0.54551461030678927	101,96,108,103,103,99,104,101,99,109,99,101,98,103,100,109,97,109,103,109,101,99,103,101,99,101,101,99,103,106,109,101,101,101,103,101,101,103,107,103,103,101,103,106,106,109,101,103,96,101,105,103,103,99,103,102,108,101,107,101,101,101,103,104,103,99,109,103,103,101,101,96,103,97,103,103,101,101,98,101,106,101,103,96,101,109,103,108,103,97,101,103,96,110,108,98,101,101,98,103,107,101,103,101,103,103,101,103,101,109,103,101,103,101,108,103,101,103,101,98,103,105,105,107,101,101,103,99,107,101,101,101,103,103,104,109,101,96,101,103,101,103,101,109,97,97,107,103,100,103,103,104,103,105,100,101,103,101,110,101,103,103,99,109,99,106,103,103,103,105,102,106,103,101,103,102,96,99,103,101,99,101,107,101,106,105,101,96,101,108,108,103,104,103,106,99,100,101,100,101
g108	2839	5	2	NA	NA	NA	1931,2721,2601,667,880
g109	480	9	2	1	8	0.88888888888888884	163,163,163,163,163,163,163,163,383
g110	2839	12	2	1	10	0.60059223176554566	2421,2421,2415,2418,2418,2190,2415,2419,1536,2421,2415,2419
g111	393	5	2	1	2	0.40000000000000002	293,267,234,234,269
g112	393	5	2	NA	NA	NA	256,377,248,371,376
g113	2839	9	2	1	9	0.52707982594869207	675,672,670,672,667,677,670,670,676
g114	1068	360	3	5	48	0.081938456964339199	1063,1017,928,260,461,214,198,347,649,490,819,708,366,960,877,34,507,530,927,97,1023,595,12,174,318,105,281,142,59,69,606,152,21,498,713,563,193,90,66,775,839,642,972,313,55,737,13,802,993,838,560,74,206,87,569,723,578,626,1001,989,113,84,411,100,308,291,558,402,811,477,920,140,178,827,24,29,674,617,725,547,917,73,884,921,766,557,312,865,421,50,1011,737,193,406,149,407,7,455,800,377,425,704,1002,298,819,149,568,910,559,145,313,965,1061,563,105,1029,980,347,443,562,868,345,89,264,377,309,86,300,259,283,232,720,719,419,920,23,451,57,475,565,74,429,803,524,1009,105,107,91,337,100,876,127,884,239,996,615,484,50,554,767,822,439,643,414,685,996,487,931,677,408,990,700,89,465,268,826,787,14,100,52,859,714,556,569,327,74,848,650,854,77,194,52,728,355,518,836,292,98,3,467,601,926,502,561,102,908,731,826,117,612,243,876,589,652,63,268,1019,462,877,46,618,879,634,44,893,138,668,768,328,979,977,924,1031,614,36,742,934,575,906,70,159,713,858,37,830,648,723,925,571,739,185,871,457,372,629,583,37,374,215,792,457,484,680,197,59,951,406,646,904,680,649,552,205,253,831,299,104,1057,285,101,468,968,830,1061,491,495,703,100,990,362,716,1047,787,255,353,78,306,599,700,881,870,119,165,146,19,500,307,100,466,650,753,914,767,850,564,160,943,703,761,628,949,871,571,883,802,118,660,686,562,294,163,499,265,833,318,1052,86,191,61,934,288,557,647,600,557,502,298,874,378,758,569,498,150,966,70,761,425,103,144,113
g115	128	200	6	1	157	0.77780330085889915	75,62,75,75,75,2,107,75,32,75,75,75,75,75,23,75,75,75,75,75,75,75,75,75,75,75,75,75,75,75,75,40,75,75,75,75,75,75,75,75,75,29,49,77,75,75,75,11,75,75,75,75,40,75,75,75,75,54,75,75,78,22,75,75,75,37,75,38,75,63,75,15,75,75,113,75,75,56,75,75,75,75,75,75,88,75,16,75,75,75,75,75,30,74,75,75,75,75,75,114,75,75,75,75,1,75,99,75,75,75,75,75,75,84,75,82,67,75,75,75,75,75,75,75,75,75,75,88,75,75,60,75,75,29,75,75,75,30,75,36,75,75,75,75,123,75,75,88,75,107,75,75,69,1,75,75,75,75,75,75,75,47,75,75,75,75,75,75,128,66,75,75,75,75,32,75,75,75,75,75,75,64,75,75,75,75,75,75,75,75,75,75,75,75,75,75,75,61,75,75
g116	741	35	2	1	24	0.52857142857142858	205,205,205,205,422,674,207,272,119,205,469,207,207,291,205,205,207,205,205,205,546,207,205,207,192,585,207,207,207,676,205,325,207,205,207
g117	741	7	2	NA	NA	NA	645,644,651,650,656,298,310
g118	1512	110	2	1	65	0.30503837066371992	109,761,913,262,754,754,761,1089,906,759,1271,761,754,761,730,761,754,754,754,761,624,761,756,4,345,758,1307,205,754,645,352,647,468,1208,1010,760,761,915,761,754,756,761,754,761,469,754,754,754,1257,1207,88,135,1329,756,758,825,761,757,1283,761,757,761,1240,986,754,761,754,754,754,755,761,754,761,761,761,754,1168,761,1015,761,276,761,759,760,754,358,754,761,761,761,491,761,546,754,602,989,998,754,375,755,754,754,1244,700,416,1246,613,751,761,310
g119	741	9	2	1	7	0.36308521699626312	54,49,52,50,55,50,61,55,52
g120	128	12	2	NA	NA	NA	17,90,4,33,75,64,123,30,43,109,93,69
g121	393	110	3	1	42	0.359918093251543	87,11,108,108,72,108,113,108,153,337,108,108,216,108,41,108,169,76,375,258,88,108,236,326,108,108,108,108,327,92,108,279,108,329,198,356,375,109,278,318,108,108,92,191,108,356,108,106,42,108,224,181,108,108,205,325,7,125,346,108,80,296,251,288,108,9,247,55,107,108,11,108,108,183,278,108,4,337,207,242,108,124,241,379,202,20,306,22,162,108,170,122,122,176,328,108,268,108,108,187,108,110,108,276,329,345,108,255,227,108
g122	60	7	2	1	7	0.92857142857142849	21,21,21,21,23,21,21
g123	480	12	2	1	3	0.20833333333333331	69,80,8,9,4,69,22,38,27,11,67,39
g124	128	200	6	1	120	0.35878055097140699	67,103,103,98,96,74,100,103,103,103,126,96,96,103,107,96,96,103,33,96,101,96,96,103,103,102,103,101,13,103,17,102,35,39,103,96,103,103,96,103,96,99,103,103,15,74,103,103,110,96,91,103,103,103,96,13,103,103,96,103,103,96,96,97,103,83,42,68,62,96,96,103,60,96,102,43,96,27,32,101,96,103,102,124,96,96,103,98,103,103,96,96,96,103,80,103,103,103,99,103,103,99,116,103,103,103,113,96,96,111,103,96,126,96,99,100,121,96,100,103,98,48,17,96,97,61,103,127,98,96,118,103,118,96,15,103,80,58,96,98,15,96,96,49,88,5,106,85,101,96,120,20,99,102,96,96,1,41,96,103,103,31,97,55,87,103,103,33,103,40,59,13,97,96,5,30,103,99,102,96,54,27,52,96,52,96,16,87,103,103,104,103,26,96,12,96,96,51,66,103
g125	393	35	2	1	34	0.51488945556540044	125,124,124,120,121,117,125,118,118,123,129,120,124,121,124,118,121,121,129,124,116,121,124,121,121,124,124,124,121,117,130,121,124,118,124
g126	189	35	3	NA	NA	NA	21,65,25,31,163,119,93,22,17,185,138,160,150,33,155,131,11,156,112,20,91,118,29,143,51,29,169,183,10,26,97,38,146,149,5
g127	189	60	3	1	51	0.84511844635310918	39,39,39,39,39,39,39,39,39,39,39,39,39,72,39,38,39,39,39,39,39,39,39,39,27,39,39,39,74,39,39,55,39,39,39,39,39,8,39,39,39,39,39,39,39,39,39,39,132,39,39,39,27,39,39,138,39,148,39,39
g128	128	5	2	NA	NA	NA	35,45,37,51,14
g129	393	9	2	1	4	0.44444444444444442	158,158,158,115,110,158,152,175,109
g130	60	200	9	2	160	0.60271893026590251	29,37,19,59,29,24,29,29,29,36,37,33,11,17,12,20,20,16,44,33,29,58,31,29,36,37,32,34,29,37,51,29,29,48,5,36,38,59,32,2,29,6,31,29,37,58,29,11,29,15,37,11,36,29,37,29,37,50,1,37,35,34,41,2,36,2,26,37,15,33,29,37,29,46,12,30,15,52,30,37,29,3,33,37,29,37,33,37,33,23,29,24,29,29,49,37,29,26,31,29,30,37,32,29,53,37,34,29,37,50,29,28,29,29,5,37,29,37,16,22,29,35,18,29,60,46,30,51,37,33,40,37,32,35,29,37,59,1,37,37,37,1,57,29,28,42,29,33,37,47,29,29,29,37,21,37,37,37,29,24,47,16,8,29,31,29,29,29,29,37,32,54,37,37,22,29,38,37,29,42,37,17,38,29,37,37,37,29,37,1,13,35,37,31,51,37,29,29,29,30
g131	480	7	2	1	6	0.62193619865618188	190,184,182,179,182,184,187
g132	1512	5	2	NA	NA	NA	586,921,486,946,832
g133	393	110	3	1	89	0.79573027350809011	78,78,78,78,78,381,78,78,78,46,78,78,78,78,78,78,78,78,78,78,78,78,78,249,78,151,78,78,294,78,78,78,78,78,78,78,311,150,73,290,78,78,78,78,78,212,19,78,29,78,78,78,53,78,319,136,78,78,59,78,78,105,78,78,78,78,78,78,78,78,78,78,78,78,78,78,78,249,78,78,78,78,78,78,78,78,78,78,78,78,78,78,81,78,78,380,207,78,61,78,78,354,78,78,78,78,78,78,78,78
g134	1068	360	3	1	254	0.48289061231546093	823,823,911,548,823,709,718,823,826,826,823,823,823,826,765,823,823,653,122,593,826,71,826,990,823,826,826,826,826,826,826,826,826,823,688,34,826,1059,823,823,823,826,826,823,247,826,826,375,851,803,826,826,823,329,826,826,823,823,227,826,826,826,823,958,826,826,826,826,823,826,826,826,823,823,1064,823,228,823,826,547,823,826,497,823,1006,823,823,826,1051,826,639,823,823,823,823,188,101,826,826,826,826,962,823,826,447,134,826,823,484,823,823,826,823,826,826,826,823,1050,826,823,515,826,839,823,826,826,965,823,158,339,744,823,873,768,823,664,556,823,281,826,826,13,823,826,823,826,823,823,826,80,823,823,826,826,460,892,823,826,779,826,823,574,823,823,515,823,823,826,826,823,823,826,823,826,53,823,429,133,823,823,823,823,823,826,826,823,823,823,826,779,826,823,823,826,1030,826,823,826,924,483,713,826,826,826,823,826,826,346,826,823,826,826,1063,826,761,975,826,823,826,823,823,573,826,426,823,826,823,826,391,823,379,191,274,823,823,826,826,826,826,823,823,289,683,980,823,812,826,826,823,823,823,879,823,593,823,826,823,451,826,823,823,998,826,161,823,826,823,823,826,823,823,823,260,823,823,826,457,826,826,826,823,826,117,826,964,826,35,823,823,826,826,826,823,826,823,826,697,823,823,826,823,823,823,939,186,547,154,826,823,823,438,823,823,224,850,823,823,826,826,998,869,1029,823,477,997,96,826,823,909,826,826,826,524,823,826,823,110,360,47,823,823,823,8,826,826,36,823,826,708,823,823,823,823,826,823,826,826,826,826,823
g135	128	35	3	NA	NA	NA	21,71,1,53,81,76,77,68,46,49,73,43,69,45,25,58,59,66,70,30,15,58,20,34,65,73,4,14,78,2,2,44,19,51,40
g136	60	110	6	2	92	0.63822682989407875	28,24,40,48,51,40,44,48,48,47,40,25,40,14,34,35,48,40,48,45,48,48,40,40,27,55,40,20,33,16,48,40,44,40,6,48,40,40,43,5,40,48,37,48,40,48,48,25,43,48,48,48,28,20,40,40,45,40,48,5,42,55,40,47,40,47,25,38,40,53,47,48,30,44,48,40,37,46,10,7,48,54,40,16,40,48,48,52,38,16,40,43,40,58,40,44,48,17,47,40,51,48,48,40,40,48,11,48,40,40
g137	128	7	2	1	7	0.68290429798427288	79,74,79,84,78,78,76
g138	393	360	5	NA	NA	NA	332,44,99,210,147,238,255,316,175,38,229,317,117,126,235,69,62,156,161,193,280,341,88,55,57,66,164,120,147,325,49,164,183,46,94,393,168,155,198,149,296,99,4,306,58,316,71,215,350,187,263,176,132,68,276,52,38,219,22,388,389,82,222,302,164,339,380,331,119,277,54,198,350,231,33,240,306,18,261,210,320,337,36,298,100,285,357,84,231,355,35,389,64,300,264,247,184,338,308,228,231,349,385,321,275,186,46,232,364,56,20,39,2,220,262,77,172,163,104,224,206,102,355,120,106,268,274,296,234,39,226,24,233,352,325,190,388,278,95,151,91,346,18,370,235,323,358,4,105,332,276,215,36,87,264,171,245,250,4,56,97,205,275,172,227,333,364,14,290,54,150,220,302,178,77,184,68,148,392,272,193,319,4,216,278,238,77,322,77,121,82,35,246,279,385,45,344,388,270,39,127,146,219,151,162,134,175,309,243,368,297,221,229,27,246,314,269,322,63,79,36,107,55,107,316,33,133,393,232,99,74,219,37,109,265,64,335,381,271,54,65,169,197,389,154,379,2,302,23,274,296,322,17,205,113,281,194,186,145,159,5,182,166,302,261,235,264,259,51,334,70,351,216,254,37,82,109,285,331,61,335,97,193,165,137,228,372,344,146,48,335,329,190,235,194,54,141,209,70,90,26,359,352,250,225,234,293,81,259,101,267,281,325,305,243,96,184,215,250,112,304,310,34,211,268,34,319,98,265,328,279,248,376,360,195,183,392,249,244,193,142,214,386,108,206,26,264,9,371,315,55,32,360,125,295,336,44,389,199,66
g139	189	200	5	1	176	0.87375000000000003	27,6,27,27,27,27,27,27,27,27,27,27,27,27,27,27,27,27,27,27,27,27,27,27,27,27,27,27,27,27,27,27,27,27,27,27,27,27,27,27,27,159,27,27,27,27,27,144,27,27,158,27,37,27,27,27,135,27,27,27,57,27,27,27,27,20,27,27,56,27,27,27,142,27,27,27,115,27,27,27,27,27,27,27,27,27,27,27,27,27,27,27,27,27,27,27,27,27,21,27,27,27,27,27,27,27,27,27,27,27,27,27,27,27,27,27,156,35,27,27,75,27,27,27,27,27,27,37,27,27,27,27,23,27,27,27,27,27,27,27,27,27,46,27,27,5,27,27,27,29,27,27,27,27,27,69,48,27,27,27,27,27,27,27,27,27,27,27,27,27,27,27,166,27,12,27,27,27,27,27,184,27,27,27,27,27,27,27,27,27,27,27,27,27,27,27,27,27,114,27
g140	393	110	3	1	82	0.48863636363636365	84,84,84,80,272,80,93,278,84,72,84,387,80,84,84,84,80,45,84,80,80,80,365,84,80,84,264,80,84,84,80,388,170,84,80,66,80,263,80,80,84,84,84,243,80,286,120,84,80,84,84,84,80,80,312,33,375,84,80,80,80,80,80,84,80,74,65,84,84,153,80,84,80,80,80,80,80,80,80,80,113,84,84,84,80,80,84,280,78,324,80,84,84,84,80,84,80,80,80,322,80,84,84,286,166,80,80,80,38,84
g141	60	360	13	2	339	0.74758163216320972	50,56,45,57,57,45,57,57,44,57,45,54,57,43,45,45,54,47,60,39,55,57,60,45,45,57,45,45,47,60,54,48,45,57,57,57,51,44,57,54,45,57,45,54,52,57,52,42,57,57,46,48,50,45,45,57,57,45,60,45,57,57,42,45,57,60,57,45,44,45,45,45,56,57,45,45,45,45,60,57,57,45,45,49,47,57,48,57,46,57,40,57,45,45,45,54,45,45,60,48,45,45,60,55,57,45,43,45,57,57,45,45,45,43,60,57,45,57,57,57,57,58,51,60,40,54,45,45,57,45,57,45,45,45,44,39,45,45,39,45,45,57,57,44,59,45,45,58,57,57,55,45,60,42,60,57,57,45,45,45,57,45,58,41,51,41,45,57,57,54,57,45,57,57,45,44,45,54,45,55,45,55,51,45,48,57,57,51,51,48,45,59,45,57,45,51,39,48,57,59,45,45,45,54,56,54,57,45,54,57,50,44,49,57,57,45,57,57,57,50,41,41,51,57,57,57,48,57,45,45,57,58,51,46,45,57,54,57,57,56,45,39,57,59,53,45,41,45,60,60,45,57,45,55,57,45,52,51,57,57,45,45,57,57,45,57,45,57,60,45,54,57,53,57,45,43,51,45,41,52,57,45,57,47,57,45,54,57,60,41,57,39,45,57,57,57,45,45,48,60,45,57,57,57,60,53,56,39,45,45,46,45,45,47,47,59,57,53,45,51,45,57,45,56,40,57,39,57,48,45,57,45,45,41,45,45,58,57,50,45,54,45,45,57,45,52,45,45,45,42,50,43,57,57,50,43,60,57,54,45
g142	128	360	8	1	232	0.34633981799026953	27,29,32,85,27,27,27,12,44,34,34,27,34,33,34,28,34,31,31,27,27,31,76,28,29,34,105,67,33,34,32,33,27,34,124,29,27,34,34,34,27,111,21,48,34,27,59,29,120,27,123,34,27,34,27,101,34,28,34,27,34,27,31,33,27,27,34,34,38,51,123,65,34,8,34,27,14,34,27,45,33,30,34,34,33,27,39,39,27,27,94,96,32,122,34,27,47,27,34,119,3,34,95,34,27,34,27,34,42,34,74,30,100,120,35,72,34,27,27,34,126,71,34,31,121,34,34,7,53,34,119,60,99,102,55,34,29,27,27,34,34,34,27,27,33,27,29,94,27,31,49,34,27,30,112,27,27,27,34,38,27,109,27,27,49,27,58,34,34,34,128,34,27,34,34,34,82,27,34,27,108,34,65,118,34,29,34,109,27,104,95,28,34,27,27,28,34,27,34,34,73,54,34,27,34,83,33,105,30,34,31,62,27,34,37,13,34,96,34,124,102,109,34,27,113,71,34,27,34,27,91,34,27,29,34,33,80,30,73,34,34,82,66,34,94,34,34,111,28,34,106,117,62,27,68,102,53,34,61,26,34,34,119,34,27,34,107,71,29,27,34,90,27,27,27,27,93,71,31,31,27,13,27,27,93,93,27,27,42,34,120,71,75,30,27,27,85,19,34,33,34,99,34,90,29,83,77,34,5,124,27,35,34,27,41,29,27,31,29,34,27,27,89,12,34,27,27,120,27,88,90,70,34,29,109,72,121,27,25,34,34,30,34,27,68,30,34,28,63,102,34,34,27,27,30,34,27,84,113,27
g143	189	60	3	1	51	0.2481207911384305	95,89,89,89,93,96,89,92,89,93,98,93,88,89,93,89,89,85,93,93,93,90,89,85,93,98,89,85,93,95,92,93,93,85,93,87,91,93,86,93,85,93,88,92,89,89,98,92,98,86,95,93,89,98,89,87,89,89,93,89
g144	2839	9	2	NA	NA	NA	1127,1773,2201,1815,1627,351,1496,2184,925
g145	60	360	13	1	227	0.57716159609181117	4,27,31,41,59,41,28,51,41,45,41,60,41,41,32,30,41,37,18,41,41,41,41,41,41,41,20,54,26,41,41,41,41,53,48,49,41,27,18,41,41,43,41,41,44,41,42,41,44,41,41,11,32,47,60,41,17,14,32,41,15,44,41,41,9,14,7,41,25,41,30,41,41,41,8,41,41,41,41,41,41,10,50,41,60,41,41,41,33,56,41,18,23,1,41,6,41,20,14,41,41,41,12,41,41,41,41,41,44,41,30,41,24,41,41,42,41,41,3,41,39,41,41,54,37,41,14,41,41,41,41,41,41,41,41,41,18,41,6,10,2,41,54,30,5,41,39,41,32,45,41,13,24,24,41,21,36,20,52,41,4,41,41,41,13,41,41,41,41,41,37,41,41,41,12,31,48,41,41,41,41,22,41,41,41,41,10,41,23,56,41,45,60,25,54,44,35,36,41,45,41,41,4,46,41,41,39,41,41,40,41,4,41,41,53,7,60,41,41,58,55,42,30,11,4,52,49,41,38,57,41,41,41,41,41,39,41,45,40,41,31,54,41,41,4,10,41,41,37,41,41,31,41,41,41,45,41,41,41,1,46,40,41,41,27,41,41,58,59,41,17,52,41,41,41,41,55,41,14,41,29,41,57,41,13,18,41,41,41,41,41,41,19,41,41,41,8,41,41,41,41,18,41,41,41,41,22,41,60,51,41,33,41,18,53,41,41,41,23,13,26,41,41,41,41,41,41,41,41,60,1,41,27,41,4,41,55,29,41,42,41,28,41,41,41,34,4,41,16,41,41,32,41,41,18,31,17,41,41,19
g146	1512	20	2	1	15	0.46249999999999997	1297,1297,1303,1303,1299,266,1299,1297,406,1297,1303,1299,1165,1299,1303,1492,1303,1299,1299,782
g147	1068	6	2	NA	NA	NA	22,139,136,145,30,60
g148	2839	110	2	2	80	0.63109051141477623	601,1302,2025,1310,1307,1531,1302,504,1312,1312,1415,1312,1312,1312,1314,1302,1172,1312,547,160,1302,1302,1312,2635,1612,1312,1312,1384,1312,1308,1304,2491,1312,1312,1302,1302,1312,2207,1309,1312,1432,1310,1302,1312,1312,1312,934,1312,1305,1302,1310,1312,1608,1307,1232,1312,1312,1312,1677,1577,1312,1307,1678,1312,1312,1302,1302,1302,1302,1302,1084,1312,2818,2532,1307,1312,1312,1312,1312,1302,2516,1781,1480,1302,1312,1302,1176,1302,1312,1302,1348,1302,1312,819,1302,1312,1302,2145,1309,1312,1303,2335,1302,237,1312,1312,1312,1312,1312,1312
g149	2839	110	2	1	110	0.48376213422574399	1094,1089,1096,1103,1098,1098,1093,1097,1094,1101,1094,1094,1092,1094,1094,1094,1094,1103,1098,1091,1093,1094,1099,1103,1089,1098,1098,1102,1094,1103,1094,1100,1094,1096,1098,1093,1099,1098,1098,1092,1098,1094,1091,1098,1100,1094,1100,1103,1093,1098,1094,1092,1089,1098,1098,1094,1098,1094,1090,1094,1094,1094,1096,1094,1098,1098,1098,1090,1094,1089,1090,1094,1098,1094,1101,1093,1098,1099,1094,1094,1098,1098,1097,1099,1098,1098,1094,1098,1101,1097,1103,1098,1098,1094,1098,1102,1099,1094,1100,1094,1100,1095,1100,1094,1094,1098,1098,1098,1095,1098
g150	2839	360	2	20	66	0.14538565212453292	2481,1651,2626,2343,1769,1423,2630,2674,848,967,1681,1889,155,1640,213,1070,1018,948,4,822,1684,324,1925,403,2811,2405,48,1026,202,1765,2170,2046,2466,1484,1504,2215,777,2465,982,2262,24,2610,1620,1721,10,2667,2073,915,1071,1303,2147,746,175,330,2751,788,2560,87,1517,1700,2286,1939,34,461,2554,2576,2688,2422,1886,300,2176,453,426,613,667,2692,2689,727,1446,1012,2216,1105,2833,1411,774,1166,1726,2277,1217,1834,1527,2761,2291,2141,2335,240,2168,1197,1488,573,1227,584,1739,835,2333,690,787,630,170,206,2752,1264,1654,401,1160,1755,2176,2288,1360,2214,205,1711,2610,92,1364,632,1364,2336,1405,1101,2509,2326,2224,2054,29,465,2480,597,1307,2486,1313,1489,1664,599,2683,1887,1040,1786,1137,1350,216,68,2336,2164,1393,265,1455,1657,381,539,56,1540,1471,1410,46,1088,1684,249,1742,2199,592,2521,2685,1273,371,1964,2745,1058,630,988,1561,1797,1313,2577,2158,43,581,2761,2777,1895,1800,2425,1588,1384,2120,50,696,1690,2801,2605,968,354,427,1159,2835,2822,2312,1266,253,1412,302,116,894,2185,1220,2329,2223,1441,2301,1290,506,1691,1886,2026,1218,792,1917,1066,1082,2724,760,712,306,1731,1760,860,691,698,527,1121,1756,927,1745,2005,2589,233,842,1265,2805,1617,385,1144,1074,204,1024,1210,2501,2508,2589,2714,627,2133,2101,6,2001,273,576,1100,83,1480,372,178,2270,400,854,902,1265,2296,2319,2281,2819,2592,1175,1517,129,1593,1171,1880,1684,2661,1170,1639,1687,1069,463,2206,946,1513,2524,394,1959,1131,1410,329,966,2234,132,1768,1668,2601,2290,1375,2109,1025,1003,921,820,1721,2752,273,787,524,2398,1041,2369,2825,186,1527,1816,2472,250,2690,1047,282,698,1715,1366,451,776,1660,862,2623,395,149,2080,918,1734,1969,2407,2674,1736,1685,77,1932,84,2813,1777,1316,2259,310
g151	393	35	2	1	28	0.80000000000000004	279,301,307,79,301,301,301,301,301,301,301,301,301,301,240,301,301,301,301,209,29,301,301,301,301,301,392,301,301,301,301,301,301,301,301
g152	741	360	4	1	257	0.38612995952348633	552,515,170,482,313,629,482,484,482,484,479,479,478,484,478,464,479,479,478,478,478,484,482,128,77,479,479,141,252,484,484,484,484,349,479,479,495,482,482,479,482,478,484,615,189,478,479,523,583,482,482,484,484,413,478,273,478,501,231,484,490,484,479,482,482,478,479,478,478,479,714,484,478,484,479,181,342,479,478,112,79,482,134,484,482,482,478,479,478,478,484,479,482,482,482,482,478,606,484,501,482,70,49,478,484,484,484,482,478,678,478,479,229,479,142,484,478,184,267,622,210,482,482,363,479,484,478,478,290,168,52,487,478,484,478,5,479,478,162,137,478,689,484,351,479,478,479,479,484,479,482,482,478,90,602,79,68,484,479,479,363,479,478,484,408,482,484,381,254,457,627,439,461,703,484,484,479,484,484,30,484,478,511,484,478,479,484,242,479,482,479,482,292,23,479,351,479,484,479,482,588,482,479,484,478,484,711,317,482,395,479,484,478,479,482,478,482,479,325,479,484,484,478,484,482,479,484,484,478,479,482,478,484,479,505,478,478,215,484,478,479,482,478,479,484,478,484,551,262,484,478,478,479,475,478,482,484,484,479,478,482,479,484,636,484,478,482,214,478,482,10,675,478,724,478,484,482,639,620,482,479,482,478,479,482,478,600,478,478,596,482,478,484,482,299,555,58,270,441,479,482,479,479,478,478,482,479,478,229,478,482,484,484,482,482,479,607,482,604,246,479,478,482,482,484,479,335,478,478,478,505,478,91,224,43,478,484,479,478,298,484,478,651,479,479,479,478,489,318,450,482,484,484,479,232,479,482,478,479,479
g153	480	200	3	2	191	0.78468276503073442	205,133,202,202,202,133,135,133,133,202,133,133,138,202,133,200,133,202,202,202,133,208,198,200,133,133,133,202,202,202,201,137,202,205,203,202,202,202,134,133,132,197,202,133,202,202,202,202,202,207,133,133,133,136,202,133,133,202,133,208,202,202,202,131,202,202,127,133,133,202,133,205,204,202,133,202,133,138,197,202,202,138,206,201,201,139,130,196,133,133,196,207,133,136,207,133,133,133,202,127,133,198,133,133,202,133,202,133,202,197,136,133,133,133,202,199,203,131,202,136,133,133,202,199,133,133,203,129,202,201,133,202,202,133,133,133,199,133,132,132,132,202,135,202,202,133,132,202,131,133,201,135,133,202,202,201,134,136,202,133,202,202,202,138,202,136,202,202,133,133,202,202,202,133,202,133,133,202,202,133,202,202,133,133,207,202,208,196,133,133,128,202,133,129,136,202,196,202,208,138
g154	1068	9	2	NA	NA	NA	883,903,367,752,40,13,180,113,42
g155	128	360	8	1	342	0.52634671970585778	79,76,77,76,76,79,79,76,76,76,84,85,83,83,85,77,79,72,80,82,76,79,76,76,74,80,79,79,76,79,79,79,74,79,76,76,76,73,71,79,76,82,74,83,76,78,76,74,81,83,76,79,79,79,79,76,76,76,80,77,79,79,76,79,79,78,79,84,76,79,76,79,76,74,79,75,79,76,78,72,72,76,76,78,79,76,78,79,76,76,76,79,75,79,84,79,76,79,76,85,76,75,83,74,76,79,83,76,77,77,76,79,71,79,76,72,76,71,79,75,79,76,76,75,80,79,76,76,85,72,78,76,76,79,85,71,79,76,73,79,76,76,79,76,76,76,79,85,79,72,84,76,76,79,82,74,71,79,79,76,76,72,76,79,76,83,76,80,79,79,73,71,74,82,79,80,78,76,79,78,76,76,83,75,76,72,73,76,79,79,76,74,79,84,73,76,75,74,76,72,83,76,76,76,85,79,71,82,72,75,71,72,76,79,79,79,78,79,76,84,79,71,79,79,85,76,85,78,85,72,73,74,79,76,76,79,81,72,76,79,76,73,79,72,76,79,79,79,76,79,85,79,76,71,85,79,71,77,78,77,79,81,76,76,82,71,79,79,73,76,76,73,76,79,79,79,79,84,79,79,71,76,79,74,81,76,79,72,79,83,77,79,79,79,79,76,75,79,76,85,76,79,79,85,76,79,74,76,79,77,76,76,76,72,71,77,74,73,76,76,73,76,76,82,76,85,72,71,79,76,76,79,79,77,82,76,79,79,75,79,78,75,80,76,71,72,79,79,78,79,74,82,76,76,79,82,82,76,82,79
g156	60	35	4	NA	NA	NA	18,40,23,51,43,31,28,32,49,30,24,52,35,40,38,42,48,20,40,14,48,2,49,10,11,60,2,39,3,31,32,25,55,32,45
g157	1512	35	2	1	19	0.54285714285714282	927,106,1056,927,398,393,927,927,711,927,927,1361,927,182,422,1033,927,927,927,479,762,927,927,927,640,927,614,294,927,927,927,1296,1093,927,927
g158	741	110	2	2	80	0.66070608663330621	679,679,187,115,679,684,685,684,460,679,473,684,679,685,685,685,679,361,685,679,685,1,250,520,684,685,30,685,679,454,389,679,70,679,679,685,679,387,679,490,685,684,360,373,685,685,679,684,421,515,679,685,476,679,228,685,684,685,679,54,679,679,684,679,685,684,684,685,684,685,684,679,679,685,684,684,684,87,684,685,684,603,679,685,684,685,685,685,685,684,684,323,117,679,694,685,247,685,684,679,198,684,685,685,684,100,684,684,434,685
g159	1512	7	2	NA	NA	NA	832,431,688,455,84,460,707
g160	2839	5	2	NA	NA	NA	2631,1999,1997,2057,654
g161	128	200	6	1	192	0.51139691546018384	23,22,24,24,20,25,25,23,31,23,30,24,23,23,23,27,23,30,20,21,26,27,29,29,23,22,28,23,24,23,27,27,23,25,23,23,31,22,27,30,27,18,23,23,26,28,31,23,27,27,29,29,24,23,18,23,23,27,27,23,23,27,23,23,20,23,23,22,23,27,27,27,18,27,23,25,25,30,27,27,23,18,23,23,32,22,19,23,25,27,32,27,27,27,23,23,21,19,26,25,27,23,23,27,24,23,27,23,26,29,27,23,27,23,27,21,24,25,19,20,18,27,25,27,25,20,27,20,26,19,21,23,30,23,30,22,27,27,23,19,27,23,23,30,27,30,30,19,23,29,27,22,23,27,23,23,27,28,26,25,23,27,30,24,27,27,27,23,27,21,27,23,27,23,29,27,27,27,27,23,27,32,27,27,23,23,23,27,32,27,31,23,27,31,23,23,20,22,26,26
g162	2839	9	2	NA	NA	NA	1502,2178,58,1931,1976,1516,781,2473,2220
g163	393	7	2	1	3	0.42857142857142855	347,347,98,370,358,366,347
g164	1512	12	2	2	7	0.58333333333333326	680,113,675,224,683,604,523,683,122,675,680,675
g165	60	110	6	1	92	0.59179743855740929	39,39,41,40,40,34,41,44,36,39,41,41,42,39,39,36,45,41,39,39,45,39,41,35,43,38,39,39,37,46,41,39,39,39,41,41,45,41,37,39,39,37,39,43,42,41,39,39,39,41,41,37,41,39,40,38,43,45,41,40,38,41,33,43,41,41,39,37,39,41,39,39,39,37,41,35,43,37,41,41,39,40,33,39,39,39,45,41,41,36,41,41,39,46,36,45,41,45,39,41,45,39,35,39,45,38,41,38,41,41
g166	393	20	2	2	16	0.64937184335382292	351,274,344,352,346,348,344,351,8,344,351,344,390,133,392,351,64,351,344,351
g167	480	5	2	1	5	0.69999999999999996	227,231,227,231,227
g168	60	110	6	1	33	0.16894209949808195	58,36,6,15,18,10,16,56,31,17,3,39,22,2,60,2,12,19,41,26,11,29,33,17,49,14,16,54,8,30,41,2,43,17,14,5,12,58,51,60,41,60,37,35,47,20,13,57,4,46,8,26,59,45,31,15,28,43,23,31,3,13,14,18,51,43,32,16,20,16,32,11,25,42,14,19,47,41,10,48,22,12,3,19,34,24,14,15,14,2,56,38,57,59,18,48,56,14,46,46,14,59,55,35,32,5,29,34,47,39
g169	128	35	3	1	29	0.82857142857142863	29,29,29,29,29,29,29,14,29,59,29,29,29,29,65,29,29,29,29,29,29,29,29,120,29,29,29,29,29,29,29,29,4,63,29
g170	1512	9	2	2	7	0.77777777777777768	1360,1359,1366,486,1366,1171,1360,1366,1359
g171	393	35	2	1	2	0.057142857142857141	247,1,43,78,25,111,208,188,129,124,179,153,16,61,238,277,17,1,157,144,240,250,146,96,284,205,187,215,95,266,196,48,291,158,8
g172	480	12	2	2	8	0.5736569563735987	251,159,418,390,257,251,257,257,252,6,146,257
g173	393	35	2	1	33	0.58900110791708193	26,33,31,34,34,29,27,37,29,37,29,31,29,31,31,28,33,29,31,31,35,31,34,31,31,29,31,29,30,31,29,28,31,38,37
g174	741	360	4	1	11	0.019409546852990161	738,593,171,631,404,287,20,660,248,697,681,393,256,729,219,76,483,354,201,151,505,386,20,346,545,442,592,170,711,305,253,538,659,428,455,304,620,340,498,387,60,45,52,446,720,476,6,487,371,593,460,564,729,569,58,58,99,172,650,535,194,441,77,310,312,138,453,395,138,308,494,690,54,54,389,406,111,553,281,686,450,415,523,638,463,427,221,490,527,102,65,517,581,645,117,498,400,28,220,143,341,166,728,615,629,89,647,303,379,219,355,127,723,466,244,105,280,211,320,603,523,316,515,307,26,190,520,556,118,68,711,465,185,120,575,1,569,128,383,436,464,532,347,389,585,729,22,216,203,402,424,433,345,613,160,473,673,637,188,338,351,601,22,203,528,734,265,182,415,503,91,183,650,590,480,343,425,352,113,563,399,530,597,655,298,428,11,146,426,108,598,534,54,356,319,494,190,517,471,532,268,661,638,411,18,327,323,430,334,550,428,370,479,400,139,149,111,428,239,647,697,441,61,493,406,171,344,585,708,134,62,510,697,330,107,533,284,57,114,525,44,148,212,528,256,669,499,232,68,458,76,542,77,273,307,596,70,630,508,490,573,656,298,267,548,605,365,300,114,20,618,197,659,326,394,169,237,234,289,430,415,673,146,712,256,65,348,466,376,94,355,177,372,449,310,291,86,254,713,40,704,630,342,39,241,71,142,26,473,225,473,676,723,322,221,368,165,304,380,292,240,508,109,251,12,299,712,496,530,295,384,329,627,179,393,3,450,95,541,647,73,6,628,132,390,615,588,50,489,559,579,104,687,126,288,625,41,609,577,531
g175	1068	110	2	2	87	0.79090909090909089	167,620,167,167,167,541,167,321,167,440,167,167,167,167,167,167,167,167,167,167,167,31,167,167,145,167,90,167,167,167,167,167,645,627,167,167,167,629,167,167,167,845,167,419,167,167,1036,167,167,167,167,167,167,167,243,263,253,167,167,167,167,167,167,167,167,824,167,167,167,167,167,167,167,722,543,167,167,167,167,167,167,167,167,167,167,167,167,167,167,167,167,167,415,236,167,34,167,167,167,213,167,167,793,167,167,167,167,167,167,620
g176	60	5	2	1	3	0.45000000000000001	18,9,3,13,9
g177	60	200	9	2	193	0.74531538584874668	20,20,20,20,20,32,23,20,32,20,20,33,23,18,20,32,20,32,20,14,19,32,32,20,32,32,21,15,31,32,27,32,20,32,32,36,18,32,32,20,20,20,20,20,21,32,36,32,29,33,17,32,20,32,24,27,20,35,20,20,25,29,20,20,20,20,32,15,23,32,29,32,38,32,31,20,30,20,33,19,20,32,20,32,29,32,19,15,14,20,25,35,20,20,19,32,32,20,19,32,32,20,20,20,32,38,20,30,20,20,17,20,20,30,32,35,32,19,38,38,20,30,32,20,20,23,27,20,32,20,17,36,20,20,31,30,23,32,19,38,20,28,32,20,31,20,28,32,33,32,20,35,32,34,24,32,32,20,32,19,23,32,14,20,26,36,20,32,30,21,17,20,32,33,20,30,32,20,20,20,16,32,34,22,35,32,27,20,32,29,20,19,20,32,27,36,38,18,32,32
g178	393	110	3	1	63	0.34896804896822359	113,113,34,120,122,388,118,155,113,158,356,291,180,120,137,150,122,122,185,122,118,102,120,231,115,113,113,48,116,115,122,26,122,113,357,223,122,250,122,122,118,113,171,113,119,122,285,122,122,117,70,122,115,122,121,276,113,122,389,113,277,113,230,167,122,246,241,39,366,122,196,113,113,122,122,34,344,122,122,134,303,122,61,122,122,113,113,35,113,113,122,122,122,113,122,122,120,113,283,113,312,103,122,122,122,116,350,128,39,122
g179	189	6	2	1	6	0.78451779686442458	171,170,170,168,168,170
g180	2839	200	2	9	23	0.1003033008588991	245,1322,2522,1176,2704,1529,506,419,1254,2704,286,1854,61,567,204,611,2640,2522,1054,1871,2068,2714,685,88,1206,1709,551,1151,1876,2168,1890,468,2756,608,2725,366,742,2157,1974,2144,696,2391,307,2247,2512,873,2249,887,2055,1023,1866,1382,1703,172,2238,2339,669,733,1014,113,2585,1237,1413,2236,2523,2730,886,1623,287,2087,1468,2221,1440,534,1206,2603,323,671,2006,470,1731,230,1494,696,103,2652,993,1541,537,333,634,2119,1390,407,587,1089,2036,2540,984,737,2204,1477,892,230,804,1395,1426,1357,1306,346,958,877,1341,1591,1000,1290,225,2254,1647,2610,1074,2497,2564,1986,844,2507,1229,2219,1368,2615,1329,2634,2214,1008,289,2266,2250,1836,1642,610,413,861,2266,1196,448,1132,2498,543,1070,694,2068,964,1402,860,1165,2594,574,101,1609,1145,1777,1596,1417,1150,2003,2777,2556,1506,658,625,800,220,1865,1958,2559,1580,739,2041,884,1179,2279,1453,396,2268,1899,2023,13,706,1903,2436,2295,892,2726,1987,2493,176,634,189,1546,1147
g181	189	9	2	1	6	0.66666666666666663	149,183,149,149,149,149,185,149,82
g182	480	20	2	1	14	0.44767135623730947	79,188,189,173,205,419,193,189,193,118,188,188,188,188,188,233,189,193,193,194
g183	741	6	2	1	2	0.33333333333333331	1,2,7,138,138,4
g184	189	9	2	3	8	0.7648759418314649	160,9,153,160,166,77,161,166,9
g185	1068	7	2	1	7	0.62626906806902627	408,411,413,408,408,406,411
g186	60	360	13	1	71	0.098753181572392268	3,9,7,51,49,7,12,42,55,45,42,30,46,40,20,35,26,40,12,8,24,32,26,3,7,25,20,24,14,51,17,45,11,60,26,60,45,27,10,18,39,55,35,39,20,3,25,6,60,29,46,43,22,52,13,28,4,35,20,41,9,49,38,25,49,29,57,4,9,59,45,33,15,43,5,41,10,31,47,42,24,8,21,38,16,1,3,35,60,17,54,18,40,7,60,48,46,20,17,7,4,22,18,58,38,49,60,38,24,23,10,24,12,10,26,27,5,9,22,39,59,25,22,30,31,3,46,47,21,37,13,41,40,7,46,28,24,42,38,35,56,49,13,14,30,45,14,7,30,37,45,23,27,27,15,6,16,43,60,52,12,54,11,28,49,15,43,1,33,24,2,4,51,45,1,43,3,16,40,50,23,38,36,56,4,54,20,35,28,48,22,55,40,9,54,1,57,11,16,38,45,12,56,45,55,19,59,54,6,36,28,36,23,51,57,46,13,27,46,58,28,37,37,31,26,14,42,46,16,8,27,33,3,18,60,42,22,45,33,24,32,11,2,41,2,60,7,33,48,37,38,5,34,7,50,60,32,57,29,41,57,1,19,31,19,9,43,29,12,46,18,11,18,21,21,52,58,58,6,4,50,20,45,26,1,21,39,45,26,22,45,5,49,33,5,13,51,1,58,54,2,19,59,60,20,39,21,30,51,55,26,54,55,52,37,37,20,18,52,41,55,1,41,6,50,40,49,23,33,38,8,5,45,9,6,44,2,1,20,51,55,8,12,40,18,45,39,13,18,10,40,51,22,18,5,54,41,18,27,35
g187	1512	360	3	1	257	0.71168640772551828	737,616,961,961,961,961,961,1483,961,206,961,961,961,961,1304,961,961,961,961,961,961,961,961,961,961,1126,870,961,961,961,1260,961,961,961,961,961,1078,153,961,443,961,283,961,961,961,961,961,961,353,961,1259,1046,961,961,961,48,961,961,961,961,695,1359,961,961,961,274,1142,961,961,961,961,960,961,961,961,961,793,961,92,961,961,961,961,961,961,961,961,961,961,572,5,961,777,961,1051,582,961,575,961,903,1080,961,684,236,961,961,821,961,1380,961,257,961,741,961,961,961,346,961,961,961,961,961,517,961,961,961,961,961,316,961,961,961,410,961,1173,961,1392,961,961,961,961,961,961,931,961,961,961,961,961,427,961,961,961,961,164,961,991,1422,961,842,961,961,961,134,104,961,961,961,865,961,693,264,961,961,503,961,961,961,961,1323,963,302,961,961,990,961,961,961,961,961,1181,790,961,961,961,961,1207,961,1036,961,961,582,961,961,961,961,961,961,671,961,912,1152,961,961,961,961,268,961,961,961,961,961,961,961,961,961,961,961,961,892,961,171,961,961,1160,961,882,119,961,961,961,961,961,961,961,961,961,961,961,961,961,961,961,961,961,366,69,961,610,961,961,961,961,961,310,961,1112,961,961,108,1471,961,961,961,961,961,1427,961,432,564,961,961,1351,961,961,715,249,961,961,961,51,961,961,904,916,1454,961,961,961,731,1018,961,1307,961,154,961,631,961,961,1041,961,1426,961,961,961,744,856,961,961,961,85,961,961,1476,961,961,961,961,961,312,961,961,961,961,961,961,961,961,961,1292,961,961,961,961,961,961,961,961,961,961,961,961,961,961,961,746,961,961,961,1489
g188	1068	9	2	1	5	0.17102372915256608	378,904,86,80,83,80,235,83,48
g189	480	5	2	NA	NA	NA	189,125,154,167,35
g190	1068	20	2	2	17	0.75151650429449557	698,698,698,706,425,519,706,698,698,706,706,698,706,700,698,698,703,495,952,706
g191	128	200	6	1	177	0.70305521728019904	105,105,108,102,114,109,109,105,102,105,107,105,103,105,105,100,108,112,107,105,107,102,105,106,101,106,102,101,106,105,108,100,113,105,105,104,105,105,101,108,105,105,113,106,105,106,105,106,108,113,106,106,108,105,108,102,103,106,108,105,105,105,101,105,104,105,107,105,108,108,109,101,105,106,101,106,112,101,102,106,110,109,108,103,105,106,106,105,113,108,109,100,108,106,105,106,100,106,106,105,106,106,106,105,112,105,103,112,105,106,100,100,106,113,101,105,106,106,106,112,105,105,108,110,105,113,105,105,106,111,106,105,105,105,110,106,105,102,105,106,105,106,106,102,106,103,102,106,106,105,106,106,106,106,106,105,105,106,106,111,106,103,106,106,112,110,111,105,105,105,112,107,111,105,105,103,106,105,105,106,106,110,111,106,103,106,106,103,114,114,106,106,104,106,106,102,106,105,102,102
g192	60	6	2	NA	NA	NA	58,47,5,51,37,42
g193	128	200	6	1	112	0.54625000000000001	122,17,33,4,122,49,109,56,28,122,15,118,68,122,109,122,120,62,2,19,105,11,105,24,122,122,122,122,122,91,4,122,122,122,122,122,122,28,122,122,77,24,122,122,51,54,122,122,69,75,122,32,67,122,122,122,90,122,98,122,102,122,64,122,110,15,122,122,122,122,122,122,20,122,122,122,105,122,122,122,55,122,122,122,42,122,122,122,122,122,3,55,33,122,122,122,33,24,11,122,63,122,99,122,39,28,6,122,4,122,39,122,122,122,122,122,87,122,122,122,18,60,122,122,114,106,122,99,122,40,19,11,15,122,122,92,120,100,109,63,122,122,122,82,122,59,122,122,122,60,122,56,122,122,112,122,87,122,122,122,122,122,120,122,122,26,122,7,79,122,122,88,122,51,122,122,122,122,30,63,122,36,122,124,122,114,55,9,70,92,122,122,122,122,122,122,51,113,55,43
g194	60	9	2	1	5	0.42817259895480814	24,15,24,28,55,25,18,28,28
g195	393	60	2	8	28	0.37559223176554563	170,225,181,136,10,65,103,89,51,186,104,123,72,232,187,157,47,233,174,212,1,232,145,172,240,140,48,143,78,33,202,209,82,79,238,144,48,215,209,7,93,225,12,218,172,223,181,20,8,218,55,204,198,245,109,33,148,112,223,226
g196	393	35	2	2	19	0.45851705825303651	25,204,331,210,205,210,204,34,165,210,210,205,110,232,204,319,342,300,210,210,204,269,210,98,249,206,64,348,209,195,210,204,111,95,221
g197	128	35	3	1	25	0.61025020601817426	120,120,117,117,113,120,121,123,115,123,117,116,117,122,117,124,120,113,117,114,120,120,117,117,118,122,120,120,113,112,119,123,114,113,121
g198	1512	200	2	14	42	0.17974873734152916	133,474,1381,1163,480,1055,69,378,828,897,1052,921,1396,921,863,22,792,676,1014,753,723,1165,558,218,258,448,283,1209,279,686,729,534,242,1225,1015,482,727,1130,327,1396,1410,327,768,103,1300,1258,1180,715,700,969,633,318,907,1178,1418,46,1422,623,495,952,971,695,368,483,359,691,1108,115,175,298,272,528,482,614,1507,1155,102,608,873,1370,1074,634,104,1175,507,752,1326,395,1212,1095,1170,576,1394,525,668,1330,1192,573,729,293,69,734,980,781,849,563,1406,1326,1135,422,730,1489,1298,156,569,834,1045,1011,1327,468,1495,350,1005,303,1083,1284,38,660,980,823,658,553,1507,1471,387,559,1409,1208,1417,499,475,589,1274,277,1314,1227,578,1195,515,372,69,255,1478,47,541,229,1260,107,97,1445,533,1044,1496,1188,241,844,333,1259,826,588,1487,1163,135,1123,1436,96,42,704,1495,581,68,1478,519,531,1084,1345,1154,547,1293,914,739,553,189,1253,547,373,649,712,1006,1327
g199	2839	200	2	4	124	0.61478553390593271	1288,1288,1446,2795,2011,2530,1162,2283,1235,1288,1384,983,1288,1288,493,1288,1288,1288,1288,1288,1288,1288,1288,1288,1288,2513,1288,1288,557,1990,1288,1288,1288,2647,1937,1142,1288,1288,1288,2495,1006,1288,2028,1288,1003,1288,1288,1616,1346,2125,1288,1288,1288,1288,1288,1288,1962,1288,1288,364,1288,1934,1288,783,1281,1288,1411,1288,1288,1288,1288,1288,1288,138,1288,1288,1288,1288,2826,2211,1288,1288,1412,1288,1288,2801,1292,159,288,1288,756,1288,1911,2554,2294,1288,1288,1288,2129,260,1288,1288,1288,1385,1288,1032,1288,1288,1288,2093,1288,1288,1119,1288,1288,1288,1288,161,1548,447,1054,1288,2513,1490,1288,1288,1288,366,2512,1288,907,1288,1288,1288,2519,1288,1288,1288,2032,1288,1288,260,1288,1288,1288,1288,1788,1288,2481,1288,1891,2408,1288,1317,1288,1791,1288,2320,1195,1288,1288,1862,1288,1288,107,2768,1288,1288,1926,1288,1860,1607,1288,1288,1288,2801,575,1288,1676,2242,1288,1288,2446,1288,1935,1288,1288,1288,1017,1288,1288,1288,1288,234,1288,750,821,1288,1288,2635
g200	393	60	2	2	43	0.6190355937288492	97,175,175,38,175,176,225,176,284,91,176,175,175,176,176,176,176,256,290,176,137,175,175,144,176,36,165,176,176,176,335,284,176,176,175,175,176,347,176,175,176,175,175,175,175,176,175,175,175,108,283,175,176,176,175,226,176,182,32,312
g201	1068	360	3	2	357	0.70553160563513451	84,848,87,84,852,852,846,855,85,849,847,850,84,848,87,852,78,84,852,852,84,86,85,856,87,88,852,90,83,84,852,84,852,852,90,851,84,852,85,85,852,852,84,85,852,78,857,852,852,853,852,848,79,81,854,89,85,852,84,851,84,81,852,852,850,852,852,852,84,852,852,856,89,84,852,86,852,852,84,850,852,89,84,852,852,85,851,851,852,84,852,854,852,848,852,86,86,89,89,852,852,84,86,89,84,852,84,852,89,852,85,852,846,80,857,84,852,847,858,851,850,852,89,858,84,89,848,85,84,78,84,852,85,84,856,852,852,851,84,84,84,80,852,852,84,83,851,852,852,852,852,852,78,86,852,84,850,78,84,90,84,89,852,852,852,848,852,852,852,87,84,852,852,852,84,84,857,85,84,852,80,82,852,852,846,852,88,852,84,78,857,852,88,80,78,852,852,80,84,87,84,850,84,852,84,855,80,852,857,854,82,78,858,852,858,852,852,84,852,858,79,852,846,84,82,84,854,82,854,852,852,847,856,848,84,852,84,84,854,84,81,856,84,84,84,852,85,84,852,858,83,78,852,846,852,84,84,82,81,86,84,848,858,852,84,84,84,852,81,78,857,848,852,854,854,84,852,81,84,78,84,846,86,854,89,84,852,84,84,84,857,848,84,852,84,852,84,84,84,849,852,84,850,848,852,84,84,852,852,852,852,84,852,852,851,84,855,850,84,84,84,88,84,89,847,84,854,88,84,852,84,84,90,856,85,79,82,84,89,84,84,84,80,852,84,84,84,852,79,84,84,847,84,852,847,84,80,84,852,855
g202	1512	35	2	1	23	0.43362219129418961	1181,759,116,965,755,759,1126,755,596,755,755,446,755,755,1461,761,755,760,761,755,757,761,761,1298,761,761,755,755,1452,755,755,761,740,755,761
g203	189	9	2	1	8	0.5792653719609242	126,126,125,127,119,121,123,127,123
g204	128	5	2	NA	NA	NA	7,127,65,30,34
g205	2839	6	2	1	2	0.33333333333333331	778,1821,4,28,4,873
g206	480	6	2	NA	NA	NA	401,255,98,374,256,306
g207	128	12	2	2	8	0.54672168098165175	42,39,34,32,33,17,4,39,15,34,39,1
g208	128	6	2	NA	NA	NA	33,90,105,100,26,30
g209	128	200	6	1	189	0.49315436722909051	84,70,75,79,79,79,75,79,73,75,70,79,79,79,75,75,79,75,72,75,83,74,75,78,75,75,75,74,75,75,79,79,75,82,75,79,75,79,79,79,79,78,74,79,75,83,79,71,79,83,79,79,78,73,80,75,83,75,79,76,71,81,79,75,83,83,70,82,78,79,75,79,81,80,75,79,75,77,77,79,79,75,73,75,79,82,75,75,74,79,79,72,75,79,79,77,75,77,79,74,75,75,75,76,75,75,75,81,83,79,78,79,75,78,79,75,83,80,75,79,74,75,72,71,75,75,79,75,81,79,72,79,82,79,71,73,78,78,84,84,75,82,71,72,79,79,82,75,78,75,72,82,74,79,81,78,75,78,79,79,73,70,75,77,79,79,75,82,75,73,82,78,75,75,79,71,79,75,79,80,79,73,75,72,71,79,75,79,75,81,79,75,79,75,79,75,72,72,75,79
g210	2839	20	2	NA	NA	NA	53,92,916,2391,2135,1598,1484,2692,1423,2604,171,1988,1313,72,1948,2187,227,2646,1969,2228
g211	189	7	2	1	5	0.7142857142857143	129,129,73,129,129,129,61
g212	741	5	2	1	5	0.75	271,265,269,269,269
g213	1512	5	2	1	3	0.54142135623730958	511,963,1007,1007,1006
g214	1512	200	2	6	138	0.38409423471372334	336,345,345,339,341,337,342,345,1040,345,345,1058,344,336,345,849,340,344,336,343,336,336,344,345,1403,336,336,336,390,336,518,336,336,1235,339,336,893,345,154,1431,336,1460,436,345,1309,345,1205,345,345,781,759,345,452,1207,338,336,401,339,340,336,336,452,540,345,336,336,345,336,80,662,623,1024,14,336,345,345,340,345,345,183,913,1510,27,337,839,345,663,341,336,345,336,336,336,336,1,1461,1487,345,345,336,343,345,345,276,336,336,345,336,1339,345,345,336,144,345,345,336,970,336,1046,1417,337,345,340,336,467,345,346,219,336,336,341,895,345,345,345,1023,515,336,345,345,102,345,345,1187,336,1187,336,610,467,1079,1124,1477,1044,336,819,345,753,339,345,336,345,336,345,342,345,345,947,345,342,336,97,737,336,1235,345,345,345,336,1076,345,1399,345,335,343,1501,345,345,401,552,835,345,345,269,345,336,101,434,340,345,1246
g215	393	110	3	1	108	0.59971972124945894	135,132,131,136,130,132,131,131,139,132,131,131,135,138,131,131,129,132,128,131,127,131,134,137,131,128,139,132,127,132,127,126,132,136,137,131,131,132,132,130,134,136,132,134,131,126,131,132,131,131,132,131,135,132,132,133,134,132,140,136,139,131,126,139,138,133,131,132,131,135,132,132,129,138,131,131,137,132,131,131,132,131,131,140,130,130,134,129,132,132,131,132,137,132,132,139,132,133,127,131,131,127,131,138,131,137,131,132,131,132
g216	393	20	2	NA	NA	NA	186,53,224,166,167,140,91,48,374,293,102,244,5,155,179,364,8,252,272,367
g217	393	9	2	1	8	0.88888888888888884	196,196,196,196,196,196,20,196,196
g218	128	5	2	1	3	0.54142135623730958	79,92,46,79,78
g219	189	200	5	2	180	0.77906854249492374	124,23,124,124,27,23,124,23,120,23,19,126,29,23,129,23,23,23,23,124,124,23,22,22,124,124,124,124,25,28,124,23,24,29,23,19,23,23,124,124,23,23,124,23,23,124,122,23,130,121,23,23,122,23,23,120,21,124,129,122,23,124,124,21,28,24,128,124,23,17,23,20,124,124,124,124,124,23,19,124,123,124,124,124,124,23,23,124,23,19,23,23,23,23,27,124,124,124,23,23,119,19,23,23,23,124,126,124,128,23,124,23,23,23,23,124,125,23,124,23,27,23,23,29,23,22,23,126,124,124,125,124,23,124,124,126,124,124,22,124,23,124,124,23,128,23,23,21,27,118,28,124,120,120,124,124,23,119,124,126,129,19,124,122,23,23,124,128,124,124,23,123,118,23,25,21,23,23,18,23,23,122,124,120,17,124,124,123,124,23,118,23,121,124,18,123,124,124,23,23
g220	393	35	2	2	27	0.67150291171489751	350,182,192,190,382,190,200,195,78,200,190,197,190,190,200,190,200,200,102,190,106,30,190,190,200,200,200,200,200,190,229,113,191,190,192
g221	741	9	2	1	9	0.41218985457866225	620,613,612,615,615,611,611,612,613
g222	2839	35	2	NA	NA	NA	1660,443,2757,2563,1541,1490,1646,277,2521,1012,611,1958,2495,1856,2799,126,1050,2022,486,2105,2815,1075,1854,2045,431,990,1903,1553,417,96,2307,2424,2541,2148,1607
g223	1068	110	2	5	59	0.51152515411787602	633,1053,939,856,469,589,701,841,242,1049,733,701,701,701,267,989,44,583,701,1007,478,517,939,496,701,268,261,701,593,701,184,701,191,701,65,357,377,301,701,143,701,736,701,701,427,493,701,1008,84,93,999,429,701,701,945,701,268,701,653,701,701,975,80,701,355,701,701,399,302,701,89,512,777,431,701,701,701,975,941,701,701,701,166,701,473,314,701,701,701,536,1031,29,352,898,701,174,701,701,701,986,701,843,588,701,701,701,701,701,588,701
g224	2839	60	2	2	47	0.68333333333333335	2514,2516,2516,2516,2516,2516,2516,2521,2514,2344,2521,1657,2516,2516,2516,2516,2516,2521,115,2521,2521,2516,1645,2514,968,927,2516,116,2516,2514,2516,1226,6,2521,2516,2514,2514,2521,2516,2516,2514,2516,2514,2514,2514,2521,2516,2516,215,2673,2181,298,2516,2514,2521,2521,2521,2514,2516,2521
g225	1068	5	2	NA	NA	NA	522,558,454,398,81
g226	60	200	9	2	157	0.62605077554195743	24,5,6,24,16,10,14,16,16,16,24,16,8,45,2,24,21,57,24,18,26,16,46,2,16,24,21,56,24,24,24,33,24,24,24,24,35,21,24,16,16,25,48,24,12,17,24,24,58,16,16,24,16,19,16,24,24,22,16,52,22,36,16,24,31,18,16,24,18,24,16,24,23,24,40,16,34,17,47,24,18,16,24,54,39,16,24,24,31,24,18,24,16,24,2,10,16,16,14,41,57,51,24,24,24,24,31,24,15,49,44,21,24,17,16,40,16,24,18,20,24,24,24,16,20,4,16,24,24,11,35,24,2,24,8,16,24,60,24,19,24,24,19,24,16,16,42,24,18,16,39,24,51,24,41,20,16,40,16,55,16,55,24,54,24,17,43,24,24,19,31,21,24,24,24,18,21,16,16,24,16,24,7,57,59,54,46,43,33,13,1,16,24,29,22,16,22,24,5,24
g227	741	9	2	1	8	0.5328327920927628	497,494,503,501,494,492,497,494,492
g228	393	60	2	4	15	0.19124789556921526	144,365,244,350,71,342,26,12,191,155,119,295,321,101,194,256,241,116,223,219,197,306,92,7,316,234,226,61,196,148,37,197,324,384,20,82,42,62,250,127,234,204,236,290,267,231,356,361,171,18,352,62,117,319,372,186,244,199,215,299
g229	393	60	2	3	30	0.47428511301977583	176,257,180,106,176,211,100,176,176,163,176,176,176,176,176,258,81,322,33,279,176,291,176,248,109,113,176,176,127,141,249,176,17,338,149,176,147,176,287,176,195,176,176,381,79,176,127,176,320,206,176,71,188,60,98,176,248,125,282,29
g230	480	110	3	2	75	0.66230503082357517	97,475,467,475,475,186,467,475,467,354,475,467,475,478,467,308,70,475,475,208,475,475,434,467,467,467,467,36,475,475,475,342,467,80,467,475,212,177,475,467,467,327,475,467,362,193,185,467,475,139,467,467,475,475,475,186,11,419,475,319,475,475,475,475,467,433,72,475,475,330,467,317,467,467,475,159,467,467,475,437,475,467,467,467,475,467,475,311,46,471,475,145,398,375,475,467,475,475,475,475,293,475,467,15,475,475,103,380,475,475
g231	1512	9	2	1	5	0.49999999999999994	136,818,134,136,136,815,1375,136,814
g232	2839	6	2	1	3	0.5	1245,1238,358,1238,1663,1238
g233	189	35	3	1	31	0.49803854817440119	186,182,181,176,181,177,188,181,182,182,187,177,182,181,182,178,178,178,182,181,189,182,180,181,177,181,178,181,178,180,181,182,182,183,178
g234	1512	9	2	NA	NA	NA	674,105,719,900,1487,998,1189,590,283
g235	1068	360	3	1	306	0.84999999999999998	735,735,220,735,165,735,735,735,878,735,735,735,735,735,735,735,735,735,735,735,735,820,735,735,735,735,735,536,735,735,735,735,735,681,639,735,735,735,735,803,735,735,735,513,735,735,735,735,735,735,735,47,523,361,735,898,735,735,735,735,735,735,735,735,735,735,735,735,735,735,735,735,110,735,735,127,735,735,735,735,735,735,36,735,735,735,415,735,600,735,735,735,735,735,735,735,735,735,735,735,735,735,735,735,735,735,735,735,735,735,735,735,735,735,735,735,735,735,735,735,735,735,735,735,735,735,145,735,735,735,735,735,905,735,735,163,735,1012,735,735,398,735,735,735,735,735,735,735,735,735,735,735,735,735,735,735,735,735,735,735,735,735,735,735,735,735,735,824,735,735,735,735,893,735,735,735,756,735,735,735,735,735,735,826,735,735,735,735,500,735,735,478,735,735,735,735,735,735,137,735,735,735,55,51,735,735,735,735,735,735,790,735,1036,735,735,735,735,735,735,735,974,735,735,735,735,735,407,735,258,735,996,735,279,43,735,735,735,735,735,735,735,735,735,735,735,735,735,735,735,735,735,735,735,123,735,735,735,735,735,735,735,735,735,735,735,735,735,533,735,968,735,639,735,735,45,735,735,735,735,735,735,735,735,735,131,735,735,735,735,735,735,380,735,735,735,735,735,735,735,735,735,735,735,735,735,735,735,735,735,735,735,735,735,735,735,735,735,735,735,735,735,735,735,735,735,735,735,735,735,735,735,735,155,735,735,952,225,735,735,735,735,401,326,735,735,735,735,735,735,163,735,681,735,735,735,735,735,735,735,735
g236	1512	6	2	1	5	0.66666666666666663	687,938,936,938,936,936
g237	480	12	2	1	11	0.74611892706218252	379,378,379,372,378,379,378,378,377,378,378,384
g238	741	9	2	2	10	0.95595037673258609	670,674,670,677,670,677,677,677,677
g239	128	7	2	1	7	0.67244382588379248	26,26,28,22,27,22,26
g240	2839	12	2	NA	NA	NA	375,176,624,1044,1206,759,1644,581,2205,1604,1488,1208
g241	480	20	2	1	13	0.65000000000000002	71,71,71,323,71,71,71,119,208,71,57,397,71,71,71,71,437,71,71,303
g242	128	9	2	1	4	0.31706148784369703	9,109,26,12,9,59,7,55,125
g243	128	200	6	3	205	0.82444990065446533	105,116,97,102,93,110,110,105,105,109,93,105,93,105,105,98,93,101,105,112,87,93,97,106,110,105,93,95,93,110,91,90,110,93,110,95,105,93,93,87,105,95,97,99,110,110,107,107,110,105,93,111,94,110,93,105,110,93,93,105,102,110,110,108,106,93,106,103,114,105,116,93,93,93,94,105,105,105,110,93,93,110,104,110,87,106,110,93,93,93,110,93,110,93,110,93,87,107,103,114,110,105,105,109,115,110,93,103,110,110,105,105,105,93,105,94,105,97,94,110,110,93,109,93,110,110,110,93,93,110,105,93,113,105,105,105,102,99,105,109,93,105,96,111,93,93,92,110,98,110,110,93,106,112,110,99,92,107,98,111,105,110,93,95,110,101,105,105,110,87,105,93,93,88,110,105,93,93,110,93,91,105,104,110,93,110,105,105,109,111,104,105,110,105,96,110,110,110,93,105
g244	60	110	6	3	84	0.62752885993683649	13,37,41,57,35,5,13,42,13,13,53,13,49,28,5,7,12,49,9,31,5,11,12,34,13,30,44,5,40,13,40,5,13,31,29,16,5,5,44,5,11,10,5,49,5,13,13,28,4,42,24,5,5,13,5,21,31,23,13,52,5,13,13,11,13,34,13,18,5,19,49,13,5,7,25,5,55,13,5,5,33,5,13,13,37,13,5,13,5,13,13,6,54,49,5,10,49,13,16,35,14,13,20,6,26,37,13,13,13,6
g245	741	360	4	1	360	0.52295936774608465	342,341,337,342,345,343,342,346,339,342,345,348,345,345,349,345,345,339,347,343,343,346,345,345,345,342,345,345,345,345,342,345,342,345,344,350,342,347,337,342,345,345,344,342,342,342,343,337,349,345,345,345,345,339,342,340,342,345,342,342,345,337,345,338,342,346,342,339,346,337,345,348,345,347,344,342,342,342,345,350,348,338,340,342,342,342,350,342,337,349,340,340,345,339,345,338,345,345,345,351,343,348,346,345,345,348,342,339,342,346,345,340,345,339,345,345,345,345,342,345,345,342,342,345,342,340,337,342,345,342,342,342,344,337,345,349,351,342,347,342,346,342,342,341,345,342,345,342,342,344,342,348,341,345,346,347,339,342,338,340,351,346,342,348,345,343,345,345,345,342,343,346,342,345,342,345,345,341,340,342,340,345,345,342,340,345,340,343,351,342,342,343,338,346,348,342,342,342,343,345,343,342,346,342,348,339,342,345,342,351,345,350,344,350,342,345,349,346,345,348,342,351,349,345,342,350,337,347,348,346,349,342,345,345,351,345,350,342,345,345,345,345,342,337,342,341,342,345,342,342,345,339,351,345,350,345,342,349,342,337,340,345,349,351,351,340,342,342,345,350,344,345,342,340,345,350,337,340,342,343,345,347,350,345,342,348,342,345,342,342,345,338,345,340,345,342,348,342,339,347,346,348,345,345,342,342,342,342,342,344,342,349,351,346,345,347,345,342,342,345,345,348,350,339,342,339,347,345,342,345,339,344,345,345,347,345,342,342,342,342,343,342,342,342,345,342,341,345,345,345,339,338,350,345,346,342,346,345,337,346
g246	128	110	4	1	12	0.063132214984209137	45,68,22,56,55,118,42,57,66,48,100,118,41,16,87,10,108,89,114,20,98,81,119,1,63,26,82,34,86,64,88,95,27,20,19,85,50,15,57,17,42,78,61,26,105,20,17,8,81,65,100,62,84,122,67,34,2,88,83,97,97,20,43,110,108,106,101,3,100,7,68,73,81,24,82,84,44,17,70,118,80,5,32,36,94,105,46,49,77,29,46,35,78,123,113,86,56,83,68,70,103,44,8,120,88,108,65,112,29,76
g247	2839	110	2	1	61	0.55454545454545456	1016,523,523,1119,523,1719,2053,665,135,523,523,523,523,1811,682,1518,523,523,2560,523,523,523,523,523,523,523,523,2097,672,523,523,1763,1774,90,1598,523,523,1945,523,2467,523,523,1716,1913,1916,1344,523,523,2081,523,1822,1936,523,523,523,523,1660,523,1157,2002,2054,883,523,523,523,523,149,523,2820,523,523,2398,1517,523,523,523,523,1908,523,523,2502,2040,523,523,380,523,1526,523,523,523,523,523,2092,1355,523,895,523,523,1152,523,1451,523,1312,1515,26,2524,523,523,523,21
g248	189	35	3	1	25	0.54285714285714282	125,32,18,174,174,172,172,174,172,174,113,172,110,172,64,174,172,85,174,172,52,172,174,31,174,172,174,174,172,174,172,172,174,126,174
g249	1068	110	2	2	101	0.7538601927496249	710,720,714,714,714,16,16,16,16,16,714,711,714,16,714,16,714,714,16,710,714,717,714,714,714,16,11,16,16,16,714,19,16,714,714,16,720,711,715,13,16,14,714,714,709,22,720,19,16,16,15,16,21,16,16,714,10,16,714,22,714,16,22,719,714,714,714,713,717,16,714,714,714,16,20,714,17,714,709,21,19,12,717,16,16,714,11,720,714,12,714,14,16,18,16,714,16,714,16,16,16,710,16,16,16,714,709,16,716,16
g250	480	12	2	1	4	0.29166666666666663	213,468,213,213,39,401,215,53,341,136,317,221
g251	189	12	2	1	11	0.58176294171789056	12,14,9,12,5,14,13,12,9,6,9,12
g252	189	20	2	1	3	0.11767766952966369	163,26,46,85,98,36,95,11,87,16,188,127,42,13,53,122,95,161,71,22
g253	189	20	2	1	14	0.69999999999999996	3,3,151,28,92,3,3,3,3,117,51,3,3,62,3,3,3,3,3,3
g254	189	20	2	2	16	0.72499999999999998	78,76,70,42,76,78,119,70,78,78,70,78,179,70,78,70,70,94,70,76
g255	741	6	2	1	3	0.5	610,443,446,610,447,610
g256	393	6	2	1	5	0.72559223176554555	91,88,88,293,88,88
g257	393	7	2	1	7	0.65585575109567595	7,6,6,3,3,6,1
g258	128	60	4	1	6	0.079166666666666663	4,67,76,24,55,51,106,77,114,23,128,36,74,47,114,61,5,91,5,33,12,43,91,45,19,54,91,78,73,2,78,9,80,78,79,37,74,41,31,42,7,14,108,116,71,65,48,51,93,122,26,100,56,91,103,87,58,126,41,123
g259	1512	12	2	1	11	0.91666666666666663	619,884,884,884,884,884,884,884,884,884,884,884
g260	60	35	4	1	29	0.35765048437046765	37,33,42,38,6,42,37,38,33,11,37,42,33,21,59,26,38,33,33,37,33,42,33,42,42,37,32,42,38,42,51,33,37,33,37
g261	128	9	2	1	5	0.38412297568739412	106,105,46,51,109,48,44,45,44
g262	2839	9	2	1	3	0.3007896423540608	1024,2429,1385,2216,1377,1378,1377,1586,2692
g263	480	60	2	1	54	0.54176609836406764	29,25,29,29,25,31,28,29,25,29,27,25,22,29,22,21,28,34,29,28,29,34,29,22,25,32,23,33,26,29,32,26,29,25,25,25,25,25,21,25,30,21,29,29,25,29,25,25,26,25,25,25,25,25,25,20,29,24,29,25
g264	1512	6	2	NA	NA	NA	1025,477,220,1041,421,560
g265	1068	20	2	1	18	0.90000000000000002	213,213,213,213,213,213,213,213,213,213,213,213,213,971,213,213,213,145,213,213
g266	2839	9	2	1	8	0.77777777777777768	1712,1716,790,1716,1712,1716,1714,1714,1712
g267	393	9	2	2	9	0.91190075346517196	320,362,363,362,360,320,320,362,362
g268	189	35	3	2	27	0.62193619865618199	159,124,123,118,172,119,122,124,124,86,124,118,124,122,124,61,124,154,118,116,118,118,124,124,65,79,20,124,124,52,25,87,124,159,118
g269	1068	20	2	1	19	0.56711456063402188	630,632,627,632,630,630,631,625,632,632,635,629,635,634,639,630,630,634,630,632
g270	741	60	2	3	10	0.12479061445127429	214,666,461,48,597,647,540,630,203,282,669,93,173,662,737,511,635,27,718,20,194,90,604,503,629,640,176,65,441,671,269,542,157,449,739,666,74,552,693,655,65,137,465,66,577,399,98,510,697,559,124,154,455,729,137,318,733,103,354,385
g271	2839	12	2	1	10	0.83333333333333337	813,813,813,813,813,813,813,172,813,813,1051,813
g272	1512	7	2	1	6	0.8571428571428571	342,1331,342,338,338,338,342
g273	1512	20	2	3	21	0.78472718241315031	900,707,707,904,904,705,904,713,707,904,903,711,903,713,909,707,908,904,907,707
g274	60	5	2	NA	NA	NA	35,45,26,1,36
g275	60	200	9	3	230	0.71005018907990924	28,28,30,31,28,31,31,34,29,27,36,28,31,23,34,31,31,28,28,32,28,32,28,35,24,31,36,28,36,31,31,23,36,31,31,31,36,36,25,33,31,28,27,28,31,24,23,37,23,31,29,27,36,32,24,35,28,33,36,28,31,28,31,36,28,31,28,28,28,31,32,31,24,34,31,23,31,28,31,28,24,31,28,31,28,31,27,28,29,35,28,28,31,28,27,37,30,31,28,31,28,31,28,28,28,31,31,25,28,33,31,31,31,31,28,28,31,28,28,28,31,33,31,28,29,31,28,31,31,34,25,37,37,33,31,28,28,31,25,34,33,28,31,37,30,31,23,25,31,36,28,31,28,28,28,28,31,31,23,31,30,28,28,25,26,27,30,31,23,37,31,28,28,31,28,29,37,29,23,28,28,26,37,33,28,31,34,27,31,31,37,31,28,31,28,34,28,28,28,31
g276	60	6	2	NA	NA	NA	40,36,33,5,46,1
g277	1068	35	2	1	27	0.75714285714285712	716,971,971,971,971,929,971,971,971,971,69,971,971,378,971,971,971,604,971,971,773,971,971,790,973,971,971,971,971,971,971,552,971,971,971
g278	393	5	2	NA	NA	NA	249,321,245,252,34
g279	60	200	9	1	199	0.4441779399285174	4,3,8,5,7,4,2,1,4,8,5,8,3,7,7,4,6,4,8,4,2,1,1,4,8,3,7,7,1,1,5,1,5,5,3,6,8,3,2,8,5,11,7,1,1,4,5,4,13,2,1,4,9,1,1,12,3,6,3,7,8,2,2,8,2,1,7,2,5,6,3,12,5,11,8,5,7,8,11,3,4,7,3,1,6,3,4,1,4,4,2,6,8,5,8,4,1,7,1,6,7,5,1,11,1,6,3,1,1,2,5,1,2,6,1,5,7,6,2,1,5,4,6,2,1,3,1,6,2,5,1,3,7,8,5,1,7,6,4,6,1,2,1,2,12,4,1,7,4,1,6,1,4,2,1,5,2,5,3,3,1,7,6,14,2,3,6,1,6,7,1,12,5,2,1,6,1,8,1,3,6,2,5,7,1,6,3,6,8,1,6,11,5,4,4,5,6,5,4,1
g280	480	7	2	2	7	0.84055478235474057	277,137,136,136,136,142,142
g281	393	5	2	1	4	0.80000000000000004	297,297,305,298,298
g282	1068	5	2	NA	NA	NA	915,660,119,1062,402
g283	741	7	2	1	5	0.7142857142857143	689,164,164,164,41,164,164
g284	480	200	3	1	144	0.43156250000000002	213,235,231,7,231,231,233,363,381,235,233,233,160,231,233,233,235,145,231,233,233,235,233,235,235,372,231,178,235,231,129,231,231,106,156,16,233,235,235,235,368,199,235,235,235,235,231,235,233,231,235,235,113,425,283,231,202,111,235,231,18,231,233,181,235,233,4,231,233,235,235,231,233,152,231,235,235,28,233,123,233,97,231,321,306,382,231,233,461,235,235,235,231,235,231,274,231,231,37,235,231,239,143,2,129,82,231,231,235,283,235,43,56,231,235,19,235,231,231,231,382,231,233,389,233,231,51,235,233,189,231,231,211,233,231,235,235,233,233,235,227,233,119,233,160,235,77,233,231,231,231,217,231,235,231,243,235,233,235,231,83,235,231,235,235,233,210,235,233,235,233,233,235,233,231,231,233,233,235,231,233,231,235,231,231,233,13,233,231,179,235,231,231,231,231,231,235,115,231,92
g285	480	20	2	3	18	0.81856601717798205	122,122,118,48,121,120,179,183,120,48,51,48,49,48,51,48,48,48,185,183
g286	60	5	2	1	2	0.40000000000000002	34,13,25,13,56
g287	1512	9	2	2	9	0.75534411542847546	991,983,990,992,983,979,984,992,984
g288	128	110	4	3	30	0.18649170269569099	20,34,24,77,32,88,115,99,82,111,11,31,20,35,108,52,115,12,81,88,95,6,92,35,2,47,14,4,20,22,108,87,1,108,20,128,52,22,30,44,23,106,71,111,90,22,95,122,126,100,101,120,91,19,114,97,55,103,103,99,39,8,90,3,74,30,13,75,12,3,65,78,71,94,120,107,86,72,109,121,34,82,75,33,116,61,22,72,19,102,128,62,128,16,60,95,49,108,128,74,67,120,55,97,59,119,22,53,5,66
g289	393	110	3	1	70	0.63048684900539342	293,366,293,293,293,351,293,85,293,293,293,293,293,274,60,293,293,293,381,293,293,293,184,293,293,293,243,69,154,293,293,293,19,230,293,328,293,293,293,96,205,134,293,293,393,349,122,293,99,293,293,370,290,293,293,293,322,340,181,293,293,293,38,293,293,293,293,166,376,293,293,293,293,293,293,75,293,293,293,293,293,275,60,293,293,293,293,293,161,293,293,293,293,293,293,293,210,244,135,293,293,160,293,293,387,240,42,41,293,116
g290	1512	5	2	NA	NA	NA	884,378,833,1457,379
g291	2839	5	2	1	2	0.40000000000000002	1095,1095,497,718,722
g292	393	5	2	1	3	0.47071067811865475	304,135,304,301,311
g293	128	200	6	1	191	0.52328827313916737	59,61,58,58,64,61,67,61,61,67,56,61,61,57,54,64,66,66,58,56,58,64,58,58,58,61,67,61,61,58,61,58,56,61,58,64,61,58,61,58,58,54,61,63,58,57,61,58,64,63,54,58,58,56,65,58,58,58,58,61,58,57,53,64,57,65,62,58,58,58,67,58,53,60,61,61,58,61,58,54,58,61,61,63,58,58,65,61,61,54,61,61,58,65,66,54,58,65,61,67,61,61,58,54,58,54,61,61,66,57,54,63,53,58,63,57,58,58,61,61,63,61,61,57,61,58,57,58,56,60,67,57,61,61,58,61,61,66,61,59,61,61,61,60,58,58,58,58,59,63,58,65,56,62,61,58,66,58,58,63,58,54,61,58,58,58,58,63,67,61,58,53,64,60,58,60,61,55,61,61,54,61,58,63,64,58,61,58,61,63,66,61,60,57,59,62,58,63,61,59
g294	1512	5	2	NA	NA	NA	829,1383,80,1116,813
g295	741	7	2	1	6	0.8571428571428571	378,378,551,378,378,378,378
g296	189	360	6	2	260	0.71764875941831463	22,21,157,180,21,28,22,21,30,120,70,22,30,30,22,21,76,30,165,108,22,88,90,8,136,21,22,21,22,22,183,22,22,21,178,22,30,22,22,30,22,21,21,30,21,22,22,22,21,21,30,30,36,22,176,30,116,22,22,22,22,22,30,22,21,22,30,21,21,21,22,22,58,155,30,30,22,22,21,7,21,22,71,30,21,21,21,30,22,22,21,30,30,21,30,21,168,21,30,21,21,41,21,22,30,182,30,103,30,38,30,153,22,30,98,21,30,30,21,30,21,21,33,94,30,22,132,22,22,21,22,22,30,22,30,179,30,125,181,30,30,22,22,21,21,49,21,30,21,21,148,21,30,186,184,22,22,21,22,22,30,21,30,21,30,38,21,22,30,104,22,84,30,30,22,74,22,21,30,5,71,22,22,21,30,21,149,21,30,30,22,112,21,4,21,21,9,170,30,30,21,40,22,21,22,11,22,30,21,21,145,30,21,21,116,7,86,21,30,22,155,32,47,22,22,30,21,22,68,22,21,39,129,21,22,30,21,22,22,175,162,63,117,30,181,119,30,30,22,3,30,21,22,30,112,21,164,21,22,30,30,100,21,30,30,22,21,127,12,132,127,22,15,146,21,21,22,21,21,81,165,21,99,82,84,21,21,21,30,170,22,30,187,30,30,22,30,30,30,21,22,40,22,22,21,89,21,30,105,30,30,21,136,22,71,153,30,22,21,158,22,30,30,21,30,30,30,101,119,22,126,189,30,22,21,21,155,21,30,134,22,30,173,30,22,37,21,22,5,30,30,22,21,30,30,30,188,158,67,22
g297	393	110	3	3	101	0.72867907960594991	35,31,373,25,373,377,31,26,31,373,36,367,31,27,31,378,26,32,370,31,30,31,374,31,32,31,377,377,31,31,378,373,370,369,373,373,373,37,34,367,371,376,31,26,374,368,373,367,31,373,377,373,31,373,376,35,26,373,373,373,373,370,376,379,373,373,30,373,372,31,373,374,31,376,378,373,373,373,34,373,374,373,373,31,31,35,31,371,370,37,370,31,31,36,373,31,33,33,35,373,31,373,373,31,373,31,36,31,375,373
g298	1068	7	2	NA	NA	NA	1046,286,680,15,16,23,512
g299	128	6	2	1	6	0.79462782549439481	121,121,121,120,120,124
g300	480	200	3	4	35	0.11300698948877692	432,446,63,273,146,76,192,469,115,387,281,114,130,254,285,193,102,4,284,442,444,152,332,258,260,418,478,346,369,250,245,290,49,118,309,372,312,154,21,94,459,476,9,350,298,217,214,356,346,478,132,222,305,347,453,33,123,356,257,459,215,301,423,435,55,163,350,458,252,353,168,477,434,100,151,182,239,82,52,288,168,303,241,328,408,254,409,264,409,242,317,156,394,303,116,10,73,114,458,161,253,159,358,302,44,399,224,470,277,468,114,221,343,267,186,113,337,159,280,402,277,203,283,47,431,251,26,307,90,117,376,104,479,117,249,291,391,211,195,58,384,351,251,54,436,153,254,140,200,338,448,109,254,56,185,337,475,169,211,175,431,39,19,35,108,262,28,264,419,32,304,200,52,37,40,393,174,62,378,89,351,332,349,43,100,465,253,139,92,470,19,431,149,86,87,459,190,311,81,333
g301	480	12	2	1	6	0.5	275,436,399,175,452,452,136,452,452,85,452,452
g302	1068	9	2	1	3	0.33333333333333331	437,791,138,1004,172,138,863,138,379
g303	128	12	2	NA	NA	NA	1,5,32,4,27,52,17,29,40,9,51,10
g304	128	35	3	2	23	0.5606091526731326	22,68,36,35,22,96,30,30,22,108,92,30,95,101,22,22,41,24,9,22,30,11,22,22,45,22,30,65,22,8,22,23,23,22,27
g305	1512	60	2	1	56	0.51728058101572405	872,876,870,870,870,866,872,870,875,867,875,872,868,865,872,871,870,872,866,879,879,876,870,870,872,872,870,865,870,874,872,872,875,868,878,870,875,872,872,878,874,870,872,872,865,866,872,870,879,878,875,870,873,878,877,872,870,870,870,872
g306	60	7	2	NA	NA	NA	25,56,35,58,5,7,47
g307	60	12	3	1	10	0.83333333333333337	26,26,9,26,26,26,26,5,26,26,26,26
g308	2839	9	2	1	7	0.69444444444444442	1381,1385,1381,1381,1532,1381,1370,1381,1381
g309	393	12	2	2	5	0.39225889843221229	1,1,83,43,27,77,92,78,68,65,69,77
g310	128	110	4	2	79	0.5617339793270506	27,35,34,34,9,6,110,121,80,44,25,124,31,26,34,31,102,26,97,33,91,70,25,34,55,25,25,25,73,26,107,25,34,34,85,27,34,28,97,34,25,25,86,34,29,48,74,34,34,21,34,27,34,101,68,26,128,123,34,25,84,29,110,25,34,25,25,25,34,3,25,40,34,34,34,25,25,34,25,94,16,34,30,29,41,49,19,34,65,25,42,46,25,30,25,34,20,25,25,39,34,25,42,34,25,25,34,67,25,115
g311	189	35	3	1	29	0.56941081729480136	139,139,139,142,147,139,141,135,147,143,141,139,139,141,141,141,141,141,144,141,137,141,146,141,136,137,135,139,140,135,139,139,139,143,139
g312	189	35	3	NA	NA	NA	18,62,146,27,177,184,105,140,84,153,126,116,161,76,137,2,65,157,82,181,100,45,35,125,178,130,177,87,33,137,54,138,12,169,170
g313	393	60	2	1	24	0.40000000000000002	254,233,120,254,254,254,254,180,159,254,254,254,310,254,264,303,300,8,107,254,226,214,378,329,254,254,361,192,254,254,254,128,254,111,254,254,331,254,126,296,20,254,272,46,277,232,254,242,145,393,43,254,266,87,246,254,141,211,254,247
g314	480	110	3	2	79	0.63437475382051778	126,69,75,74,74,454,75,69,69,412,75,75,75,69,74,75,187,74,69,75,75,288,74,177,75,71,133,74,74,168,74,74,75,75,69,307,121,75,69,75,74,426,43,74,75,69,74,75,105,75,16,312,75,66,75,75,74,344,387,69,74,105,69,262,59,75,220,75,167,74,74,74,74,75,59,69,366,69,69,360,140,74,74,75,69,75,69,69,69,69,75,74,69,69,272,348,74,69,75,414,148,74,74,69,74,69,75,57,129,75
g315	189	35	3	2	31	0.67994562968160799	62,57,3,9,57,13,7,57,53,7,4,57,57,57,51,57,7,57,7,51,7,3,57,7,61,8,2,2,1,57,8,7,57,7,57
g316	128	5	2	1	3	0.5	52,118,47,54,54
g317	741	5	2	1	5	0.90000000000000002	528,526,526,528,530
g318	189	35	3	1	4	0.090765048437046761	20,25,56,172,157,105,99,127,69,85,10,118,167,112,21,101,24,77,13,77,51,3,4,180,137,54,91,163,79,46,46,120,46,143,150
g319	480	35	2	1	19	0.54285714285714282	86,70,70,70,120,248,70,58,70,392,145,200,441,70,70,444,70,243,70,70,382,70,78,70,6,70,217,70,70,449,70,70,196,70,70
g320	189	6	2	1	4	0.61785113019775795	109,37,37,37,31,38
g321	128	7	2	2	6	0.8571428571428571	26,26,114,108,26,26,108
g322	60	60	5	2	55	0.66663074178603521	13,13,1,10,13,7,4,13,13,47,9,7,57,40,17,12,7,11,13,14,48,33,48,7,8,7,7,32,7,7,13,13,27,21,1,7,13,7,8,13,13,33,13,18,8,50,8,7,13,7,13,7,46,7,12,17,7,15,13,3
g323	1068	20	2	2	22	0.78025387770978716	189,183,184,188,184,189,183,183,182,182,182,182,187,179,191,183,182,182,183,181
g324	741	20	2	NA	NA	NA	514,289,151,92,599,399,594,260,385,90,271,336,556,362,275,619,617,503,722,432
g325	2839	6	2	1	5	0.83333333333333337	69,69,69,1555,69,69
g326	741	9	2	2	8	0.81706148784369714	618,103,106,103,97,97,103,103,103
g327	2839	200	2	3	196	0.74408378413094844	1335,1335,777,1335,1334,777,823,829,777,829,781,829,1335,777,1335,829,1330,825,1335,1335,830,829,823,831,829,782,829,1335,1338,1341,782,1336,1338,826,1335,1335,835,775,829,1341,1335,1335,829,1337,1335,1335,774,1335,829,777,833,1335,774,1335,1335,1341,1335,1335,771,774,1335,777,777,829,1335,1335,829,829,1331,777,783,777,1335,1333,829,777,777,835,777,1338,774,1332,777,829,783,829,772,1335,777,777,1335,772,1334,777,777,829,776,777,773,829,830,1335,829,1339,829,1335,777,1335,783,776,1336,771,1335,1338,783,1335,829,829,832,829,1335,829,829,1331,777,777,1335,774,1335,781,829,777,828,828,1330,829,777,1335,829,1335,777,829,772,1335,1335,1332,1339,832,1336,778,1334,778,776,831,1341,778,777,829,828,829,777,829,1335,826,829,1337,777,1340,829,777,774,775,829,782,777,829,783,1330,829,777,829,1335,1335,1335,829,1339,829,829,1335,1332,777,783,1338,1336,1335,825,829,828,1335,829
g328	2839	360	2	5	236	0.36548964342196744	1211,1211,1215,1218,1219,1219,1219,1211,1801,1657,1219,1211,1219,1135,1213,1431,1211,2336,1211,1214,1211,1213,1211,1219,1211,1211,2533,1211,238,1217,221,1212,1891,1215,1901,2241,1468,2464,1219,1211,1219,1211,1710,1002,1176,1211,1212,2543,1211,1216,1219,289,1211,1211,1218,1219,2145,2256,2151,2342,2571,1219,1211,1219,1211,1399,1213,1219,304,1211,1211,1219,15,1216,1813,1211,1211,1407,1219,1219,1211,1219,1219,1216,1211,1211,1211,2570,1211,1039,1219,1211,1211,1211,1211,230,999,1211,2699,1211,1261,1211,1211,1491,382,1219,2396,599,861,2157,1219,829,1145,1219,1219,1219,771,1211,1246,1216,1215,1219,1211,1219,1216,1211,1211,1211,2480,1219,1219,1211,2692,1219,1869,1219,1215,1219,1219,1267,716,1219,1219,1215,1041,1219,2005,854,1218,1212,1211,1211,301,69,2811,547,1181,1704,194,1211,1211,2724,1211,1217,1212,1592,1211,1219,1211,1211,1211,1217,1541,1219,1219,2633,1219,105,1211,1211,2281,2302,1219,923,1219,1576,808,1219,1211,1211,1219,1213,1219,1214,1012,916,1211,74,1219,839,2378,1424,1219,1217,1156,222,2216,1219,1437,369,479,1214,1219,1211,1219,2775,1211,1211,1211,1211,1382,1219,1219,2795,1211,2593,629,1211,1211,1219,1211,1216,2292,2222,687,1211,1219,1976,348,1215,734,1211,1211,1702,1591,1211,1217,1382,1211,1216,1211,921,1297,1211,574,1486,325,1211,2771,1219,1219,1731,1219,1212,1211,474,1211,2228,1219,1211,1211,2702,1219,2005,983,161,1219,1211,1214,922,1219,1027,2771,1211,1211,1211,1212,1211,1212,1218,1211,1946,1211,2519,1981,1113,1211,1211,1218,1219,1211,1219,1211,1211,1219,1211,845,1216,1669,2304,1215,1211,519,1214,1484,1451,2720,1211,2570,1211,1219,1219,1842,1219,1214,1216,1211,1211,1211,1219,1218,2352,1217,1219,1219,2438,1211,2084,1216,2680,1652,1219,1211,1211,1219,1211,1219,1219,1219,644,1967,1767,1211,1219,2061,1211,1219,1606,1211,1211
g329	393	60	2	1	56	0.67017451288348662	306,304,301,301,301,301,297,297,292,301,298,295,302,300,301,301,301,297,303,300,301,302,294,299,297,297,295,300,297,292,297,297,293,303,305,297,301,297,301,301,305,297,297,297,297,301,297,304,303,304,301,304,300,297,301,301,303,297,301,306
g330	741	360	4	2	19	0.032891639604638145	371,437,527,578,266,434,504,450,598,135,33,161,536,198,416,484,26,65,25,711,253,618,477,288,290,639,736,9,647,659,271,443,21,282,429,687,303,243,661,453,701,205,350,44,320,460,91,660,147,570,546,646,454,689,251,663,173,16,640,107,394,425,553,125,664,590,690,287,196,255,294,151,549,358,563,332,653,562,243,417,14,53,442,662,574,397,77,601,70,673,167,293,224,495,503,271,666,469,232,371,619,248,69,320,12,404,80,320,71,692,501,572,251,325,20,307,273,556,72,371,527,182,286,517,109,300,612,396,148,462,423,93,596,193,456,435,236,564,698,35,268,92,617,32,269,465,80,725,215,373,157,1,285,211,66,225,707,136,633,348,326,266,121,558,647,167,319,403,709,608,384,589,314,484,554,82,185,564,471,81,529,132,646,394,711,728,619,26,460,630,671,567,137,44,247,249,74,672,638,404,395,630,479,106,268,194,404,62,171,604,406,686,250,712,568,616,445,269,184,516,641,188,491,496,511,390,453,40,324,445,510,100,377,393,103,300,582,10,531,467,688,428,162,251,725,309,148,448,321,165,448,188,91,266,55,518,293,519,623,640,52,577,142,232,692,94,379,702,700,344,110,375,299,589,272,398,737,481,662,363,623,55,30,469,666,268,19,417,88,72,590,74,236,210,253,639,392,696,660,59,209,625,79,60,197,12,605,689,609,115,310,22,592,440,283,406,454,338,331,243,218,375,153,569,460,557,209,65,684,57,1,573,531,45,367,493,113,76,430,178,253,503,286,424,452,62,227,675,517,266,324,460,178,135,479,75,513,269,659,121
g331	2839	12	2	1	12	1	1657,1657,1657,1657,1657,1657,1657,1657,1657,1657,1657,1657
g332	741	20	2	1	16	0.72499999999999998	111,111,109,109,107,109,111,111,109,107,109,366,111,331,109,111,109,437,77,111
g333	60	7	2	1	6	0.53391955243949396	16,17,22,20,19,53,17
g334	60	5	2	1	4	0.64999999999999991	21,21,12,21,17
g335	393	60	2	1	58	0.48091487736906413	90,83,77,83,77,91,82,82,87,83,86,85,89,87,82,82,88,88,82,79,88,78,80,83,78,83,91,83,83,78,83,89,79,80,83,81,83,85,82,77,82,82,82,87,83,82,83,83,82,83,83,82,90,82,82,80,83,85,82,82
g336	393	7	2	NA	NA	NA	16,360,197,95,25,351,226
g337	2839	6	2	1	5	0.83333333333333337	701,701,701,701,2472,701
g338	128	6	2	1	3	0.5	77,59,68,68,47,68
g339	2839	20	2	NA	NA	NA	177,11,213,160,195,2,190,120,129,86,146,3,196,19,185,14,205,51,48,187
g340	393	360	5	1	226	0.29779353864464631	31,167,312,153,158,150,151,149,52,158,271,150,147,65,233,151,149,151,158,144,90,149,86,17,2,158,171,102,149,152,158,329,158,147,271,158,15,149,158,192,31,158,345,157,154,157,204,158,158,158,158,312,336,20,149,149,167,149,140,152,369,13,157,153,267,167,158,158,158,158,309,149,127,158,158,112,159,149,150,150,153,95,166,158,158,158,149,149,149,149,71,149,236,149,166,158,158,279,153,158,192,149,158,206,149,35,122,306,25,158,125,158,149,149,387,149,158,158,152,149,158,158,219,149,372,149,153,158,158,149,149,215,75,152,149,42,380,4,149,149,358,381,340,122,151,152,158,149,149,20,158,150,295,158,158,2,271,149,149,149,129,149,356,83,149,149,150,44,155,158,158,149,372,156,205,239,347,158,158,158,149,158,149,158,149,280,325,326,149,337,149,149,192,213,149,158,133,158,214,149,148,149,154,158,158,149,156,154,158,215,158,163,149,149,149,201,150,392,158,149,155,155,152,278,158,149,155,157,1,180,149,40,273,158,158,71,81,158,215,158,99,318,149,229,86,158,149,149,149,218,149,149,158,158,340,158,224,151,158,226,149,149,102,158,149,201,366,158,158,158,156,158,156,149,158,207,150,158,149,325,147,158,233,158,32,295,210,1,152,260,301,203,158,315,149,149,12,158,158,96,149,321,158,158,158,158,158,287,42,158,150,158,149,41,158,149,207,9,152,158,158,295,153,149,234,158,149,149,151,156,158,149,149,154,31,149,89,157,156,45,149,149,298,149,149,149,244,101,158,184,154,158,27,215,173,158,149,158,150,153
g341	1512	110	2	1	109	0.51197541544908332	1423,1427,1430,1427,1427,1430,1425,1430,1427,1427,1423,1431,1430,1430,1423,1424,1422,1425,1435,1432,1430,1427,1422,1427,1427,1422,1430,1427,1427,1427,1427,1424,1434,1430,1430,1436,1427,1434,1432,1430,1427,1427,1434,1427,1430,1427,1427,1436,1429,1432,1434,1427,1433,1427,1430,1422,1432,1430,1430,1427,1427,1426,1428,1430,1436,1427,1432,1434,1427,1426,1430,1431,1430,1428,1430,1424,1427,1430,1427,1430,1427,1430,1430,1427,1427,1430,1432,1429,1430,1430,1427,1430,1427,1430,1436,1425,1431,1428,1436,1430,1432,1427,1432,1430,1428,1431,1433,1428,1430,1430
g342	60	360	13	NA	NA	NA	1,49,53,10,17,18,16,36,31,23,41,11,31,30,28,48,23,42,58,7,27,7,25,34,14,20,31,38,46,23,11,23,5,6,18,23,35,31,38,14,59,19,46,41,7,56,58,59,3,18,25,36,14,30,45,52,56,21,40,60,27,21,54,39,25,29,13,41,19,54,59,24,5,39,5,58,7,49,39,40,58,44,60,59,33,3,38,57,37,23,42,5,18,25,23,56,30,33,36,3,32,48,29,20,40,15,14,7,49,19,46,53,59,11,18,53,8,18,60,35,52,10,21,31,44,36,55,3,8,53,29,11,45,55,35,3,39,2,7,55,15,14,56,26,29,7,6,60,46,17,43,23,29,34,17,22,22,11,1,33,19,27,14,22,8,36,54,42,27,1,60,59,16,45,51,11,54,59,8,3,11,30,31,50,8,30,35,40,18,6,23,10,51,35,24,4,44,44,2,16,19,24,50,26,35,24,50,23,40,2,52,42,32,28,1,30,49,32,38,7,4,16,26,19,55,57,7,7,53,39,3,32,48,22,2,55,3,28,37,1,9,27,24,55,19,45,5,41,40,53,33,25,32,40,8,28,44,34,49,9,59,56,44,34,49,30,16,2,59,45,56,2,42,3,54,18,32,1,35,5,14,15,44,31,19,37,10,13,21,24,8,31,26,39,48,29,34,30,22,45,43,21,18,54,49,28,27,51,11,3,38,21,54,22,4,54,36,45,55,23,2,40,34,7,15,11,53,10,44,58,48,5,48,32,24,46,48,59,17,31,10,12,5,60,15,4,32,48,29,29,45,45,47,59,9,41,8,53,3,23
g343	128	110	4	1	77	0.67527572805354474	16,54,54,54,54,62,37,54,69,54,54,54,54,54,54,54,96,54,54,54,54,54,10,54,54,122,49,54,54,44,54,54,54,54,54,54,33,54,54,54,54,94,42,113,54,54,54,17,54,108,54,54,54,54,54,23,54,69,54,54,54,54,45,13,54,54,54,54,122,54,54,54,54,54,102,54,83,54,71,54,54,54,104,61,31,54,93,54,52,54,94,54,63,54,54,82,60,54,89,54,54,72,54,54,54,58,54,84,54,57
g344	128	60	4	1	44	0.42799708370835959	115,114,90,118,115,119,119,119,118,115,15,119,115,114,60,20,118,66,86,46,99,118,114,118,91,118,118,63,119,120,115,114,115,118,119,114,115,114,22,115,119,43,114,118,115,122,114,41,115,118,118,27,119,115,118,115,115,118,95,1
g345	189	5	2	NA	NA	NA	147,98,31,115,90
g346	1512	6	2	NA	NA	NA	155,377,190,157,341,854
g347	128	6	2	1	6	0.81903559372884915	42,43,43,42,44,42
g348	393	5	2	NA	NA	NA	223,44,324,112,81
g349	741	7	2	1	7	1	640,640,640,640,640,640,640
g350	480	6	2	1	5	0.58333333333333326	186,186,467,182,182,182
g351	60	5	2	NA	NA	NA	46,41,45,4,51
g352	741	20	2	2	11	0.47374368670764583	402,154,212,128,412,440,119,712,122,129,129,119,119,4,119,129,698,118,120,725
g353	480	5	2	1	5	0.8125	186,190,190,186,194
g354	1068	9	2	NA	NA	NA	1066,984,126,450,689,1058,501,547,815
g355	189	7	2	1	4	0.5714285714285714	154,154,154,187,106,154,36
g356	1068	12	2	2	8	0.66666666666666674	458,458,452,452,458,659,452,956,324,452,452,214
g357	480	35	2	NA	NA	NA	328,193,290,255,238,159,270,321,344,260,217,279,107,67,87,280,55,296,184,46,37,132,61,230,84,45,306,273,164,224,355,311,221,269,77
g358	480	7	2	1	4	0.5714285714285714	172,166,172,172,136,172,249
g359	128	60	4	1	54	0.77397475483988321	103,99,99,97,103,99,103,103,97,103,103,103,96,100,101,101,99,106,98,105,95,99,105,98,103,103,103,104,100,103,108,99,103,95,103,103,99,99,99,104,99,101,99,103,99,95,98,102,99,103,99,103,96,99,99,99,103,99,94,98
g360	189	6	2	NA	NA	NA	119,155,181,116,73,141
