case,linkage,distance,kind,idx,value
0,average,euclidean,height,0,0.072761509956276407
0,average,euclidean,height,1,0.102357258938706439
0,average,euclidean,height,2,0.123814705575511608
0,average,euclidean,height,3,0.170649682733024582
0,average,euclidean,height,4,0.195440596081270124
0,average,euclidean,height,5,0.226995802807680336
0,average,euclidean,height,6,0.245046064276624009
0,average,euclidean,height,7,0.248207402428480800
0,average,euclidean,height,8,0.253437639509757728
0,average,euclidean,height,9,0.272375629738199954
0,average,euclidean,height,10,0.290864429525303059
0,average,euclidean,height,11,0.302888799111382223
0,average,euclidean,height,12,0.310128408631011210
0,average,euclidean,height,13,0.540411114881787169
0,average,euclidean,height,14,0.627538511959239154
0,average,euclidean,height,15,0.688746418487519718
0,average,euclidean,height,16,0.790110954245442421
0,average,euclidean,height,17,1.002623359368360223
0,average,euclidean,height,18,1.141216666164754923
0,average,euclidean,cut,2,0;0;0;0;0;1;1;0;0;0;0;1;0;0;1;0;1;0;0;1
0,average,euclidean,cut,3,0;0;0;1;0;2;2;0;0;1;0;2;1;0;2;0;2;0;1;2
0,average,euclidean,cut,4,0;0;0;1;0;2;3;0;0;1;0;3;1;0;2;0;2;0;1;3
0,average,euclidean,cut,5,0;0;0;1;0;2;3;4;0;1;4;3;1;4;2;0;2;0;1;3
0,average,euclidean,cut,6,0;0;0;1;0;2;3;4;0;1;4;3;1;4;2;0;2;0;1;5
0,complete,euclidean,height,0,0.072761509956276407
0,complete,euclidean,height,1,0.102357258938706439
0,complete,euclidean,height,2,0.123814705575511608
0,complete,euclidean,height,3,0.170649682733024582
0,complete,euclidean,height,4,0.245046064276624009
0,complete,euclidean,height,5,0.248207402428480800
0,complete,euclidean,height,6,0.256197002248868155
0,complete,euclidean,height,7,0.263323834454783745
0,complete,euclidean,height,8,0.272375629738199954
0,complete,euclidean,height,9,0.292245958696975228
0,complete,euclidean,height,10,0.310128408631011210
0,complete,euclidean,height,11,0.317061210035412488
0,complete,euclidean,height,12,0.380320409171855722
0,complete,euclidean,height,13,0.693104796670157786
0,complete,euclidean,height,14,0.764131351490522581
0,complete,euclidean,height,15,0.888262099075063150
0,complete,euclidean,height,16,0.998013445428779122
0,complete,euclidean,height,17,1.605721841578787057
0,complete,euclidean,height,18,1.870538531095204959
0,complete,euclidean,cut,2,0;0;0;0;0;1;1;0;0;0;0;1;0;0;1;0;1;0;0;1
0,complete,euclidean,cut,3,0;0;0;1;0;2;2;0;0;1;0;2;1;0;2;0;2;0;1;2
0,complete,euclidean,cut,4,0;0;0;1;0;2;3;0;0;1;0;3;1;0;2;0;2;0;1;3
0,complete,euclidean,cut,5,0;0;0;1;0;2;3;4;0;1;4;3;1;4;2;0;2;0;1;3
0,complete,euclidean,cut,6,0;0;0;1;0;2;3;4;0;1;4;3;1;4;2;0;2;0;1;5
0,ward.D2,euclidean,height,0,0.072761509956276407
0,ward.D2,euclidean,height,1,0.102357258938706439
0,ward.D2,euclidean,height,2,0.123814705575511608
0,ward.D2,euclidean,height,3,0.170649682733024582
0,ward.D2,euclidean,height,4,0.245046064276624009
0,ward.D2,euclidean,height,5,0.248207402428480800
0,ward.D2,euclidean,height,6,0.255177121617986280
0,ward.D2,euclidean,height,7,0.262102425380809023
0,ward.D2,euclidean,height,8,0.268805452519528865
0,ward.D2,euclidean,height,9,0.272375629738199954
0,ward.D2,euclidean,height,10,0.310128408631011210
0,ward.D2,euclidean,height,11,0.342137633002252362
0,ward.D2,euclidean,height,12,0.387947568365866413
0,ward.D2,euclidean,height,13,0.719645542697453400
0,ward.D2,euclidean,height,14,0.863513657761810771
0,ward.D2,euclidean,height,15,1.249228203745019083
0,ward.D2,euclidean,height,16,1.310854380122287832
0,ward.D2,euclidean,height,17,2.298481609179180651
0,ward.D2,euclidean,height,18,2.799333738236653435
0,ward.D2,euclidean,cut,2,0;0;0;0;0;1;1;0;0;0;0;1;0;0;1;0;1;0;0;1
0,ward.D2,euclidean,cut,3,0;0;0;1;0;2;2;0;0;1;0;2;1;0;2;0;2;0;1;2
0,ward.D2,euclidean,cut,4,0;0;0;1;0;2;2;3;0;1;3;2;1;3;2;0;2;0;1;2
0,ward.D2,euclidean,cut,5,0;0;0;1;0;2;3;4;0;1;4;3;1;4;2;0;2;0;1;3
0,ward.D2,euclidean,cut,6,0;0;1;2;0;3;4;5;0;2;5;4;2;5;3;1;3;0;2;4
0,single,euclidean,height,0,0.072761509956276407
0,single,euclidean,height,1,0.102357258938706439
0,single,euclidean,height,2,0.108947578859525135
0,single,euclidean,height,3,0.123814705575511608
0,single,euclidean,height,4,0.170649682733024582
0,single,euclidean,height,5,0.190667771160576927
0,single,euclidean,height,6,0.205268479067082149
0,single,euclidean,height,7,0.245046064276624009
0,single,euclidean,height,8,0.245331847051698748
0,single,euclidean,height,9,0.248207402428480800
0,single,euclidean,height,10,0.250678276770647246
0,single,euclidean,height,11,0.272375629738199954
0,single,euclidean,height,12,0.310128408631011210
0,single,euclidean,height,13,0.363297179135159631
0,single,euclidean,height,14,0.409061057355028290
0,single,euclidean,height,15,0.411839365458926854
0,single,euclidean,height,16,0.490945672427955782
0,single,euclidean,height,17,0.497662011299106255
0,single,euclidean,height,18,0.554802860865139080
0,single,euclidean,cut,2,0;0;0;0;0;0;1;0;0;0;0;1;0;0;0;0;0;0;0;1
0,single,euclidean,cut,3,0;0;0;1;0;0;2;0;0;1;0;2;1;0;0;0;0;0;1;2
0,single,euclidean,cut,4,0;0;0;1;0;0;2;0;0;1;0;2;1;0;0;0;0;0;1;3
0,single,euclidean,cut,5,0;0;0;1;0;0;2;3;0;1;3;2;1;3;0;0;0;0;1;4
0,single,euclidean,cut,6,0;0;1;2;0;1;3;4;0;2;4;3;2;4;1;1;1;0;2;5
0,centroid,euclidean,height,0,0.072761509956276407
0,centroid,euclidean,height,1,0.102357258938706439
0,centroid,euclidean,height,2,0.123814705575511608
0,centroid,euclidean,height,3,0.170649682733024582
0,centroid,euclidean,height,4,0.190074158296477391
0,centroid,euclidean,height,5,0.226987358773295816
0,centroid,euclidean,height,6,0.245046064276624009
0,centroid,euclidean,height,7,0.248207402428480800
0,centroid,euclidean,height,8,0.220989869785767401
0,centroid,euclidean,height,9,0.270483548386477590
0,centroid,euclidean,height,10,0.272375629738199954
0,centroid,euclidean,height,11,0.274320356336335891
0,centroid,euclidean,height,12,0.310128408631011210
0,centroid,euclidean,height,13,0.510861569311504948
0,centroid,euclidean,height,14,0.623231321696233631
0,centroid,euclidean,height,15,0.639631442593122435
0,centroid,euclidean,height,16,0.721242239711459399
0,centroid,euclidean,height,17,0.961523842061969058
0,centroid,euclidean,height,18,0.965861900931099804
0,centroid,euclidean,cut,2,0;0;0;0;0;1;1;0;0;0;0;1;0;0;1;0;1;0;0;1
0,centroid,euclidean,cut,3,0;0;0;1;0;2;2;0;0;1;0;2;1;0;2;0;2;0;1;2
0,centroid,euclidean,cut,4,0;0;0;1;0;2;3;0;0;1;0;3;1;0;2;0;2;0;1;3
0,centroid,euclidean,cut,5,0;0;0;1;0;2;3;4;0;1;4;3;1;4;2;0;2;0;1;3
0,centroid,euclidean,cut,6,0;0;0;1;0;2;3;4;0;1;4;3;1;4;2;0;2;0;1;5
0,average,manhattan,height,0,0.085182570680842395
0,average,manhattan,height,1,0.137402158549569442
0,average,manhattan,height,2,0.142774579176526140
0,average,manhattan,height,3,0.202784748125931863
0,average,manhattan,height,4,0.227502749082997890
0,average,manhattan,height,5,0.248050776138026396
0,average,manhattan,height,6,0.274927774586268270
0,average,manhattan,height,7,0.296063292055147476
0,average,manhattan,height,8,0.321550355795493847
0,average,manhattan,height,9,0.335396353260202229
0,average,manhattan,height,10,0.361421112771872666
0,average,manhattan,height,11,0.379080501563946126
0,average,manhattan,height,12,0.395859694109728322
0,average,manhattan,height,13,0.697509879376359776
0,average,manhattan,height,14,0.849966905876946122
0,average,manhattan,height,15,0.864691103667987293
0,average,manhattan,height,16,1.005093320193768625
0,average,manhattan,height,17,1.247965601956416037
0,average,manhattan,height,18,1.464183310866349119
0,average,manhattan,cut,2,0;0;0;0;0;1;1;0;0;0;0;1;0;0;1;0;1;0;0;1
0,average,manhattan,cut,3,0;0;0;1;0;2;2;0;0;1;0;2;1;0;2;0;2;0;1;2
0,average,manhattan,cut,4,0;0;0;1;0;2;3;0;0;1;0;3;1;0;2;0;2;0;1;3
0,average,manhattan,cut,5,0;0;0;1;0;2;3;4;0;1;4;3;1;4;2;0;2;0;1;3
0,average,manhattan,cut,6,0;0;0;1;0;2;3;4;0;1;4;3;1;4;2;0;2;0;1;5
0,complete,manhattan,height,0,0.085182570680842395
0,complete,manhattan,height,1,0.137402158549569442
0,complete,manhattan,height,2,0.142774579176526140
0,complete,manhattan,height,3,0.202784748125931863
0,complete,manhattan,height,4,0.248050776138026396
0,complete,manhattan,height,5,0.296063292055147476
0,complete,manhattan,height,6,0.300961260632909955
0,complete,manhattan,height,7,0.317519059926689440
0,complete,manhattan,height,8,0.321550355795493847
0,complete,manhattan,height,9,0.362096989438687844
0,complete,manhattan,height,10,0.379080501563946126
0,complete,manhattan,height,11,0.442284230493896480
0,complete,manhattan,height,12,0.485895354067760021
0,complete,manhattan,height,13,0.891604943331316679
0,complete,manhattan,height,14,1.010742083774692990
0,complete,manhattan,height,15,1.209513552411616732
0,complete,manhattan,height,16,1.372585737662217475
0,complete,manhattan,height,17,1.968943420345814932
0,complete,manhattan,height,18,2.562235926530583185
0,complete,manhattan,cut,2,0;0;0;0;0;1;1;0;0;0;0;1;0;0;1;0;1;0;0;1
0,complete,manhattan,cut,3,0;0;0;1;0;2;2;0;0;1;0;2;1;0;2;0;2;0;1;2
0,complete,manhattan,cut,4,0;0;0;1;0;2;3;0;0;1;0;3;1;0;2;0;2;0;1;3
0,complete,manhattan,cut,5,0;0;0;1;0;2;3;4;0;1;4;3;1;4;2;0;2;0;1;3
0,complete,manhattan,cut,6,0;0;0;1;0;2;3;4;0;1;4;3;1;4;2;0;2;0;1;5
0,ward.D2,manhattan,height,0,0.085182570680842395
0,ward.D2,manhattan,height,1,0.137402158549569442
0,ward.D2,manhattan,height,2,0.142774579176526140
0,ward.D2,manhattan,height,3,0.202784748125931863
0,ward.D2,manhattan,height,4,0.248050776138026396
0,ward.D2,manhattan,height,5,0.296063292055147476
0,ward.D2,manhattan,height,6,0.300096914048984920
0,ward.D2,manhattan,height,7,0.317459249330173443
0,ward.D2,manhattan,height,8,0.321550355795493847
0,ward.D2,manhattan,height,9,0.348884449881705749
0,ward.D2,manhattan,height,10,0.379080501563946126
0,ward.D2,manhattan,height,11,0.433326031840608250
0,ward.D2,manhattan,height,12,0.527120992777830977
0,ward.D2,manhattan,height,13,0.981457243820656355
0,ward.D2,manhattan,height,14,1.114976933517824786
0,ward.D2,manhattan,height,15,1.580433696839139257
0,ward.D2,manhattan,height,16,1.649542178538019543
0,ward.D2,manhattan,height,17,2.821044749955476050
0,ward.D2,manhattan,height,18,3.660353805327940968
0,ward.D2,manhattan,cut,2,0;0;0;0;0;1;1;0;0;0;0;1;0;0;1;0;1;0;0;1
0,ward.D2,manhattan,cut,3,0;0;0;1;0;2;2;0;0;1;0;2;1;0;2;0;2;0;1;2
0,ward.D2,manhattan,cut,4,0;0;0;1;0;2;2;3;0;1;3;2;1;3;2;0;2;0;1;2
0,ward.D2,manhattan,cut,5,0;0;0;1;0;2;3;4;0;1;4;3;1;4;2;0;2;0;1;3
0,ward.D2,manhattan,cut,6,0;0;1;2;0;3;4;5;0;2;5;4;2;5;3;1;3;0;2;4
0,single,manhattan,height,0,0.085182570680842395
0,single,manhattan,height,1,0.137402158549569442
0,single,manhattan,height,2,0.142774579176526140
0,single,manhattan,height,3,0.154044237533085770
0,single,manhattan,height,4,0.202784748125931863
0,single,manhattan,height,5,0.232336489245847044
0,single,manhattan,height,6,0.248050776138026396
0,single,manhattan,height,7,0.269855230690743575
0,single,manhattan,height,8,0.296063292055147476
0,single,manhattan,height,9,0.299509651317370340
0,single,manhattan,height,10,0.308695717081716614
0,single,manhattan,height,11,0.321550355795493847
0,single,manhattan,height,12,0.372566633503838562
0,single,manhattan,height,13,0.379080501563946126
0,single,manhattan,height,14,0.488013772506321719
0,single,manhattan,height,15,0.516885420282174435
0,single,manhattan,height,16,0.676635390899303357
0,single,manhattan,height,17,0.689191727979199253
0,single,manhattan,height,18,0.712219359301705657
0,single,manhattan,cut,2,0;0;0;0;0;0;1;0;0;0;0;1;0;0;0;0;0;0;0;1
0,single,manhattan,cut,3,0;0;0;0;0;0;1;0;0;0;0;1;0;0;0;0;0;0;0;2
0,single,manhattan,cut,4,0;0;0;1;0;0;2;0;0;1;0;2;1;0;0;0;0;0;1;3
0,single,manhattan,cut,5,0;0;1;2;0;1;3;1;0;2;1;3;2;1;1;1;1;0;2;4
0,single,manhattan,cut,6,0;0;1;2;0;1;3;4;0;2;4;3;2;4;1;1;1;0;2;5
0,centroid,manhattan,height,0,0.085182570680842395
0,centroid,manhattan,height,1,0.137402158549569442
0,centroid,manhattan,height,2,0.142774579176526140
0,centroid,manhattan,height,3,0.202784748125931863
0,centroid,manhattan,height,4,0.212200562937193749
0,centroid,manhattan,height,5,0.248050776138026396
0,centroid,manhattan,height,6,0.274927774586268270
0,centroid,manhattan,height,7,0.296063292055147476
0,centroid,manhattan,height,8,0.302142796582915929
0,centroid,manhattan,height,9,0.321550355795493847
0,centroid,manhattan,height,10,0.342574307514741827
0,centroid,manhattan,height,11,0.372730828498989419
0,centroid,manhattan,height,12,0.379080501563946126
0,centroid,manhattan,height,13,0.659629249500720771
0,centroid,manhattan,height,14,0.804894166183467874
0,centroid,manhattan,height,15,0.849966905876946233
0,centroid,manhattan,height,16,0.912463820306432472
0,centroid,manhattan,height,17,1.180127687675781578
0,centroid,manhattan,height,18,1.262942048032270392
0,centroid,manhattan,cut,2,0;0;0;0;0;1;1;0;0;0;0;1;0;0;1;0;1;0;0;1
0,centroid,manhattan,cut,3,0;0;0;1;0;2;2;0;0;1;0;2;1;0;2;0;2;0;1;2
0,centroid,manhattan,cut,4,0;0;0;1;0;2;3;0;0;1;0;3;1;0;2;0;2;0;1;3
0,centroid,manhattan,cut,5,0;0;0;1;0;2;3;0;0;1;0;3;1;0;2;0;2;0;1;4
0,centroid,manhattan,cut,6,0;0;0;1;0;2;3;4;0;1;4;3;1;4;2;0;2;0;1;5
1,average,euclidean,height,0,0.043360097119185460
1,average,euclidean,height,1,0.093358843434352481
1,average,euclidean,height,2,0.121336394384235310
1,average,euclidean,height,3,0.152106248206278438
1,average,euclidean,height,4,0.184561734833984609
1,average,euclidean,height,5,0.195406979790852697
1,average,euclidean,height,6,0.213112997912175195
1,average,euclidean,height,7,0.216585345337016261
1,average,euclidean,height,8,0.343892209359265788
1,average,euclidean,height,9,0.418166020455517706
1,average,euclidean,height,10,0.433837838258549768
1,average,euclidean,height,11,0.566454753531644206
1,average,euclidean,height,12,0.574261235545140636
1,average,euclidean,height,13,0.648274826667730397
1,average,euclidean,height,14,0.860337423983537963
1,average,euclidean,height,15,0.874669468354618673
1,average,euclidean,height,16,1.001619742037881400
1,average,euclidean,height,17,1.158954130409940220
1,average,euclidean,height,18,1.885954033762099469
1,average,euclidean,cut,2,0;0;0;0;0;0;0;0;0;0;0;0;1;0;0;0;0;0;0;1
1,average,euclidean,cut,3,0;0;0;0;0;0;0;0;0;0;0;1;2;0;0;0;0;1;0;2
1,average,euclidean,cut,4,0;1;0;0;0;0;0;0;0;0;0;2;3;1;0;0;1;2;0;3
1,average,euclidean,cut,5,0;1;0;0;0;0;2;0;0;0;0;3;4;1;0;0;1;3;0;4
1,average,euclidean,cut,6,0;1;0;0;0;0;2;0;0;0;0;3;4;1;0;0;1;5;0;4
1,complete,euclidean,height,0,0.043360097119185460
1,complete,euclidean,height,1,0.093358843434352481
1,complete,euclidean,height,2,0.121336394384235310
1,complete,euclidean,height,3,0.184561734833984609
1,complete,euclidean,height,4,0.186444511506438676
1,complete,euclidean,height,5,0.230600093875735213
1,complete,euclidean,height,6,0.234446242207709127
1,complete,euclidean,height,7,0.236660461185331489
1,complete,euclidean,height,8,0.433837838258549768
1,complete,euclidean,height,9,0.457823580422203946
1,complete,euclidean,height,10,0.574261235545140636
1,complete,euclidean,height,11,0.699532932435499410
1,complete,euclidean,height,12,0.717383935103558579
1,complete,euclidean,height,13,0.824304147289051881
1,complete,euclidean,height,14,0.860337423983537963
1,complete,euclidean,height,15,1.269871361046345015
1,complete,euclidean,height,16,1.632735947295493650
1,complete,euclidean,height,17,1.934929801615596912
1,complete,euclidean,height,18,3.111292766465305171
1,complete,euclidean,cut,2,0;0;0;0;0;0;0;0;0;0;0;1;1;0;0;0;0;1;0;1
1,complete,euclidean,cut,3,0;0;0;0;0;0;0;0;0;0;0;1;2;0;0;0;0;1;0;2
1,complete,euclidean,cut,4,0;1;0;0;0;0;0;0;0;0;0;2;3;0;0;0;1;2;0;3
1,complete,euclidean,cut,5,0;1;2;0;0;0;2;0;0;2;2;3;4;2;2;0;1;3;2;4
1,complete,euclidean,cut,6,0;1;2;0;0;0;2;0;0;2;2;3;4;2;2;0;1;5;2;4
1,ward.D2,euclidean,height,0,0.043360097119185460
1,ward.D2,euclidean,height,1,0.093358843434352481
1,ward.D2,euclidean,height,2,0.121336394384235310
1,ward.D2,euclidean,height,3,0.171800111206836831
1,ward.D2,euclidean,height,4,0.184561734833984609
1,ward.D2,euclidean,height,5,0.223475201948621638
1,ward.D2,euclidean,height,6,0.230600093875735213
1,ward.D2,euclidean,height,7,0.265307977633711556
1,ward.D2,euclidean,height,8,0.433837838258549768
1,ward.D2,euclidean,height,9,0.434843940124229167
1,ward.D2,euclidean,height,10,0.574261235545140636
1,ward.D2,euclidean,height,11,0.740742837153654632
1,ward.D2,euclidean,height,12,0.773930378378583805
1,ward.D2,euclidean,height,13,0.860337423983537963
1,ward.D2,euclidean,height,14,0.937364647301573206
1,ward.D2,euclidean,height,15,1.364176047818295379
1,ward.D2,euclidean,height,16,1.601674172636526450
1,ward.D2,euclidean,height,17,2.270571721623934724
1,ward.D2,euclidean,height,18,3.453001239613733730
1,ward.D2,euclidean,cut,2,0;0;0;0;0;0;0;0;0;0;0;0;1;0;0;0;0;0;0;1
1,ward.D2,euclidean,cut,3,0;1;0;0;0;0;0;0;0;0;0;0;2;1;0;0;1;0;0;2
1,ward.D2,euclidean,cut,4,0;1;0;0;0;0;0;0;0;0;0;2;3;1;0;0;1;2;0;3
1,ward.D2,euclidean,cut,5,0;1;2;0;2;2;2;2;0;2;2;3;4;1;2;0;1;3;2;4
1,ward.D2,euclidean,cut,6,0;1;2;0;2;2;3;2;0;2;2;4;5;1;2;0;1;4;2;5
1,single,euclidean,height,0,0.043360097119185460
1,single,euclidean,height,1,0.093358843434352481
1,single,euclidean,height,2,0.117767984906118200
1,single,euclidean,height,3,0.121336394384235310
1,single,euclidean,height,4,0.146947422692432716
1,single,euclidean,height,5,0.165889660961346525
1,single,euclidean,height,6,0.176822636212350420
1,single,euclidean,height,7,0.184561734833984609
1,single,euclidean,height,8,0.189565534639018873
1,single,euclidean,height,9,0.230600093875735213
1,single,euclidean,height,10,0.283108549342285964
1,single,euclidean,height,11,0.372096835776526469
1,single,euclidean,height,12,0.433837838258549768
1,single,euclidean,height,13,0.452523633361096189
1,single,euclidean,height,14,0.515658646991565717
1,single,euclidean,height,15,0.544649063032009773
1,single,euclidean,height,16,0.574261235545140636
1,single,euclidean,height,17,0.684062361062623414
1,single,euclidean,height,18,1.062884964518492348
1,single,euclidean,cut,2,0;0;0;0;0;0;0;0;0;0;0;0;1;0;0;0;0;0;0;1
1,single,euclidean,cut,3,0;0;0;0;0;0;0;0;0;0;0;0;1;0;0;0;0;2;0;1
1,single,euclidean,cut,4,0;0;0;0;0;0;0;0;0;0;0;0;1;0;0;0;0;2;0;3
1,single,euclidean,cut,5,0;0;0;0;0;0;0;0;0;0;0;1;2;0;0;0;0;3;0;4
1,single,euclidean,cut,6,0;0;0;0;0;0;1;0;0;0;0;2;3;0;0;0;0;4;0;5
1,centroid,euclidean,height,0,0.043360097119185460
1,centroid,euclidean,height,1,0.093358843434352481
1,centroid,euclidean,height,2,0.121336394384235310
1,centroid,euclidean,height,3,0.148783260678112345
1,centroid,euclidean,height,4,0.184561734833984609
1,centroid,euclidean,height,5,0.187601070087686311
1,centroid,euclidean,height,6,0.193535202003364021
1,centroid,euclidean,height,7,0.204148999023986893
1,centroid,euclidean,height,8,0.335177597377978087
1,centroid,euclidean,height,9,0.399655928877901301
1,centroid,euclidean,height,10,0.433837838258549768
1,centroid,euclidean,height,11,0.513807289918699617
1,centroid,euclidean,height,12,0.574261235545140636
1,centroid,euclidean,height,13,0.641502114646424371
1,centroid,euclidean,height,14,0.836346967779480255
1,centroid,euclidean,height,15,0.889810468600703897
1,centroid,euclidean,height,16,0.952255317910833177
1,centroid,euclidean,height,17,1.031271041714344028
1,centroid,euclidean,height,18,1.599969351526941530
1,centroid,euclidean,cut,2,0;0;0;0;0;0;0;0;0;0;0;0;1;0;0;0;0;1;0;1
1,centroid,euclidean,cut,3,0;0;0;0;0;0;0;0;0;0;0;0;1;0;0;0;0;2;0;1
1,centroid,euclidean,cut,4,0;1;0;0;0;0;0;0;0;0;0;0;2;1;0;0;1;3;0;2
1,centroid,euclidean,cut,5,0;1;0;0;0;0;2;0;0;0;0;0;3;1;0;0;1;4;0;3
1,centroid,euclidean,cut,6,0;1;0;0;0;0;2;0;0;0;0;3;4;1;0;0;1;5;0;4
1,average,manhattan,height,0,0.053026155468870739
1,average,manhattan,height,1,0.129165374868574268
1,average,manhattan,height,2,0.138896851137740668
1,average,manhattan,height,3,0.172720444720364963
1,average,manhattan,height,4,0.237557310270575445
1,average,manhattan,height,5,0.264762680401604444
1,average,manhattan,height,6,0.279049916008054621
1,average,manhattan,height,7,0.279436186226586725
1,average,manhattan,height,8,0.406719595509127507
1,average,manhattan,height,9,0.458846910213920767
1,average,manhattan,height,10,0.557295491083241501
1,average,manhattan,height,11,0.727015760274348777
1,average,manhattan,height,12,0.807837554481057873
1,average,manhattan,height,13,0.842907687614650514
1,average,manhattan,height,14,1.099120870934886973
1,average,manhattan,height,15,1.213393592128216625
1,average,manhattan,height,16,1.294314594984040223
1,average,manhattan,height,17,1.482193959321080223
1,average,manhattan,height,18,2.305492161703035947
1,average,manhattan,cut,2,0;0;0;0;0;0;0;0;0;0;0;0;1;0;0;0;0;0;0;1
1,average,manhattan,cut,3,0;1;0;0;0;0;0;0;0;0;0;0;2;0;0;0;1;0;0;2
1,average,manhattan,cut,4,0;1;0;0;0;0;0;0;0;0;0;2;3;0;0;0;1;2;0;3
1,average,manhattan,cut,5,0;1;0;0;0;0;0;0;0;0;0;2;3;0;0;0;1;4;0;3
1,average,manhattan,cut,6,0;1;0;0;0;0;2;0;0;0;0;3;4;2;0;0;1;5;0;4
1,complete,manhattan,height,0,0.053026155468870739
1,complete,manhattan,height,1,0.129165374868574268
1,complete,manhattan,height,2,0.138896851137740668
1,complete,manhattan,height,3,0.190660622381002426
1,complete,manhattan,height,4,0.237557310270575445
1,complete,manhattan,height,5,0.279049916008054621
1,complete,manhattan,height,6,0.297595511078745767
1,complete,manhattan,height,7,0.330541236417303042
1,complete,manhattan,height,8,0.458846910213920767
1,complete,manhattan,height,9,0.639519583432956673
1,complete,manhattan,height,10,0.807837554481057873
1,complete,manhattan,height,11,0.842907687614650514
1,complete,manhattan,height,12,0.873585362115101072
1,complete,manhattan,height,13,1.041274597847715810
1,complete,manhattan,height,14,1.213393592128216625
1,complete,manhattan,height,15,1.638652738700600908
1,complete,manhattan,height,16,1.938183415630984952
1,complete,manhattan,height,17,2.709370649470743242
1,complete,manhattan,height,18,3.165302759556026135
1,complete,manhattan,cut,2,0;0;0;0;1;1;0;1;0;0;0;1;1;0;0;0;0;1;0;1
1,complete,manhattan,cut,3,0;0;0;0;1;1;0;1;0;0;0;1;2;0;0;0;0;1;0;2
1,complete,manhattan,cut,4,0;0;0;0;1;1;2;1;0;0;0;1;3;2;0;0;0;1;0;3
1,complete,manhattan,cut,5,0;1;0;0;2;2;3;2;0;0;0;2;4;3;0;0;1;2;0;4
1,complete,manhattan,cut,6,0;1;0;0;2;2;3;2;0;0;0;2;4;3;0;0;1;5;0;4
1,ward.D2,manhattan,height,0,0.053026155468870739
1,ward.D2,manhattan,height,1,0.129165374868574268
1,ward.D2,manhattan,height,2,0.138896851137740668
1,ward.D2,manhattan,height,3,0.186129984984189867
1,ward.D2,manhattan,height,4,0.237557310270575445
1,ward.D2,manhattan,height,5,0.279049916008054621
1,ward.D2,manhattan,height,6,0.292816152414669684
1,ward.D2,manhattan,height,7,0.367010986308921816
1,ward.D2,manhattan,height,8,0.458846910213920767
1,ward.D2,manhattan,height,9,0.615998459924511743
1,ward.D2,manhattan,height,10,0.807837554481057873
1,ward.D2,manhattan,height,11,0.842907687614650514
1,ward.D2,manhattan,height,12,0.918065163722123656
1,ward.D2,manhattan,height,13,1.134232122890669103
1,ward.D2,manhattan,height,14,1.253624594288413885
1,ward.D2,manhattan,height,15,1.752595417952910628
1,ward.D2,manhattan,height,16,2.041569709736439364
1,ward.D2,manhattan,height,17,2.889495819120452058
1,ward.D2,manhattan,height,18,4.155010481633177655
1,ward.D2,manhattan,cut,2,0;0;0;0;0;0;0;0;0;0;0;0;1;0;0;0;0;0;0;1
1,ward.D2,manhattan,cut,3,0;1;1;0;0;0;1;0;0;1;1;0;2;1;1;0;1;0;1;2
1,ward.D2,manhattan,cut,4,0;1;2;0;0;0;2;0;0;2;2;0;3;2;2;0;1;0;2;3
1,ward.D2,manhattan,cut,5,0;1;2;0;3;3;2;3;0;2;2;3;4;2;2;0;1;3;2;4
1,ward.D2,manhattan,cut,6,0;1;2;0;3;3;4;3;0;2;2;3;5;4;2;0;1;3;2;5
1,single,manhattan,height,0,0.053026155468870739
1,single,manhattan,height,1,0.129165374868574268
1,single,manhattan,height,2,0.138896851137740668
1,single,manhattan,height,3,0.154780267059727500
1,single,manhattan,height,4,0.198984124385905847
1,single,manhattan,height,5,0.220439440668428799
1,single,manhattan,height,6,0.231304292556327784
1,single,manhattan,height,7,0.237557310270575445
1,single,manhattan,height,8,0.261276861374427738
1,single,manhattan,height,9,0.279049916008054621
1,single,manhattan,height,10,0.301494389769058790
1,single,manhattan,height,11,0.458846910213920767
1,single,manhattan,height,12,0.524653519871327356
1,single,manhattan,height,13,0.575989851036355249
1,single,manhattan,height,14,0.595798847627267092
1,single,manhattan,height,15,0.702002454908954965
1,single,manhattan,height,16,0.714765767455851186
1,single,manhattan,height,17,0.807837554481057873
1,single,manhattan,height,18,1.143750171746549915
1,single,manhattan,cut,2,0;0;0;0;0;0;0;0;0;0;0;0;1;0;0;0;0;0;0;1
1,single,manhattan,cut,3,0;0;0;0;0;0;0;0;0;0;0;0;1;0;0;0;0;0;0;2
1,single,manhattan,cut,4,0;0;0;0;0;0;1;0;0;0;0;0;2;0;0;0;0;0;0;3
1,single,manhattan,cut,5,0;0;0;0;0;0;1;0;0;0;0;0;2;0;0;0;0;3;0;4
1,single,manhattan,cut,6,0;1;0;0;0;0;2;0;0;0;0;0;3;0;0;0;1;4;0;5
1,centroid,manhattan,height,0,0.053026155468870739
1,centroid,manhattan,height,1,0.129165374868574268
1,centroid,manhattan,height,2,0.138896851137740668
1,centroid,manhattan,height,3,0.161193295402324521
1,centroid,manhattan,height,4,0.237557310270575445
1,centroid,manhattan,height,5,0.253586226629520017
1,centroid,manhattan,height,6,0.259515957189001778
1,centroid,manhattan,height,7,0.270912956492718626
1,centroid,manhattan,height,8,0.447763177983271532
1,centroid,manhattan,height,9,0.458846910213920767
1,centroid,manhattan,height,10,0.524653519871327356
1,centroid,manhattan,height,11,0.686696463033717341
1,centroid,manhattan,height,12,0.804071311972894387
1,centroid,manhattan,height,13,0.807837554481057873
1,centroid,manhattan,height,14,1.026946377904870866
1,centroid,manhattan,height,15,1.134022429189140757
1,centroid,manhattan,height,16,1.149405754135028657
1,centroid,manhattan,height,17,1.197982002420717507
1,centroid,manhattan,height,18,2.189882803972342806
1,centroid,manhattan,cut,2,0;0;0;0;0;0;0;0;0;0;0;0;1;0;0;0;0;0;0;1
1,centroid,manhattan,cut,3,0;1;1;0;0;0;0;0;0;0;0;0;2;1;0;0;1;0;0;2
1,centroid,manhattan,cut,4,0;1;1;0;0;0;2;0;0;0;0;0;3;1;0;0;1;0;0;3
1,centroid,manhattan,cut,5,0;1;1;0;0;0;2;0;0;0;0;0;3;1;0;0;1;4;0;3
1,centroid,manhattan,cut,6,0;1;1;0;0;0;2;0;0;0;0;3;4;1;0;0;1;5;0;4
2,average,euclidean,height,0,0.044192078279415403
2,average,euclidean,height,1,0.094297791447127965
2,average,euclidean,height,2,0.097468228072964305
2,average,euclidean,height,3,0.162685030702211297
2,average,euclidean,height,4,0.187286137067954495
2,average,euclidean,height,5,0.191536047930494086
2,average,euclidean,height,6,0.231791411934807678
2,average,euclidean,height,7,0.271202336818632650
2,average,euclidean,height,8,0.273944783354577948
2,average,euclidean,height,9,0.292396043611686696
2,average,euclidean,height,10,0.370255000324312966
2,average,euclidean,height,11,0.448031409824633242
2,average,euclidean,height,12,0.467718276074795436
2,average,euclidean,height,13,0.569195511688754707
2,average,euclidean,height,14,0.602554835535891731
2,average,euclidean,height,15,0.693844149501726792
2,average,euclidean,height,16,0.920903897045639908
2,average,euclidean,height,17,1.013601040852631252
2,average,euclidean,height,18,1.429047772921177906
2,average,euclidean,cut,2,0;0;0;0;0;0;0;0;0;0;0;0;0;0;0;1;0;1;0;0
2,average,euclidean,cut,3,0;0;0;0;0;0;0;0;0;0;0;0;0;0;0;1;0;2;0;0
2,average,euclidean,cut,4,0;0;1;0;1;0;1;1;1;1;1;0;1;1;1;2;0;3;1;1
2,average,euclidean,cut,5,0;0;1;0;1;0;1;2;2;2;2;0;1;2;2;3;0;4;1;2
2,average,euclidean,cut,6,0;0;1;0;2;0;1;3;3;3;3;0;1;3;3;4;0;5;1;3
2,complete,euclidean,height,0,0.044192078279415403
2,complete,euclidean,height,1,0.094297791447127965
2,complete,euclidean,height,2,0.097468228072964305
2,complete,euclidean,height,3,0.170260907734034572
2,complete,euclidean,height,4,0.191536047930494086
2,complete,euclidean,height,5,0.231791411934807678
2,complete,euclidean,height,6,0.233292903847349714
2,complete,euclidean,height,7,0.280778600699538694
2,complete,euclidean,height,8,0.293068327318287969
2,complete,euclidean,height,9,0.405373654153540097
2,complete,euclidean,height,10,0.419211991860487798
2,complete,euclidean,height,11,0.470023635233115800
2,complete,euclidean,height,12,0.588378538716836763
2,complete,euclidean,height,13,0.732239075716506815
2,complete,euclidean,height,14,0.880055098065196439
2,complete,euclidean,height,15,1.013601040852631252
2,complete,euclidean,height,16,1.075427249814083996
2,complete,euclidean,height,17,1.712973937083469789
2,complete,euclidean,height,18,2.327468866186177987
2,complete,euclidean,cut,2,0;0;0;0;0;0;0;0;0;0;0;0;0;0;0;1;0;1;0;0
2,complete,euclidean,cut,3,0;0;1;0;1;0;1;1;1;1;1;0;1;1;1;2;0;2;1;1
2,complete,euclidean,cut,4,0;0;1;0;2;0;1;1;2;2;1;0;1;1;2;3;0;3;1;1
2,complete,euclidean,cut,5,0;0;1;0;2;0;1;1;2;2;1;0;1;1;2;3;0;4;1;1
2,complete,euclidean,cut,6,0;0;1;0;2;0;1;3;2;2;3;0;1;3;2;4;0;5;1;3
2,ward.D2,euclidean,height,0,0.044192078279415403
2,ward.D2,euclidean,height,1,0.094297791447127965
2,ward.D2,euclidean,height,2,0.097468228072964305
2,ward.D2,euclidean,height,3,0.180002943529373904
2,ward.D2,euclidean,height,4,0.191536047930494086
2,ward.D2,euclidean,height,5,0.215461383566860842
2,ward.D2,euclidean,height,6,0.231791411934807678
2,ward.D2,euclidean,height,7,0.280778600699538694
2,ward.D2,euclidean,height,8,0.316065856671791545
2,ward.D2,euclidean,height,9,0.366593357286274790
2,ward.D2,euclidean,height,10,0.426770304659352173
2,ward.D2,euclidean,height,11,0.440783652938968595
2,ward.D2,euclidean,height,12,0.662748286530459474
2,ward.D2,euclidean,height,13,0.745934394098768938
2,ward.D2,euclidean,height,14,1.010945296167477192
2,ward.D2,euclidean,height,15,1.015593108631403396
2,ward.D2,euclidean,height,16,1.465715365170566553
2,ward.D2,euclidean,height,17,2.167084593734651676
2,ward.D2,euclidean,height,18,2.608515070571265859
2,ward.D2,euclidean,cut,2,0;0;1;0;1;0;1;1;1;1;1;0;1;1;1;1;0;1;1;1
2,ward.D2,euclidean,cut,3,0;0;1;0;1;0;1;2;2;2;2;0;1;2;2;1;0;1;1;2
2,ward.D2,euclidean,cut,4,0;0;1;0;1;0;1;2;2;2;2;0;1;2;2;1;0;3;1;2
2,ward.D2,euclidean,cut,5,0;0;1;0;1;0;1;2;3;3;2;0;1;2;3;1;0;4;1;2
2,ward.D2,euclidean,cut,6,0;0;1;0;1;0;1;2;3;3;2;0;1;2;3;4;0;5;1;2
2,single,euclidean,height,0,0.044192078279415403
2,single,euclidean,height,1,0.094297791447127965
2,single,euclidean,height,2,0.097468228072964305
2,single,euclidean,height,3,0.141279370288559247
2,single,euclidean,height,4,0.155109153670388022
2,single,euclidean,height,5,0.191536047930494086
2,single,euclidean,height,6,0.231791411934807678
2,single,euclidean,height,7,0.238953371798214464
2,single,euclidean,height,8,0.243554197578774223
2,single,euclidean,height,9,0.243743693163001929
2,single,euclidean,height,10,0.254821239390867926
2,single,euclidean,height,11,0.280778600699538694
2,single,euclidean,height,12,0.283185154672580486
2,single,euclidean,height,13,0.325611039137334857
2,single,euclidean,height,14,0.331559099822300307
2,single,euclidean,height,15,0.332939208883933024
2,single,euclidean,height,16,0.489782774689494993
2,single,euclidean,height,17,0.698230454831610059
2,single,euclidean,height,18,0.896139888387714523
2,single,euclidean,cut,2,0;0;0;0;0;0;0;0;0;0;0;0;0;0;0;0;0;1;0;0
2,single,euclidean,cut,3,0;0;0;0;0;0;0;0;0;0;0;0;0;0;0;1;0;2;0;0
2,single,euclidean,cut,4,0;0;0;0;1;0;0;0;0;0;0;0;0;0;0;2;0;3;0;0
2,single,euclidean,cut,5,0;0;0;0;1;0;0;0;0;0;0;0;2;0;0;3;0;4;0;0
2,single,euclidean,cut,6,0;0;0;1;2;0;0;0;0;0;0;0;3;0;0;4;0;5;0;0
2,centroid,euclidean,height,0,0.044192078279415403
2,centroid,euclidean,height,1,0.094297791447127965
2,centroid,euclidean,height,2,0.097468228072964305
2,centroid,euclidean,height,3,0.155887121852413546
2,centroid,euclidean,height,4,0.186595031703444492
2,centroid,euclidean,height,5,0.191536047930494086
2,centroid,euclidean,height,6,0.231791411934807678
2,centroid,euclidean,height,7,0.259220648875067738
2,centroid,euclidean,height,8,0.260567404881470677
2,centroid,euclidean,height,9,0.273721061146662781
2,centroid,euclidean,height,10,0.348456494595845045
2,centroid,euclidean,height,11,0.434809004114951991
2,centroid,euclidean,height,12,0.429901075911408470
2,centroid,euclidean,height,13,0.548482966010840900
2,centroid,euclidean,height,14,0.582287661214649921
2,centroid,euclidean,height,15,0.661673128884732398
2,centroid,euclidean,height,16,0.846068956864748922
2,centroid,euclidean,height,17,1.013601040852631252
2,centroid,euclidean,height,18,1.285013597114177619
2,centroid,euclidean,cut,2,0;0;0;0;0;0;0;0;0;0;0;0;0;0;0;1;0;1;0;0
2,centroid,euclidean,cut,3,0;0;0;0;0;0;0;0;0;0;0;0;0;0;0;1;0;2;0;0
2,centroid,euclidean,cut,4,0;0;1;0;1;0;1;1;1;1;1;0;1;1;1;2;0;3;1;1
2,centroid,euclidean,cut,5,0;0;1;0;2;0;1;1;1;1;1;0;1;1;1;3;0;4;1;1
2,centroid,euclidean,cut,6,0;0;1;0;2;0;1;3;3;3;3;0;1;3;3;4;0;5;1;3
2,average,manhattan,height,0,0.057459663477942638
2,average,manhattan,height,1,0.099169279910210573
2,average,manhattan,height,2,0.103548169388280251
2,average,manhattan,height,3,0.202455471436780721
2,average,manhattan,height,4,0.234352153458444457
2,average,manhattan,height,5,0.246614163009123505
2,average,manhattan,height,6,0.254177359879107057
2,average,manhattan,height,7,0.316365149617218844
2,average,manhattan,height,8,0.345328522620081013
2,average,manhattan,height,9,0.476924251292182910
2,average,manhattan,height,10,0.517043062279785470
2,average,manhattan,height,11,0.523411845072296655
2,average,manhattan,height,12,0.608668195028334913
2,average,manhattan,height,13,0.767067949152517969
2,average,manhattan,height,14,0.821373899149391740
2,average,manhattan,height,15,0.932859090153194348
2,average,manhattan,height,16,1.206503783427432142
2,average,manhattan,height,17,1.383008696038964480
2,average,manhattan,height,18,1.767499377554626827
2,average,manhattan,cut,2,0;0;0;0;0;0;0;0;0;0;0;0;0;0;0;1;0;1;0;0
2,average,manhattan,cut,3,0;0;0;0;0;0;0;0;0;0;0;0;0;0;0;1;0;2;0;0
2,average,manhattan,cut,4,0;0;1;0;1;0;1;1;1;1;1;0;1;1;1;2;0;3;1;1
2,average,manhattan,cut,5,0;0;1;0;2;0;1;1;1;1;1;0;1;1;1;3;0;4;1;1
2,average,manhattan,cut,6,0;0;1;0;2;0;1;3;3;3;3;0;1;1;3;4;0;5;1;3
2,complete,manhattan,height,0,0.057459663477942638
2,complete,manhattan,height,1,0.099169279910210573
2,complete,manhattan,height,2,0.103548169388280251
2,complete,manhattan,height,3,0.217433235096626876
2,complete,manhattan,height,4,0.246614163009123505
2,complete,manhattan,height,5,0.254177359879107057
2,complete,manhattan,height,6,0.282220631837898583
2,complete,manhattan,height,7,0.341541163092689226
2,complete,manhattan,height,8,0.393280586849536429
2,complete,manhattan,height,9,0.489215169060087218
2,complete,manhattan,height,10,0.523411845072296655
2,complete,manhattan,height,11,0.667267831961943836
2,complete,manhattan,height,12,0.829113429358064757
2,complete,manhattan,height,13,1.004654869965685871
2,complete,manhattan,height,14,1.211816867762868677
2,complete,manhattan,height,15,1.279152667301642454
2,complete,manhattan,height,16,1.383008696038964480
2,complete,manhattan,height,17,2.304697065117290222
2,complete,manhattan,height,18,2.557956254902033599
2,complete,manhattan,cut,2,0;0;0;0;0;0;0;0;0;0;0;0;0;0;0;1;0;1;0;0
2,complete,manhattan,cut,3,0;0;1;0;1;0;1;1;1;1;1;0;1;1;1;2;0;2;1;1
2,complete,manhattan,cut,4,0;0;1;0;1;0;1;1;1;1;1;0;1;1;1;2;0;3;1;1
2,complete,manhattan,cut,5,0;0;1;0;1;0;1;2;1;1;2;0;1;1;1;3;0;4;1;2
2,complete,manhattan,cut,6,0;0;1;0;2;0;1;3;2;2;3;0;1;1;2;4;0;5;1;3
2,ward.D2,manhattan,height,0,0.057459663477942638
2,ward.D2,manhattan,height,1,0.099169279910210573
2,ward.D2,manhattan,height,2,0.103548169388280251
2,ward.D2,manhattan,height,3,0.226662731749247032
2,ward.D2,manhattan,height,4,0.246614163009123505
2,ward.D2,manhattan,height,5,0.254177359879107057
2,ward.D2,manhattan,height,6,0.270194217884091981
2,ward.D2,manhattan,height,7,0.337670654529270975
2,ward.D2,manhattan,height,8,0.393280586849536429
2,ward.D2,manhattan,height,9,0.526761936555737775
2,ward.D2,manhattan,height,10,0.549887752059074919
2,ward.D2,manhattan,height,11,0.712672147268763378
2,ward.D2,manhattan,height,12,0.891053162958148515
2,ward.D2,manhattan,height,13,1.025222603621973372
2,ward.D2,manhattan,height,14,1.318393418229641734
2,ward.D2,manhattan,height,15,1.383008696038964480
2,ward.D2,manhattan,height,16,1.659228653686298127
2,ward.D2,manhattan,height,17,2.808849468038047359
2,ward.D2,manhattan,height,18,3.277457927061700804
2,ward.D2,manhattan,cut,2,0;0;1;0;1;0;1;1;1;1;1;0;1;1;1;1;0;1;1;1
2,ward.D2,manhattan,cut,3,0;0;1;0;1;0;1;1;1;1;1;0;1;1;1;2;0;2;1;1
2,ward.D2,manhattan,cut,4,0;0;1;0;1;0;1;2;2;2;2;0;1;1;2;3;0;3;1;2
2,ward.D2,manhattan,cut,5,0;0;1;0;1;0;1;2;2;2;2;0;1;1;2;3;0;4;1;2
2,ward.D2,manhattan,cut,6,0;0;1;0;1;0;1;2;3;3;2;0;1;1;3;4;0;5;1;2
2,single,manhattan,height,0,0.057459663477942638
2,single,manhattan,height,1,0.099169279910210573
2,single,manhattan,height,2,0.103548169388280251
2,single,manhattan,height,3,0.186483675078990302
2,single,manhattan,height,4,0.187477707776934538
2,single,manhattan,height,5,0.246614163009123505
2,single,manhattan,height,6,0.248355134731593791
2,single,manhattan,height,7,0.254177359879107057
2,single,manhattan,height,8,0.279183613080505766
2,single,manhattan,height,9,0.291189136141748461
2,single,manhattan,height,10,0.355630808604894211
2,single,manhattan,height,11,0.392183286578759893
2,single,manhattan,height,12,0.393280586849536429
2,single,manhattan,height,13,0.459638554249877374
2,single,manhattan,height,14,0.464633333524278602
2,single,manhattan,height,15,0.468606505652982508
2,single,manhattan,height,16,0.657732255055386683
2,single,manhattan,height,17,0.899601133233373762
2,single,manhattan,height,18,1.234998965684913852
2,single,manhattan,cut,2,0;0;0;0;0;0;0;0;0;0;0;0;0;0;0;0;0;1;0;0
2,single,manhattan,cut,3,0;0;0;0;0;0;0;0;0;0;0;0;0;0;0;1;0;2;0;0
2,single,manhattan,cut,4,0;0;0;0;1;0;0;0;0;0;0;0;0;0;0;2;0;3;0;0
2,single,manhattan,cut,5,0;0;0;1;2;0;0;0;0;0;0;0;0;0;0;3;0;4;0;0
2,single,manhattan,cut,6,0;0;0;1;2;0;0;0;0;0;0;0;3;0;0;4;0;5;0;0
2,centroid,manhattan,height,0,0.057459663477942638
2,centroid,manhattan,height,1,0.099169279910210573
2,centroid,manhattan,height,2,0.103548169388280251
2,centroid,manhattan,height,3,0.196295683786025577
2,centroid,manhattan,height,4,0.233995056643291371
2,centroid,manhattan,height,5,0.246614163009123505
2,centroid,manhattan,height,6,0.254177359879107057
2,centroid,manhattan,height,7,0.292431364934867599
2,centroid,manhattan,height,8,0.338793435418932087
2,centroid,manhattan,height,9,0.476216762513077652
2,centroid,manhattan,height,10,0.460027892946300032
2,centroid,manhattan,height,11,0.523411845072296655
2,centroid,manhattan,height,12,0.540829935016992613
2,centroid,manhattan,height,13,0.761174794912714447
2,centroid,manhattan,height,14,0.690048758240865090
2,centroid,manhattan,height,15,0.811344000040951308
2,centroid,manhattan,height,16,1.131008556641905916
2,centroid,manhattan,height,17,1.383008696038964480
2,centroid,manhattan,height,18,1.527336366592683570
2,centroid,manhattan,cut,2,0;0;0;0;0;0;0;0;0;0;0;0;0;0;0;1;0;1;0;0
2,centroid,manhattan,cut,3,0;0;0;0;0;0;0;0;0;0;0;0;0;0;0;1;0;2;0;0
2,centroid,manhattan,cut,4,0;0;1;0;1;0;1;1;1;1;1;0;1;1;1;2;0;3;1;1
2,centroid,manhattan,cut,5,0;0;1;0;2;0;1;1;1;1;1;0;1;1;1;3;0;4;1;1
2,centroid,manhattan,cut,6,0;0;1;0;2;0;1;3;3;3;3;0;1;1;3;4;0;5;1;3
3,average,euclidean,height,0,0.083905438513208322
3,average,euclidean,height,1,0.134813513461970347
3,average,euclidean,height,2,0.146792756294985199
3,average,euclidean,height,3,0.154569538818045388
3,average,euclidean,height,4,0.188820990968580571
3,average,euclidean,height,5,0.191659557898291921
3,average,euclidean,height,6,0.212793913303518267
3,average,euclidean,height,7,0.217993310309889887
3,average,euclidean,height,8,0.243789084248562077
3,average,euclidean,height,9,0.330848033117949858
3,average,euclidean,height,10,0.343162974743403737
3,average,euclidean,height,11,0.361612278460722247
3,average,euclidean,height,12,0.418034208730544421
3,average,euclidean,height,13,0.618021961370359252
3,average,euclidean,height,14,0.618318706901414661
3,average,euclidean,height,15,0.750977429312367439
3,average,euclidean,height,16,0.876867456278510482
3,average,euclidean,height,17,0.916072533490298269
3,average,euclidean,height,18,1.059543440835597927
3,average,euclidean,cut,2,0;1;0;1;0;0;1;0;0;1;0;0;0;0;1;0;1;0;0;0
3,average,euclidean,cut,3,0;1;0;1;2;0;1;2;0;1;0;2;2;0;1;0;1;0;0;2
3,average,euclidean,cut,4,0;1;0;1;2;0;1;2;0;1;0;2;2;0;1;0;1;0;0;3
3,average,euclidean,cut,5,0;1;0;2;3;0;1;3;0;1;0;3;3;0;1;0;1;0;0;4
3,average,euclidean,cut,6,0;1;0;2;3;0;4;3;0;4;0;3;3;0;4;0;4;0;0;5
3,complete,euclidean,height,0,0.083905438513208322
3,complete,euclidean,height,1,0.134813513461970347
3,complete,euclidean,height,2,0.146792756294985199
3,complete,euclidean,height,3,0.154569538818045388
3,complete,euclidean,height,4,0.188820990968580571
3,complete,euclidean,height,5,0.191659557898291921
3,complete,euclidean,height,6,0.212793913303518267
3,complete,euclidean,height,7,0.288216371299012952
3,complete,euclidean,height,8,0.288249984176472906
3,complete,euclidean,height,9,0.361612278460722247
3,complete,euclidean,height,10,0.430624018489581983
3,complete,euclidean,height,11,0.484957588952164342
3,complete,euclidean,height,12,0.500565444568488505
3,complete,euclidean,height,13,0.709994239719883513
3,complete,euclidean,height,14,0.797476950770488635
3,complete,euclidean,height,15,0.902369401704990692
3,complete,euclidean,height,16,1.023705062024719670
3,complete,euclidean,height,17,1.407175453873277915
3,complete,euclidean,height,18,2.063399230378960780
3,complete,euclidean,cut,2,0;1;0;1;0;0;1;0;0;1;0;0;0;0;1;0;1;0;0;0
3,complete,euclidean,cut,3,0;1;0;1;2;0;1;2;0;1;0;2;2;0;1;0;1;0;0;2
3,complete,euclidean,cut,4,0;1;0;1;2;0;1;2;0;1;0;2;2;0;1;0;1;0;0;3
3,complete,euclidean,cut,5,0;1;0;1;2;0;3;2;0;3;0;2;2;0;3;0;3;0;0;4
3,complete,euclidean,cut,6,0;1;2;1;3;0;4;3;2;4;0;3;3;0;4;2;4;0;2;5
3,ward.D2,euclidean,height,0,0.083905438513208322
3,ward.D2,euclidean,height,1,0.134813513461970347
3,ward.D2,euclidean,height,2,0.146792756294985199
3,ward.D2,euclidean,height,3,0.154569538818045388
3,ward.D2,euclidean,height,4,0.188820990968580571
3,ward.D2,euclidean,height,5,0.191659557898291921
3,ward.D2,euclidean,height,6,0.212793913303518267
3,ward.D2,euclidean,height,7,0.290329324644461706
3,ward.D2,euclidean,height,8,0.296182517357729325
3,ward.D2,euclidean,height,9,0.361612278460722247
3,ward.D2,euclidean,height,10,0.427963187225087471
3,ward.D2,euclidean,height,11,0.444580271354277468
3,ward.D2,euclidean,height,12,0.484669101836052496
3,ward.D2,euclidean,height,13,0.788387963836803762
3,ward.D2,euclidean,height,14,0.893305639845952792
3,ward.D2,euclidean,height,15,0.950274031708271516
3,ward.D2,euclidean,height,16,1.563602022256539437
3,ward.D2,euclidean,height,17,1.858179136890790728
3,ward.D2,euclidean,height,18,2.690821449771752860
3,ward.D2,euclidean,cut,2,0;1;0;1;0;0;1;0;0;1;0;0;0;0;1;0;1;0;0;0
3,ward.D2,euclidean,cut,3,0;1;0;1;2;0;1;2;0;1;0;2;2;0;1;0;1;0;0;0
3,ward.D2,euclidean,cut,4,0;1;2;1;3;0;1;3;2;1;0;3;3;0;1;2;1;0;2;2
3,ward.D2,euclidean,cut,5,0;1;2;1;3;0;1;3;2;1;0;3;3;0;1;2;1;0;2;4
3,ward.D2,euclidean,cut,6,0;1;2;3;4;0;1;4;2;1;0;4;4;0;1;2;1;0;2;5
3,single,euclidean,height,0,0.083905438513208322
3,single,euclidean,height,1,0.134813513461970347
3,single,euclidean,height,2,0.146792756294985199
3,single,euclidean,height,3,0.154569538818045388
3,single,euclidean,height,4,0.170815616844165907
3,single,euclidean,height,5,0.188820990968580571
3,single,euclidean,height,6,0.191659557898291921
3,single,euclidean,height,7,0.202802878624384647
3,single,euclidean,height,8,0.212793913303518267
3,single,euclidean,height,9,0.215652879495296240
3,single,euclidean,height,10,0.241804256920142208
3,single,euclidean,height,11,0.340931340247490000
3,single,euclidean,height,12,0.361612278460722247
3,single,euclidean,height,13,0.403880201172940045
3,single,euclidean,height,14,0.405647390724165779
3,single,euclidean,height,15,0.412762074397850565
3,single,euclidean,height,16,0.417811960508439661
3,single,euclidean,height,17,0.540904343633326068
3,single,euclidean,height,18,0.627098610445268378
3,single,euclidean,cut,2,0;0;0;0;0;0;0;0;0;0;0;0;0;0;0;0;0;0;0;1
3,single,euclidean,cut,3,0;0;0;1;0;0;0;0;0;0;0;0;0;0;0;0;0;0;0;2
3,single,euclidean,cut,4,0;0;0;1;2;0;0;2;0;0;0;2;2;0;0;0;0;0;0;3
3,single,euclidean,cut,5,0;0;1;2;3;0;0;3;1;0;0;3;3;0;0;1;0;0;1;4
3,single,euclidean,cut,6,0;1;2;3;4;0;0;4;2;0;0;4;4;0;0;2;0;0;2;5
3,centroid,euclidean,height,0,0.083905438513208322
3,centroid,euclidean,height,1,0.134813513461970347
3,centroid,euclidean,height,2,0.146792756294985199
3,centroid,euclidean,height,3,0.154569538818045388
3,centroid,euclidean,height,4,0.188820990968580571
3,centroid,euclidean,height,5,0.191659557898291921
3,centroid,euclidean,height,6,0.205293834233409467
3,centroid,euclidean,height,7,0.212793913303518267
3,centroid,euclidean,height,8,0.209432666492552738
3,centroid,euclidean,height,9,0.314365724656365031
3,centroid,euclidean,height,10,0.338334606584087927
3,centroid,euclidean,height,11,0.361612278460722247
3,centroid,euclidean,height,12,0.375846619226073875
3,centroid,euclidean,height,13,0.587148370116165719
3,centroid,euclidean,height,14,0.598925265282514441
3,centroid,euclidean,height,15,0.691951573239307227
3,centroid,euclidean,height,16,0.830429235388822851
3,centroid,euclidean,height,17,0.880649285841570650
3,centroid,euclidean,height,18,1.105493150243344935
3,centroid,euclidean,cut,2,0;0;0;0;0;0;0;0;0;0;0;0;0;0;0;0;0;0;0;1
3,centroid,euclidean,cut,3,0;1;0;1;0;0;1;0;0;1;0;0;0;0;1;0;1;0;0;2
3,centroid,euclidean,cut,4,0;1;0;1;2;0;1;2;0;1;0;2;2;0;1;0;1;0;0;3
3,centroid,euclidean,cut,5,0;1;0;2;3;0;1;3;0;1;0;3;3;0;1;0;1;0;0;4
3,centroid,euclidean,cut,6,0;1;0;2;3;0;4;3;0;4;0;3;3;0;4;0;4;0;0;5
3,average,manhattan,height,0,0.10334211777987240
3,average,manhattan,height,1,0.15525475416355800
3,average,manhattan,height,2,0.18687536387312981
3,average,manhattan,height,3,0.19810061895512646
3,average,manhattan,height,4,0.26348297873684134
3,average,manhattan,height,5,0.26499044901209001
3,average,manhattan,height,6,0.28000907854942186
3,average,manhattan,height,7,0.28891677588489051
3,average,manhattan,height,8,0.31491808003669181
3,average,manhattan,height,9,0.44093114946894690
3,average,manhattan,height,10,0.44379962440022180
3,average,manhattan,height,11,0.46554350060543820
3,average,manhattan,height,12,0.51452448781722748
3,average,manhattan,height,13,0.74568162128034909
3,average,manhattan,height,14,0.81302979662796593
3,average,manhattan,height,15,0.92074403337380273
3,average,manhattan,height,16,1.03689322813389007
3,average,manhattan,height,17,1.18297525089384381
3,average,manhattan,height,18,1.32338010704516429
3,average,manhattan,cut,2,0;1;0;1;0;0;1;0;0;1;0;0;0;0;1;0;1;0;0;0
3,average,manhattan,cut,3,0;1;0;1;2;0;1;2;0;1;0;2;2;0;1;0;1;0;0;2
3,average,manhattan,cut,4,0;1;0;1;2;0;1;2;0;1;0;2;2;0;1;0;1;0;0;3
3,average,manhattan,cut,5,0;1;0;2;3;0;1;3;0;1;0;3;3;0;1;0;1;0;0;4
3,average,manhattan,cut,6,0;1;2;3;4;0;1;4;2;1;0;4;4;0;1;2;1;0;2;5
3,complete,manhattan,height,0,0.10334211777987240
3,complete,manhattan,height,1,0.15525475416355800
3,complete,manhattan,height,2,0.18687536387312981
3,complete,manhattan,height,3,0.19810061895512646
3,complete,manhattan,height,4,0.26348297873684134
3,complete,manhattan,height,5,0.26499044901209001
3,complete,manhattan,height,6,0.28000907854942186
3,complete,manhattan,height,7,0.32849879086893452
3,complete,manhattan,height,8,0.37285436485354839
3,complete,manhattan,height,9,0.48639124146223300
3,complete,manhattan,height,10,0.60116313813058964
3,complete,manhattan,height,11,0.66497966685798016
3,complete,manhattan,height,12,0.66519864850207844
3,complete,manhattan,height,13,0.97205006351695611
3,complete,manhattan,height,14,1.05812317060302519
3,complete,manhattan,height,15,1.20474037348884622
3,complete,manhattan,height,16,1.66147140219647738
3,complete,manhattan,height,17,1.83490703410955769
3,complete,manhattan,height,18,2.85713328164549374
3,complete,manhattan,cut,2,0;1;0;1;0;0;1;0;0;1;0;0;0;0;1;0;1;0;0;0
3,complete,manhattan,cut,3,0;1;2;1;0;0;1;0;2;1;0;0;0;0;1;2;1;0;2;2
3,complete,manhattan,cut,4,0;1;2;1;3;0;1;3;2;1;0;3;3;0;1;2;1;0;2;2
3,complete,manhattan,cut,5,0;1;2;1;3;0;4;3;2;4;0;3;3;0;4;2;4;0;2;2
3,complete,manhattan,cut,6,0;1;2;1;3;0;4;3;2;4;0;3;3;0;4;2;4;0;2;5
3,ward.D2,manhattan,height,0,0.10334211777987240
3,ward.D2,manhattan,height,1,0.15525475416355800
3,ward.D2,manhattan,height,2,0.18687536387312981
3,ward.D2,manhattan,height,3,0.19810061895512646
3,ward.D2,manhattan,height,4,0.26348297873684134
3,ward.D2,manhattan,height,5,0.26499044901209001
3,ward.D2,manhattan,height,6,0.28000907854942186
3,ward.D2,manhattan,height,7,0.34212169471598430
3,ward.D2,manhattan,height,8,0.37759658545249858
3,ward.D2,manhattan,height,9,0.48639124146223300
3,ward.D2,manhattan,height,10,0.59611576494012752
3,ward.D2,manhattan,height,11,0.60034107214351828
3,ward.D2,manhattan,height,12,0.63175875769040424
3,ward.D2,manhattan,height,13,0.98420891135684174
3,ward.D2,manhattan,height,14,1.10649119693097764
3,ward.D2,manhattan,height,15,1.14565914403113256
3,ward.D2,manhattan,height,16,2.14751008757251638
3,ward.D2,manhattan,height,17,2.36813467886000772
3,ward.D2,manhattan,height,18,3.30225173323818755
3,ward.D2,manhattan,cut,2,0;1;0;1;0;0;1;0;0;1;0;0;0;0;1;0;1;0;0;0
3,ward.D2,manhattan,cut,3,0;1;0;1;2;0;1;2;0;1;0;2;2;0;1;0;1;0;0;0
3,ward.D2,manhattan,cut,4,0;1;2;1;3;0;1;3;2;1;0;3;3;0;1;2;1;0;2;2
3,ward.D2,manhattan,cut,5,0;1;2;3;4;0;3;4;2;3;0;4;4;0;1;2;1;0;2;2
3,ward.D2,manhattan,cut,6,0;1;2;3;4;0;3;4;2;3;0;4;4;0;1;2;1;0;2;5
3,single,manhattan,height,0,0.10334211777987240
3,single,manhattan,height,1,0.15525475416355800
3,single,manhattan,height,2,0.18281858531432124
3,single,manhattan,height,3,0.18687536387312981
3,single,manhattan,height,4,0.19810061895512646
3,single,manhattan,height,5,0.26259369639940666
3,single,manhattan,height,6,0.26348297873684134
3,single,manhattan,height,7,0.26499044901209001
3,single,manhattan,height,8,0.27018368204661863
3,single,manhattan,height,9,0.28000907854942186
3,single,manhattan,height,10,0.28069916080730423
3,single,manhattan,height,11,0.42406441743541456
3,single,manhattan,height,12,0.43665161767462957
3,single,manhattan,height,13,0.47810430298485035
3,single,manhattan,height,14,0.51452448781722748
3,single,manhattan,height,15,0.53197405745489534
3,single,manhattan,height,16,0.53666310871516432
3,single,manhattan,height,17,0.71834913202661321
3,single,manhattan,height,18,0.74468580222270464
3,single,manhattan,cut,2,0;0;0;0;0;0;0;0;0;0;0;0;0;0;0;0;0;0;0;1
3,single,manhattan,cut,3,0;0;0;1;0;0;0;0;0;0;0;0;0;0;0;0;0;0;0;2
3,single,manhattan,cut,4,0;0;0;1;2;0;0;2;0;0;0;2;2;0;0;0;0;0;0;3
3,single,manhattan,cut,5,0;0;1;2;3;0;0;3;1;0;0;3;3;0;0;1;0;0;1;4
3,single,manhattan,cut,6,0;1;2;3;4;0;0;4;2;0;0;4;4;0;0;2;0;0;2;5
3,centroid,manhattan,height,0,0.10334211777987240
3,centroid,manhattan,height,1,0.15525475416355800
3,centroid,manhattan,height,2,0.18687536387312981
3,centroid,manhattan,height,3,0.19810061895512646
3,centroid,manhattan,height,4,0.26348297873684134
3,centroid,manhattan,height,5,0.26499044901209001
3,centroid,manhattan,height,6,0.27163993232833283
3,centroid,manhattan,height,7,0.28556438829127595
3,centroid,manhattan,height,8,0.28589033830205363
3,centroid,manhattan,height,9,0.42151749976137010
3,centroid,manhattan,height,10,0.44325685074896543
3,centroid,manhattan,height,11,0.45795268848529835
3,centroid,manhattan,height,12,0.50002771397628654
3,centroid,manhattan,height,13,0.77525973296916761
3,centroid,manhattan,height,14,0.82896216975279990
3,centroid,manhattan,height,15,0.83525202843391655
3,centroid,manhattan,height,16,1.01148093027579589
3,centroid,manhattan,height,17,1.05358649041752295
3,centroid,manhattan,height,18,1.13938509469313431
3,centroid,manhattan,cut,2,0;1;0;1;0;0;1;0;0;1;0;0;0;0;1;0;1;0;0;0
3,centroid,manhattan,cut,3,0;1;0;1;2;0;1;2;0;1;0;2;2;0;1;0;1;0;0;2
3,centroid,manhattan,cut,4,0;1;0;1;2;0;1;2;0;1;0;2;2;0;1;0;1;0;0;3
3,centroid,manhattan,cut,5,0;1;0;2;3;0;1;3;0;1;0;3;3;0;1;0;1;0;0;4
3,centroid,manhattan,cut,6,0;1;0;2;3;0;4;3;0;4;0;3;3;0;4;0;4;0;0;5
4,average,euclidean,height,0,0.044864567818552005
4,average,euclidean,height,1,0.060443940301286518
4,average,euclidean,height,2,0.070674683243510908
4,average,euclidean,height,3,0.117871919066296155
4,average,euclidean,height,4,0.123502337995505848
4,average,euclidean,height,5,0.171546006607193074
4,average,euclidean,height,6,0.205426745208115519
4,average,euclidean,height,7,0.220216427466883219
4,average,euclidean,height,8,0.280648796139208900
4,average,euclidean,height,9,0.306424469179344350
4,average,euclidean,height,10,0.320308944378250915
4,average,euclidean,height,11,0.382824068701098030
4,average,euclidean,height,12,0.431624118240821808
4,average,euclidean,height,13,0.500580208238761926
4,average,euclidean,height,14,0.586875991846482870
4,average,euclidean,height,15,0.609171916100561872
4,average,euclidean,height,16,0.807224061960917005
4,average,euclidean,height,17,0.872867250997187982
4,average,euclidean,height,18,1.259083605090137503
4,average,euclidean,cut,2,0;1;1;0;0;0;0;0;0;0;0;0;0;0;0;0;0;0;0;0
4,average,euclidean,cut,3,0;1;1;2;2;0;0;2;2;0;0;2;0;0;0;2;0;2;0;0
4,average,euclidean,cut,4,0;1;1;2;2;0;3;2;2;0;3;2;3;3;3;2;3;2;0;0
4,average,euclidean,cut,5,0;1;1;2;2;0;3;2;2;0;3;2;3;3;3;2;3;2;4;0
4,average,euclidean,cut,6,0;1;1;2;2;0;3;2;2;0;3;2;3;3;3;2;3;4;5;0
4,complete,euclidean,height,0,0.044864567818552005
4,complete,euclidean,height,1,0.060443940301286518
4,complete,euclidean,height,2,0.070674683243510908
4,complete,euclidean,height,3,0.122979688778691851
4,complete,euclidean,height,4,0.136063815631466689
4,complete,euclidean,height,5,0.215884726945290789
4,complete,euclidean,height,6,0.220216427466883219
4,complete,euclidean,height,7,0.235615337175259704
4,complete,euclidean,height,8,0.306424469179344350
4,complete,euclidean,height,9,0.365567922080275332
4,complete,euclidean,height,10,0.373476035862137179
4,complete,euclidean,height,11,0.420187617335019858
4,complete,euclidean,height,12,0.521401427807776541
4,complete,euclidean,height,13,0.630317681574528055
4,complete,euclidean,height,14,0.710551218851039224
4,complete,euclidean,height,15,0.725407436153704621
4,complete,euclidean,height,16,1.203704012230744080
4,complete,euclidean,height,17,1.403497505800263667
4,complete,euclidean,height,18,1.946678505376171486
4,complete,euclidean,cut,2,0;1;1;1;1;0;0;1;1;0;0;1;0;0;0;1;0;1;0;0
4,complete,euclidean,cut,3,0;1;1;2;2;0;0;2;2;0;0;2;0;0;0;2;0;2;0;0
4,complete,euclidean,cut,4,0;1;1;2;2;0;3;2;2;0;3;2;3;3;3;2;3;2;0;0
4,complete,euclidean,cut,5,0;1;1;2;3;0;4;2;3;0;4;3;4;4;4;3;4;2;0;0
4,complete,euclidean,cut,6,0;1;1;2;3;0;4;2;3;0;4;3;4;4;4;3;4;2;5;0
4,ward.D2,euclidean,height,0,0.044864567818552005
4,ward.D2,euclidean,height,1,0.060443940301286518
4,ward.D2,euclidean,height,2,0.070674683243510908
4,ward.D2,euclidean,height,3,0.122979688778691851
4,ward.D2,euclidean,height,4,0.140984211169754986
4,ward.D2,euclidean,height,5,0.209067273499900702
4,ward.D2,euclidean,height,6,0.220216427466883219
4,ward.D2,euclidean,height,7,0.237200706159635649
4,ward.D2,euclidean,height,8,0.306424469179344350
4,ward.D2,euclidean,height,9,0.331330993296026277
4,ward.D2,euclidean,height,10,0.387964504913016595
4,ward.D2,euclidean,height,11,0.420187617335019858
4,ward.D2,euclidean,height,12,0.515469757808813100
4,ward.D2,euclidean,height,13,0.757225758324407749
4,ward.D2,euclidean,height,14,0.766826015207886402
4,ward.D2,euclidean,height,15,0.775085369879344954
4,ward.D2,euclidean,height,16,1.637092954170942249
4,ward.D2,euclidean,height,17,2.105378974616132215
4,ward.D2,euclidean,height,18,2.373969333338735055
4,ward.D2,euclidean,cut,2,0;0;0;0;0;0;1;0;0;0;1;0;1;1;1;0;1;0;0;0
4,ward.D2,euclidean,cut,3,0;0;0;1;1;0;2;1;1;0;2;1;2;2;2;1;2;1;0;0
4,ward.D2,euclidean,cut,4,0;1;1;2;2;0;3;2;2;0;3;2;3;3;3;2;3;2;0;0
4,ward.D2,euclidean,cut,5,0;1;1;2;2;0;3;2;2;0;3;2;4;3;4;2;3;2;0;0
4,ward.D2,euclidean,cut,6,0;1;1;2;2;0;3;4;2;0;3;2;5;3;5;2;3;4;0;0
4,single,euclidean,height,0,0.044864567818552005
4,single,euclidean,height,1,0.060443940301286518
4,single,euclidean,height,2,0.070674683243510908
4,single,euclidean,height,3,0.084353188730894743
4,single,euclidean,height,4,0.110940860359545007
4,single,euclidean,height,5,0.122979688778691851
4,single,euclidean,height,6,0.175238153240971334
4,single,euclidean,height,7,0.220216427466883219
4,single,euclidean,height,8,0.221932905696226535
4,single,euclidean,height,9,0.274104250044792497
4,single,euclidean,height,10,0.306424469179344350
4,single,euclidean,height,11,0.315415661559958205
4,single,euclidean,height,12,0.322276150870513922
4,single,euclidean,height,13,0.334775504770429555
4,single,euclidean,height,14,0.356520124251560488
4,single,euclidean,height,15,0.420187617335019858
4,single,euclidean,height,16,0.461982303026435004
4,single,euclidean,height,17,0.471790860068876994
4,single,euclidean,height,18,0.609179523922418920
4,single,euclidean,cut,2,0;1;1;0;0;0;0;0;0;0;0;0;0;0;0;0;0;0;0;0
4,single,euclidean,cut,3,0;1;1;0;0;0;0;0;0;0;0;0;0;0;0;0;0;0;2;0
4,single,euclidean,cut,4,0;1;1;2;2;0;0;2;2;0;0;2;0;0;0;2;0;2;3;0
4,single,euclidean,cut,5,0;1;1;2;2;0;0;2;2;0;0;2;0;0;0;2;0;3;4;0
4,single,euclidean,cut,6,0;1;1;2;2;0;3;2;2;0;3;2;3;3;3;2;3;4;5;0
4,centroid,euclidean,height,0,0.044864567818552005
4,centroid,euclidean,height,1,0.060443940301286518
4,centroid,euclidean,height,2,0.070674683243510908
4,centroid,euclidean,height,3,0.117339536707693634
4,centroid,euclidean,height,4,0.122095908405517622
4,centroid,euclidean,height,5,0.164266124595462359
4,centroid,euclidean,height,6,0.205421837329852447
4,centroid,euclidean,height,7,0.220216427466883219
4,centroid,euclidean,height,8,0.270530623181592766
4,centroid,euclidean,height,9,0.306424469179344350
4,centroid,euclidean,height,10,0.316771691782796017
4,centroid,euclidean,height,11,0.373733411363264101
4,centroid,euclidean,height,12,0.406051917060688328
4,centroid,euclidean,height,13,0.474640915825190302
4,centroid,euclidean,height,14,0.557080540951940373
4,centroid,euclidean,height,15,0.598639524813333712
4,centroid,euclidean,height,16,0.749409513909028435
4,centroid,euclidean,height,17,0.738243884878409196
4,centroid,euclidean,height,18,1.181131708439596695
4,centroid,euclidean,cut,2,0;1;1;0;0;0;0;0;0;0;0;0;0;0;0;0;0;0;0;0
4,centroid,euclidean,cut,3,0;1;1;2;2;0;0;2;2;0;0;2;0;0;0;2;0;2;0;0
4,centroid,euclidean,cut,4,0;1;1;2;2;0;3;2;2;0;3;2;3;3;3;2;3;2;0;0
4,centroid,euclidean,cut,5,0;1;1;2;2;0;3;2;2;0;3;2;3;3;3;2;3;2;4;0
4,centroid,euclidean,cut,6,0;1;1;2;2;0;3;2;2;0;3;2;3;3;3;2;3;4;5;0
4,average,manhattan,height,0,0.058772579378660941
4,average,manhattan,height,1,0.081428539846961828
4,average,manhattan,height,2,0.090343312811508952
4,average,manhattan,height,3,0.141343940458113382
4,average,manhattan,height,4,0.168662443376681237
4,average,manhattan,height,5,0.228097470276657971
4,average,manhattan,height,6,0.272332348772299282
4,average,manhattan,height,7,0.307434928412778863
4,average,manhattan,height,8,0.311433051762143920
4,average,manhattan,height,9,0.360560399213603777
4,average,manhattan,height,10,0.403476893465937403
4,average,manhattan,height,11,0.474347176180478169
4,average,manhattan,height,12,0.531291408654778752
4,average,manhattan,height,13,0.605530753192313087
4,average,manhattan,height,14,0.680999695302591079
4,average,manhattan,height,15,0.810644336207516414
4,average,manhattan,height,16,1.064590888499298282
4,average,manhattan,height,17,1.105518431776272514
4,average,manhattan,height,18,1.647862688310479662
4,average,manhattan,cut,2,0;1;1;0;0;0;0;0;0;0;0;0;0;0;0;0;0;0;0;0
4,average,manhattan,cut,3,0;1;1;2;2;0;0;2;2;0;0;2;0;0;0;2;0;2;0;0
4,average,manhattan,cut,4,0;1;1;2;2;0;3;2;2;0;3;2;3;3;3;2;3;2;0;0
4,average,manhattan,cut,5,0;1;1;2;2;0;3;2;2;0;3;2;3;3;3;2;3;2;4;0
4,average,manhattan,cut,6,0;1;1;2;2;0;3;4;2;0;3;2;3;3;3;2;3;4;5;0
4,complete,manhattan,height,0,0.058772579378660941
4,complete,manhattan,height,1,0.081428539846961828
4,complete,manhattan,height,2,0.090343312811508952
4,complete,manhattan,height,3,0.180614878319715899
4,complete,manhattan,height,4,0.186515596863867844
4,complete,manhattan,height,5,0.272209448237180462
4,complete,manhattan,height,6,0.307434928412778863
4,complete,manhattan,height,7,0.311433051762143920
4,complete,manhattan,height,8,0.313046618695780210
4,complete,manhattan,height,9,0.427993837394795906
4,complete,manhattan,height,10,0.445191118428661659
4,complete,manhattan,height,11,0.474347176180478169
4,complete,manhattan,height,12,0.680611900726256658
4,complete,manhattan,height,13,0.714726939194322397
4,complete,manhattan,height,14,0.927484184697619396
4,complete,manhattan,height,15,0.946212091039531411
4,complete,manhattan,height,16,1.556290015667488147
4,complete,manhattan,height,17,1.865471848280886080
4,complete,manhattan,height,18,2.676297773001672820
4,complete,manhattan,cut,2,0;0;0;1;1;0;1;1;1;0;1;1;1;1;1;1;1;1;0;0
4,complete,manhattan,cut,3,0;0;0;1;1;0;2;1;1;0;2;1;2;2;2;1;2;1;0;0
4,complete,manhattan,cut,4,0;1;1;2;2;0;3;2;2;0;3;2;3;3;3;2;3;2;0;0
4,complete,manhattan,cut,5,0;1;1;2;3;0;4;2;3;0;4;3;4;4;4;3;4;2;0;0
4,complete,manhattan,cut,6,0;1;1;2;3;0;4;2;3;0;4;3;4;4;4;3;4;2;5;0
4,ward.D2,manhattan,height,0,0.058772579378660941
4,ward.D2,manhattan,height,1,0.081428539846961828
4,ward.D2,manhattan,height,2,0.090343312811508952
4,ward.D2,manhattan,height,3,0.163209924143628365
4,ward.D2,manhattan,height,4,0.192271774614838464
4,ward.D2,manhattan,height,5,0.268922827544487486
4,ward.D2,manhattan,height,6,0.307434928412778863
4,ward.D2,manhattan,height,7,0.311433051762143920
4,ward.D2,manhattan,height,8,0.314462309745460078
4,ward.D2,manhattan,height,9,0.414977046360962887
4,ward.D2,manhattan,height,10,0.474347176180478169
4,ward.D2,manhattan,height,11,0.485184738504124080
4,ward.D2,manhattan,height,12,0.669476645902879919
4,ward.D2,manhattan,height,13,0.919916932503863194
4,ward.D2,manhattan,height,14,1.007637866306508867
4,ward.D2,manhattan,height,15,1.044092196279686302
4,ward.D2,manhattan,height,16,1.887982813756230005
4,ward.D2,manhattan,height,17,2.634889243942429626
4,ward.D2,manhattan,height,18,3.355681750804584862
4,ward.D2,manhattan,cut,2,0;0;0;1;1;0;1;1;1;0;1;1;1;1;1;1;1;1;0;0
4,ward.D2,manhattan,cut,3,0;0;0;1;1;0;2;1;1;0;2;1;2;2;2;1;2;1;0;0
4,ward.D2,manhattan,cut,4,0;1;1;2;2;0;3;2;2;0;3;2;3;3;3;2;3;2;0;0
4,ward.D2,manhattan,cut,5,0;1;1;2;2;0;3;4;2;0;3;2;3;3;3;2;3;4;0;0
4,ward.D2,manhattan,cut,6,0;1;1;2;2;0;3;4;2;0;3;2;3;3;3;2;3;4;5;0
4,single,manhattan,height,0,0.058772579378660941
4,single,manhattan,height,1,0.081428539846961828
4,single,manhattan,height,2,0.090343312811508952
4,single,manhattan,height,3,0.096172284052358892
4,single,manhattan,height,4,0.156710008433646603
4,single,manhattan,height,5,0.167089566297318221
4,single,manhattan,height,6,0.231618078848818354
4,single,manhattan,height,7,0.307434928412778863
4,single,manhattan,height,8,0.311433051762143920
4,single,manhattan,height,9,0.313840481125427173
4,single,manhattan,height,10,0.378821022919149764
4,single,manhattan,height,11,0.399746822659614365
4,single,manhattan,height,12,0.401771887627065727
4,single,manhattan,height,13,0.430155063125091719
4,single,manhattan,height,14,0.474347176180478169
4,single,manhattan,height,15,0.479456564728336976
4,single,manhattan,height,16,0.603102872874445084
4,single,manhattan,height,17,0.626091711060634548
4,single,manhattan,height,18,0.799324794887742440
4,single,manhattan,cut,2,0;1;1;0;0;0;0;0;0;0;0;0;0;0;0;0;0;0;0;0
4,single,manhattan,cut,3,0;1;1;0;0;0;0;0;0;0;0;0;0;0;0;0;0;0;2;0
4,single,manhattan,cut,4,0;1;1;2;2;0;0;2;2;0;0;2;0;0;0;2;0;2;3;0
4,single,manhattan,cut,5,0;1;1;2;2;0;3;2;2;0;3;2;3;3;3;2;3;2;4;0
4,single,manhattan,cut,6,0;1;1;2;2;0;3;2;2;0;3;2;3;3;3;2;3;4;5;0
4,centroid,manhattan,height,0,0.058772579378660941
4,centroid,manhattan,height,1,0.081428539846961828
4,centroid,manhattan,height,2,0.090343312811508952
4,centroid,manhattan,height,3,0.141343940458113354
4,centroid,manhattan,height,4,0.166512241247166071
4,centroid,manhattan,height,5,0.219574569223490557
4,centroid,manhattan,height,6,0.272332348772299282
4,centroid,manhattan,height,7,0.307434928412778863
4,centroid,manhattan,height,8,0.311433051762143920
4,centroid,manhattan,height,9,0.338827339517212667
4,centroid,manhattan,height,10,0.396151680106930137
4,centroid,manhattan,height,11,0.474347176180478169
4,centroid,manhattan,height,12,0.529267760335783377
4,centroid,manhattan,height,13,0.563331772595194624
4,centroid,manhattan,height,14,0.617693273410232835
4,centroid,manhattan,height,15,0.796607678540201203
4,centroid,manhattan,height,16,1.000410815452958735
4,centroid,manhattan,height,17,0.932283512522701807
4,centroid,manhattan,height,18,1.569908838387625183
4,centroid,manhattan,cut,2,0;1;1;0;0;0;0;0;0;0;0;0;0;0;0;0;0;0;0;0
4,centroid,manhattan,cut,3,0;1;1;2;2;0;0;2;2;0;0;2;0;0;0;2;0;2;0;0
4,centroid,manhattan,cut,4,0;1;1;2;2;0;3;2;2;0;3;2;3;3;3;2;3;2;0;0
4,centroid,manhattan,cut,5,0;1;1;2;2;0;3;2;2;0;3;2;3;3;3;2;3;2;4;0
4,centroid,manhattan,cut,6,0;1;1;2;2;0;3;4;2;0;3;2;3;3;3;2;3;4;5;0
5,average,euclidean,height,0,0.072761509956276463
5,average,euclidean,height,1,0.102357258938706439
5,average,euclidean,height,2,0.133476556775139921
5,average,euclidean,height,3,0.137146101720534513
5,average,euclidean,height,4,0.140768448471574908
5,average,euclidean,height,5,0.190446206266611129
5,average,euclidean,height,6,0.251828236883716472
5,average,euclidean,height,7,0.259905588172056168
5,average,euclidean,height,8,0.285288145319325559
5,average,euclidean,height,9,0.296968281363824138
5,average,euclidean,height,10,0.355412466612763767
5,average,euclidean,height,11,0.374138071322874466
5,average,euclidean,height,12,0.531930722238991627
5,average,euclidean,height,13,0.606840419049567426
5,average,euclidean,height,14,0.608740718182021578
5,average,euclidean,height,15,0.643005544836551257
5,average,euclidean,height,16,0.797053875649179289
5,average,euclidean,height,17,1.020782129649416836
5,average,euclidean,height,18,1.277901081651511062
5,average,euclidean,cut,2,0;0;0;0;0;1;1;0;0;0;0;1;0;0;0;0;0;0;0;0
5,average,euclidean,cut,3,0;0;0;1;0;2;2;0;0;1;0;2;1;0;0;0;0;0;1;0
5,average,euclidean,cut,4,0;0;0;1;0;2;2;3;0;1;3;2;1;3;0;0;0;0;1;3
5,average,euclidean,cut,5,0;0;0;1;0;2;2;3;0;1;3;2;4;3;0;0;0;0;4;3
5,average,euclidean,cut,6,0;0;0;1;0;2;2;3;0;1;3;2;4;3;0;0;0;0;4;5
5,complete,euclidean,height,0,0.072761509956276463
5,complete,euclidean,height,1,0.102357258938706439
5,complete,euclidean,height,2,0.133476556775139921
5,complete,euclidean,height,3,0.137146101720534513
5,complete,euclidean,height,4,0.172589318083624682
5,complete,euclidean,height,5,0.190446206266611129
5,complete,euclidean,height,6,0.251828236883716472
5,complete,euclidean,height,7,0.269132899573465090
5,complete,euclidean,height,8,0.318999266468491749
5,complete,euclidean,height,9,0.374138071322874466
5,complete,euclidean,height,10,0.378495070759984509
5,complete,euclidean,height,11,0.427689096244315115
5,complete,euclidean,height,12,0.554802860865139080
5,complete,euclidean,height,13,0.729511218556523233
5,complete,euclidean,height,14,0.745033546993023155
5,complete,euclidean,height,15,0.896024746766589830
5,complete,euclidean,height,16,1.183426404085515360
5,complete,euclidean,height,17,1.774629604399357907
5,complete,euclidean,height,18,1.954808975770065294
5,complete,euclidean,cut,2,0;0;0;1;0;0;0;0;0;1;0;0;1;0;0;0;0;0;1;0
5,complete,euclidean,cut,3,0;0;0;1;0;2;2;0;0;1;0;2;1;0;0;0;0;0;1;0
5,complete,euclidean,cut,4,0;0;0;1;0;2;2;3;0;1;3;2;1;3;0;0;0;0;1;3
5,complete,euclidean,cut,5,0;0;1;2;0;3;3;4;0;2;4;3;2;4;1;0;1;0;2;4
5,complete,euclidean,cut,6,0;0;1;2;0;3;3;4;0;2;4;3;5;4;1;0;1;0;5;4
5,ward.D2,euclidean,height,0,0.072761509956276463
5,ward.D2,euclidean,height,1,0.102357258938706439
5,ward.D2,euclidean,height,2,0.133476556775139921
5,ward.D2,euclidean,height,3,0.137146101720534513
5,ward.D2,euclidean,height,4,0.155816437787546086
5,ward.D2,euclidean,height,5,0.190446206266611129
5,ward.D2,euclidean,height,6,0.251828236883716472
5,ward.D2,euclidean,height,7,0.289675208315511468
5,ward.D2,euclidean,height,8,0.329043474769105115
5,ward.D2,euclidean,height,9,0.361797761233938697
5,ward.D2,euclidean,height,10,0.374138071322874466
5,ward.D2,euclidean,height,11,0.529283761208764858
5,ward.D2,euclidean,height,12,0.604875732269797517
5,ward.D2,euclidean,height,13,0.741718508462373527
5,ward.D2,euclidean,height,14,0.863327316489384100
5,ward.D2,euclidean,height,15,1.149181696288321453
5,ward.D2,euclidean,height,16,1.642919546104994133
5,ward.D2,euclidean,height,17,2.276143603875646182
5,ward.D2,euclidean,height,18,2.603640854811577920
5,ward.D2,euclidean,cut,2,0;0;0;0;0;1;1;0;0;0;0;1;0;0;0;0;0;0;0;0
5,ward.D2,euclidean,cut,3,0;0;0;1;0;2;2;0;0;1;0;2;1;0;0;0;0;0;1;0
5,ward.D2,euclidean,cut,4,0;0;0;1;0;2;2;3;0;1;3;2;1;3;0;0;0;0;1;3
5,ward.D2,euclidean,cut,5,0;0;1;2;0;3;3;4;0;2;4;3;2;4;1;0;1;0;2;4
5,ward.D2,euclidean,cut,6,0;0;1;2;0;3;3;4;0;2;4;3;5;4;1;0;1;0;5;4
5,single,euclidean,height,0,0.072761509956276463
5,single,euclidean,height,1,0.102357258938706439
5,single,euclidean,height,2,0.108947578859525135
5,single,euclidean,height,3,0.133476556775139921
5,single,euclidean,height,4,0.137146101720534513
5,single,euclidean,height,5,0.190446206266611129
5,single,euclidean,height,6,0.208076314349063235
5,single,euclidean,height,7,0.245331847051698748
5,single,euclidean,height,8,0.250678276770647246
5,single,euclidean,height,9,0.251577024170159314
5,single,euclidean,height,10,0.251828236883716472
5,single,euclidean,height,11,0.374138071322874466
5,single,euclidean,height,12,0.376649301443743534
5,single,euclidean,height,13,0.385809479827792179
5,single,euclidean,height,14,0.387030738779398864
5,single,euclidean,height,15,0.432435272049319364
5,single,euclidean,height,16,0.439956764493375507
5,single,euclidean,height,17,0.509058583612844173
5,single,euclidean,height,18,0.606396916910875272
5,single,euclidean,cut,2,0;0;0;0;0;1;1;0;0;0;0;1;0;0;0;0;0;0;0;0
5,single,euclidean,cut,3,0;0;0;0;0;1;2;0;0;0;0;2;0;0;0;0;0;0;0;0
5,single,euclidean,cut,4,0;0;0;0;0;1;2;0;0;0;0;2;0;0;0;0;0;0;0;3
5,single,euclidean,cut,5,0;0;0;0;0;1;2;0;0;0;0;2;3;0;0;0;0;0;3;4
5,single,euclidean,cut,6,0;0;0;1;0;2;3;0;0;1;0;3;4;0;0;0;0;0;4;5
5,centroid,euclidean,height,0,0.072761509956276463
5,centroid,euclidean,height,1,0.102357258938706439
5,centroid,euclidean,height,2,0.133476556775139921
5,centroid,euclidean,height,3,0.134940993451212465
5,centroid,euclidean,height,4,0.137146101720534513
5,centroid,euclidean,height,5,0.190446206266611129
5,centroid,euclidean,height,6,0.250866089247782198
5,centroid,euclidean,height,7,0.251828236883716472
5,centroid,euclidean,height,8,0.284960008099549023
5,centroid,euclidean,height,9,0.295406635034816734
5,centroid,euclidean,height,10,0.324118786025642647
5,centroid,euclidean,height,11,0.374138071322874466
5,centroid,euclidean,height,12,0.523837750278359326
5,centroid,euclidean,height,13,0.574590848144160726
5,centroid,euclidean,height,14,0.605610626170340671
5,centroid,euclidean,height,15,0.610464599873228209
5,centroid,euclidean,height,16,0.698106568737697164
5,centroid,euclidean,height,17,0.920253440179599203
5,centroid,euclidean,height,18,1.152911548810735765
5,centroid,euclidean,cut,2,0;0;0;0;0;1;1;0;0;0;0;1;0;0;0;0;0;0;0;0
5,centroid,euclidean,cut,3,0;0;0;1;0;2;2;0;0;1;0;2;1;0;0;0;0;0;1;0
5,centroid,euclidean,cut,4,0;0;0;1;0;2;2;3;0;1;3;2;1;3;0;0;0;0;1;3
5,centroid,euclidean,cut,5,0;0;0;1;0;2;2;3;0;1;3;2;4;3;0;0;0;0;4;3
5,centroid,euclidean,cut,6,0;0;0;1;0;2;2;3;0;1;3;2;4;3;0;0;0;0;4;5
5,average,manhattan,height,0,0.085182570680842451
5,average,manhattan,height,1,0.137402158549569442
5,average,manhattan,height,2,0.146215059202988412
5,average,manhattan,height,3,0.176818475944116010
5,average,manhattan,height,4,0.188007619523753944
5,average,manhattan,height,5,0.201730611078176136
5,average,manhattan,height,6,0.318640103812945941
5,average,manhattan,height,7,0.323169447470376625
5,average,manhattan,height,8,0.334285664932704452
5,average,manhattan,height,9,0.355048212863734225
5,average,manhattan,height,10,0.441419469189694547
5,average,manhattan,height,11,0.472639978816675466
5,average,manhattan,height,12,0.611354053762617644
5,average,manhattan,height,13,0.713242093950610223
5,average,manhattan,height,14,0.730300796211258763
5,average,manhattan,height,15,0.852755726947649340
5,average,manhattan,height,16,0.990895198956831424
5,average,manhattan,height,17,1.251191783052719275
5,average,manhattan,height,18,1.628865532422026474
5,average,manhattan,cut,2,0;0;0;0;0;1;1;0;0;0;0;1;0;0;0;0;0;0;0;0
5,average,manhattan,cut,3,0;0;0;0;0;1;1;2;0;0;2;1;0;2;0;0;0;0;0;2
5,average,manhattan,cut,4,0;0;1;1;0;2;2;3;0;1;3;2;0;3;1;0;1;0;0;3
5,average,manhattan,cut,5,0;0;1;1;0;2;2;3;0;1;3;2;4;3;1;0;1;0;4;3
5,average,manhattan,cut,6,0;0;1;1;0;2;2;3;0;1;3;2;4;3;1;0;1;0;4;5
5,complete,manhattan,height,0,0.085182570680842451
5,complete,manhattan,height,1,0.137402158549569442
5,complete,manhattan,height,2,0.146215059202988412
5,complete,manhattan,height,3,0.188007619523753944
5,complete,manhattan,height,4,0.199592714355146250
5,complete,manhattan,height,5,0.201730611078176136
5,complete,manhattan,height,6,0.341216915570744406
5,complete,manhattan,height,7,0.355048212863734225
5,complete,manhattan,height,8,0.363149155342034347
5,complete,manhattan,height,9,0.398631453722236295
5,complete,manhattan,height,10,0.472639978816675466
5,complete,manhattan,height,11,0.590643682698406725
5,complete,manhattan,height,12,0.712219359301705657
5,complete,manhattan,height,13,0.847916156689590639
5,complete,manhattan,height,14,0.900019963235084819
5,complete,manhattan,height,15,1.286351822362867603
5,complete,manhattan,height,16,1.583567074236935657
5,complete,manhattan,height,17,2.106083605474482923
5,complete,manhattan,height,18,2.763966537608759655
5,complete,manhattan,cut,2,0;0;0;0;0;1;1;1;0;0;1;1;0;1;0;0;0;0;0;1
5,complete,manhattan,cut,3,0;0;0;0;0;1;1;2;0;0;2;1;0;2;0;0;0;0;0;2
5,complete,manhattan,cut,4,0;0;1;1;0;2;2;3;0;1;3;2;0;3;1;0;1;0;0;3
5,complete,manhattan,cut,5,0;0;1;1;0;2;2;3;0;1;3;2;4;3;1;0;1;0;4;3
5,complete,manhattan,cut,6,0;0;1;2;0;3;3;4;0;2;4;3;5;4;1;0;1;0;5;4
5,ward.D2,manhattan,height,0,0.085182570680842451
5,ward.D2,manhattan,height,1,0.137402158549569442
5,ward.D2,manhattan,height,2,0.146215059202988412
5,ward.D2,manhattan,height,3,0.188007619523753944
5,ward.D2,manhattan,height,4,0.189959999567916482
5,ward.D2,manhattan,height,5,0.201730611078176136
5,ward.D2,manhattan,height,6,0.355048212863734225
5,ward.D2,manhattan,height,7,0.359066414103089815
5,ward.D2,manhattan,height,8,0.384301945994137362
5,ward.D2,manhattan,height,9,0.389753028338676089
5,ward.D2,manhattan,height,10,0.472639978816675466
5,ward.D2,manhattan,height,11,0.674455039897555397
5,ward.D2,manhattan,height,12,0.705930855020032388
5,ward.D2,manhattan,height,13,0.883160641416596559
5,ward.D2,manhattan,height,14,1.042297227667503767
5,ward.D2,manhattan,height,15,1.414677821877897701
5,ward.D2,manhattan,height,16,2.168583229409139168
5,ward.D2,manhattan,height,17,2.834681881752381116
5,ward.D2,manhattan,height,18,3.376872094248029477
5,ward.D2,manhattan,cut,2,0;0;0;0;0;1;1;0;0;0;0;1;0;0;0;0;0;0;0;0
5,ward.D2,manhattan,cut,3,0;0;0;0;0;1;1;2;0;0;2;1;0;2;0;0;0;0;0;2
5,ward.D2,manhattan,cut,4,0;0;0;1;0;2;2;3;0;1;3;2;1;3;0;0;0;0;1;3
5,ward.D2,manhattan,cut,5,0;0;1;2;0;3;3;4;0;2;4;3;2;4;1;0;1;0;2;4
5,ward.D2,manhattan,cut,6,0;0;1;2;0;3;3;4;0;2;4;3;5;4;1;0;1;0;5;4
5,single,manhattan,height,0,0.085182570680842451
5,single,manhattan,height,1,0.137402158549569442
5,single,manhattan,height,2,0.146215059202988412
5,single,manhattan,height,3,0.154044237533085770
5,single,manhattan,height,4,0.188007619523753944
5,single,manhattan,height,5,0.201730611078176136
5,single,manhattan,height,6,0.216737365069662014
5,single,manhattan,height,7,0.296063292055147476
5,single,manhattan,height,8,0.299509651317370340
5,single,manhattan,height,9,0.305422174523374557
5,single,manhattan,height,10,0.355048212863734225
5,single,manhattan,height,11,0.469791121075327389
5,single,manhattan,height,12,0.472639978816675466
5,single,manhattan,height,13,0.477423631875914911
5,single,manhattan,height,14,0.488013772506321719
5,single,manhattan,height,15,0.508005465340317208
5,single,manhattan,height,16,0.510488748223529631
5,single,manhattan,height,17,0.580252645935437572
5,single,manhattan,height,18,0.681262350585555176
5,single,manhattan,cut,2,0;0;0;0;0;1;1;0;0;0;0;1;0;0;0;0;0;0;0;0
5,single,manhattan,cut,3,0;0;0;0;0;1;1;0;0;0;0;1;0;0;0;0;0;0;0;2
5,single,manhattan,cut,4,0;0;0;0;0;1;2;0;0;0;0;2;0;0;0;0;0;0;0;3
5,single,manhattan,cut,5,0;0;0;1;0;2;3;0;0;1;0;3;0;0;0;0;0;0;0;4
5,single,manhattan,cut,6,0;0;0;1;0;2;3;4;0;1;4;3;0;4;0;0;0;0;0;5
5,centroid,manhattan,height,0,0.085182570680842451
5,centroid,manhattan,height,1,0.137402158549569442
5,centroid,manhattan,height,2,0.146215059202988412
5,centroid,manhattan,height,3,0.164510185328696684
5,centroid,manhattan,height,4,0.188007619523753944
5,centroid,manhattan,height,5,0.201730611078176136
5,centroid,manhattan,height,6,0.310960636259058842
5,centroid,manhattan,height,7,0.318232015044756122
5,centroid,manhattan,height,8,0.332815247954718341
5,centroid,manhattan,height,9,0.355048212863734225
5,centroid,manhattan,height,10,0.413017675549370300
5,centroid,manhattan,height,11,0.472639978816675466
5,centroid,manhattan,height,12,0.611354053762617644
5,centroid,manhattan,height,13,0.687680007183480546
5,centroid,manhattan,height,14,0.721097644126588500
5,centroid,manhattan,height,15,0.818298353287974067
5,centroid,manhattan,height,16,0.868953228245010867
5,centroid,manhattan,height,17,1.146072571631963743
5,centroid,manhattan,height,18,1.495304096615505118
5,centroid,manhattan,cut,2,0;0;0;0;0;1;1;0;0;0;0;1;0;0;0;0;0;0;0;0
5,centroid,manhattan,cut,3,0;0;0;0;0;1;1;2;0;0;2;1;0;2;0;0;0;0;0;2
5,centroid,manhattan,cut,4,0;0;1;1;0;2;2;3;0;1;3;2;0;3;1;0;1;0;0;3
5,centroid,manhattan,cut,5,0;0;1;1;0;2;2;3;0;1;3;2;4;3;1;0;1;0;4;3
5,centroid,manhattan,cut,6,0;0;1;1;0;2;2;3;0;1;3;2;4;3;1;0;1;0;4;5
6,average,euclidean,height,0,0.071720302543993933
6,average,euclidean,height,1,0.121336394384235283
6,average,euclidean,height,2,0.175777702565505817
6,average,euclidean,height,3,0.183064784762736799
6,average,euclidean,height,4,0.184561734833984609
6,average,euclidean,height,5,0.186444511506438648
6,average,euclidean,height,6,0.233712212831040961
6,average,euclidean,height,7,0.236466699899349236
6,average,euclidean,height,8,0.267292279037405711
6,average,euclidean,height,9,0.364168158840474598
6,average,euclidean,height,10,0.507312453529348284
6,average,euclidean,height,11,0.510666681200592665
6,average,euclidean,height,12,0.574261235545140636
6,average,euclidean,height,13,0.683150751124633637
6,average,euclidean,height,14,0.778417623342860687
6,average,euclidean,height,15,0.860337423983537963
6,average,euclidean,height,16,1.000252074261982482
6,average,euclidean,height,17,1.400618600659354618
6,average,euclidean,height,18,2.148805645721969970
6,average,euclidean,cut,2,0;0;0;0;0;0;0;0;0;0;0;0;1;0;0;0;0;0;0;1
6,average,euclidean,cut,3,0;0;0;0;0;0;0;0;0;0;0;1;2;0;0;0;0;1;0;2
6,average,euclidean,cut,4,0;1;0;0;0;0;0;0;0;0;0;2;3;0;0;0;1;2;0;3
6,average,euclidean,cut,5,0;1;0;0;0;0;0;0;0;0;0;2;3;0;0;0;1;4;0;3
6,average,euclidean,cut,6,0;1;2;0;0;0;2;0;0;0;0;3;4;2;0;0;1;5;0;4
6,complete,euclidean,height,0,0.071720302543993933
6,complete,euclidean,height,1,0.121336394384235283
6,complete,euclidean,height,2,0.175777702565505817
6,complete,euclidean,height,3,0.184561734833984609
6,complete,euclidean,height,4,0.186444511506438648
6,complete,euclidean,height,5,0.219182146833040908
6,complete,euclidean,height,6,0.259344334576748992
6,complete,euclidean,height,7,0.267292279037405711
6,complete,euclidean,height,8,0.297800771927572649
6,complete,euclidean,height,9,0.364622542595150145
6,complete,euclidean,height,10,0.574261235545140636
6,complete,euclidean,height,11,0.631944517769131853
6,complete,euclidean,height,12,0.699532932435499522
6,complete,euclidean,height,13,0.860337423983537963
6,complete,euclidean,height,14,0.910992948426844973
6,complete,euclidean,height,15,1.241140258945301555
6,complete,euclidean,height,16,1.488311699642170138
6,complete,euclidean,height,17,1.934929801615596912
6,complete,euclidean,height,18,3.177873859259336520
6,complete,euclidean,cut,2,0;0;0;0;0;0;0;0;0;0;0;1;1;0;0;0;0;1;0;1
6,complete,euclidean,cut,3,0;0;0;0;0;0;0;0;0;0;0;1;2;0;0;0;0;1;0;2
6,complete,euclidean,cut,4,0;1;0;0;0;0;0;0;0;0;0;2;3;0;0;0;1;2;0;3
6,complete,euclidean,cut,5,0;1;2;0;0;0;2;0;0;2;2;3;4;2;2;0;1;3;2;4
6,complete,euclidean,cut,6,0;1;2;0;0;0;2;0;0;2;3;4;5;2;3;0;1;4;3;5
6,ward.D2,euclidean,height,0,0.071720302543993933
6,ward.D2,euclidean,height,1,0.121336394384235283
6,ward.D2,euclidean,height,2,0.175777702565505817
6,ward.D2,euclidean,height,3,0.184561734833984609
6,ward.D2,euclidean,height,4,0.186444511506438648
6,ward.D2,euclidean,height,5,0.203753279278650890
6,ward.D2,euclidean,height,6,0.252321216869827336
6,ward.D2,euclidean,height,7,0.267292279037405711
6,ward.D2,euclidean,height,8,0.282943176105814931
6,ward.D2,euclidean,height,9,0.364622542595150145
6,ward.D2,euclidean,height,10,0.574261235545140636
6,ward.D2,euclidean,height,11,0.704294177358007145
6,ward.D2,euclidean,height,12,0.860337423983537963
6,ward.D2,euclidean,height,13,0.911101358993266053
6,ward.D2,euclidean,height,14,1.077112013207017105
6,ward.D2,euclidean,height,15,1.616847242278647956
6,ward.D2,euclidean,height,16,1.755982669402399887
6,ward.D2,euclidean,height,17,2.062015714140925660
6,ward.D2,euclidean,height,18,4.169864367707005748
6,ward.D2,euclidean,cut,2,0;0;0;0;0;0;0;0;0;0;0;1;1;0;0;0;0;1;0;1
6,ward.D2,euclidean,cut,3,0;0;0;0;0;0;0;0;0;0;0;1;2;0;0;0;0;1;0;2
6,ward.D2,euclidean,cut,4,0;0;1;0;0;0;1;0;0;1;1;2;3;1;1;0;0;2;1;3
6,ward.D2,euclidean,cut,5,0;1;2;0;0;0;2;0;0;2;2;3;4;2;2;0;1;3;2;4
6,ward.D2,euclidean,cut,6,0;1;2;0;0;0;2;0;0;2;3;4;5;2;3;0;1;4;3;5
6,single,euclidean,height,0,0.071720302543993933
6,single,euclidean,height,1,0.121336394384235283
6,single,euclidean,height,2,0.146947422692432716
6,single,euclidean,height,3,0.175777702565505817
6,single,euclidean,height,4,0.184561734833984609
6,single,euclidean,height,5,0.186444511506438648
6,single,euclidean,height,6,0.189565534639018873
6,single,euclidean,height,7,0.213589065221949481
6,single,euclidean,height,8,0.250025271295438001
6,single,euclidean,height,9,0.267292279037405711
6,single,euclidean,height,10,0.283108549342286020
6,single,euclidean,height,11,0.288468037116379639
6,single,euclidean,height,12,0.364622542595150145
6,single,euclidean,height,13,0.382680389289564715
6,single,euclidean,height,14,0.527620044813812861
6,single,euclidean,height,15,0.574261235545140636
6,single,euclidean,height,16,0.760882355407321076
6,single,euclidean,height,17,0.860337423983537963
6,single,euclidean,height,18,1.062884964518492348
6,single,euclidean,cut,2,0;0;0;0;0;0;0;0;0;0;0;0;1;0;0;0;0;0;0;1
6,single,euclidean,cut,3,0;0;0;0;0;0;0;0;0;0;0;0;1;0;0;0;0;2;0;1
6,single,euclidean,cut,4,0;0;0;0;0;0;0;0;0;0;0;1;2;0;0;0;0;3;0;2
6,single,euclidean,cut,5,0;0;0;0;0;0;0;0;0;0;0;1;2;0;0;0;0;3;0;4
6,single,euclidean,cut,6,0;1;0;0;0;0;0;0;0;0;0;2;3;0;0;0;1;4;0;5
6,centroid,euclidean,height,0,0.071720302543993933
6,centroid,euclidean,height,1,0.121336394384235283
6,centroid,euclidean,height,2,0.175777702565505817
6,centroid,euclidean,height,3,0.176455515959697135
6,centroid,euclidean,height,4,0.184561734833984609
6,centroid,euclidean,height,5,0.186444511506438648
6,centroid,euclidean,height,6,0.200071038514881255
6,centroid,euclidean,height,7,0.218516583723073116
6,centroid,euclidean,height,8,0.267292279037405711
6,centroid,euclidean,height,9,0.350465395905566357
6,centroid,euclidean,height,10,0.479985515594518630
6,centroid,euclidean,height,11,0.505012659578335854
6,centroid,euclidean,height,12,0.574261235545140636
6,centroid,euclidean,height,13,0.652973478055596801
6,centroid,euclidean,height,14,0.618068764162348572
6,centroid,euclidean,height,15,0.860337423983537963
6,centroid,euclidean,height,16,0.928561532347631391
6,centroid,euclidean,height,17,1.294428821033103860
6,centroid,euclidean,height,18,2.087141909309051524
6,centroid,euclidean,cut,2,0;0;0;0;0;0;0;0;0;0;0;0;1;0;0;0;0;0;0;1
6,centroid,euclidean,cut,3,0;0;0;0;0;0;0;0;0;0;0;1;2;0;0;0;0;1;0;2
6,centroid,euclidean,cut,4,0;1;0;0;0;0;0;0;0;0;0;2;3;0;0;0;1;2;0;3
6,centroid,euclidean,cut,5,0;1;0;0;0;0;0;0;0;0;0;2;3;0;0;0;1;4;0;3
6,centroid,euclidean,cut,6,0;1;2;0;0;0;2;0;0;0;2;3;4;2;2;0;1;5;2;4
6,average,manhattan,height,0,0.092703973998221584
6,average,manhattan,height,1,0.138896851137740640
6,average,manhattan,height,2,0.190660622381002398
6,average,manhattan,height,3,0.210623348316349268
6,average,manhattan,height,4,0.237557310270575445
6,average,manhattan,height,5,0.249364442835558642
6,average,manhattan,height,6,0.305140263724571814
6,average,manhattan,height,7,0.309341264247772529
6,average,manhattan,height,8,0.342907687614650514
6,average,manhattan,height,9,0.437791320771650838
6,average,manhattan,height,10,0.575222302734227475
6,average,manhattan,height,11,0.619794522562188144
6,average,manhattan,height,12,0.807837554481057873
6,average,manhattan,height,13,0.900087132137887158
6,average,manhattan,height,14,1.052537692163905581
6,average,manhattan,height,15,1.149250745957370867
6,average,manhattan,height,16,1.213393592128216625
6,average,manhattan,height,17,1.759252253809190814
6,average,manhattan,height,18,2.583269939480812738
6,average,manhattan,cut,2,0;0;0;0;0;0;0;0;0;0;0;0;1;0;0;0;0;0;0;1
6,average,manhattan,cut,3,0;0;0;0;0;0;0;0;0;0;0;1;2;0;0;0;0;1;0;2
6,average,manhattan,cut,4,0;0;0;0;0;0;0;0;0;0;0;1;2;0;0;0;0;3;0;2
6,average,manhattan,cut,5,0;1;1;0;0;0;0;0;0;0;0;2;3;0;0;0;1;4;0;3
6,average,manhattan,cut,6,0;1;1;0;0;0;2;0;0;0;0;3;4;2;0;0;1;5;0;4
6,complete,manhattan,height,0,0.092703973998221584
6,complete,manhattan,height,1,0.138896851137740640
6,complete,manhattan,height,2,0.190660622381002398
6,complete,manhattan,height,3,0.210623348316349268
6,complete,manhattan,height,4,0.237557310270575445
6,complete,manhattan,height,5,0.299744761285211381
6,complete,manhattan,height,6,0.342907687614650514
6,complete,manhattan,height,7,0.360469667424902052
6,complete,manhattan,height,8,0.393312487560789625
6,complete,manhattan,height,9,0.510354208564382406
6,complete,manhattan,height,10,0.807837554481057873
6,complete,manhattan,height,11,0.862516012428698020
6,complete,manhattan,height,12,0.883537657789796871
6,complete,manhattan,height,13,1.164173103304284140
6,complete,manhattan,height,14,1.213393592128216625
6,complete,manhattan,height,15,1.689353463637826902
6,complete,manhattan,height,16,1.731356712698822520
6,complete,manhattan,height,17,2.709370649470743242
6,complete,manhattan,height,18,3.452363234096517353
6,complete,manhattan,cut,2,0;0;0;0;0;0;0;0;0;0;0;1;1;0;0;0;0;1;0;1
6,complete,manhattan,cut,3,0;0;0;0;0;0;0;0;0;0;0;1;2;0;0;0;0;1;0;2
6,complete,manhattan,cut,4,0;0;1;0;0;0;1;0;0;1;1;2;3;1;1;0;0;2;1;3
6,complete,manhattan,cut,5,0;1;2;0;0;0;2;0;0;2;2;3;4;2;2;0;1;3;2;4
6,complete,manhattan,cut,6,0;1;2;0;0;0;2;0;0;2;2;3;4;2;2;0;1;5;2;4
6,ward.D2,manhattan,height,0,0.092703973998221584
6,ward.D2,manhattan,height,1,0.138896851137740640
6,ward.D2,manhattan,height,2,0.190660622381002398
6,ward.D2,manhattan,height,3,0.210623348316349268
6,ward.D2,manhattan,height,4,0.237557310270575445
6,ward.D2,manhattan,height,5,0.282601528714388706
6,ward.D2,manhattan,height,6,0.340752217362426113
6,ward.D2,manhattan,height,7,0.342907687614650514
6,ward.D2,manhattan,height,8,0.382135757031503487
6,ward.D2,manhattan,height,9,0.510354208564382406
6,ward.D2,manhattan,height,10,0.807837554481057873
6,ward.D2,manhattan,height,11,0.904675597050032199
6,ward.D2,manhattan,height,12,1.045631045062144215
6,ward.D2,manhattan,height,13,1.213393592128216625
6,ward.D2,manhattan,height,14,1.382166387697467913
6,ward.D2,manhattan,height,15,2.109306479441741988
6,ward.D2,manhattan,height,16,2.210334042852539316
6,ward.D2,manhattan,height,17,2.858763364151505115
6,ward.D2,manhattan,height,18,4.788440889690293467
6,ward.D2,manhattan,cut,2,0;0;0;0;0;0;0;0;0;0;0;1;1;0;0;0;0;1;0;1
6,ward.D2,manhattan,cut,3,0;0;0;0;0;0;0;0;0;0;0;1;2;0;0;0;0;1;0;2
6,ward.D2,manhattan,cut,4,0;1;1;0;0;0;1;0;0;1;1;2;3;1;1;0;1;2;1;3
6,ward.D2,manhattan,cut,5,0;1;2;0;0;0;2;0;0;2;2;3;4;2;2;0;1;3;2;4
6,ward.D2,manhattan,cut,6,0;1;2;0;0;0;2;0;0;2;3;4;5;2;3;0;1;4;3;5
6,single,manhattan,height,0,0.092703973998221584
6,single,manhattan,height,1,0.138896851137740640
6,single,manhattan,height,2,0.190660622381002398
6,single,manhattan,height,3,0.198984124385905903
6,single,manhattan,height,4,0.210623348316349268
6,single,manhattan,height,5,0.237557310270575445
6,single,manhattan,height,6,0.249810860024241632
6,single,manhattan,height,7,0.261276861374427738
6,single,manhattan,height,8,0.301494389769058846
6,single,manhattan,height,9,0.314208378696839818
6,single,manhattan,height,10,0.342907687614650514
6,single,manhattan,height,11,0.398151250262684553
6,single,manhattan,height,12,0.510354208564382406
6,single,manhattan,height,13,0.535007728435709873
6,single,manhattan,height,14,0.554645757841187859
6,single,manhattan,height,15,0.807837554481057873
6,single,manhattan,height,16,1.033986601975359410
6,single,manhattan,height,17,1.123635677795706611
6,single,manhattan,height,18,1.412607885164034682
6,single,manhattan,cut,2,0;0;0;0;0;0;0;0;0;0;0;0;1;0;0;0;0;0;0;1
6,single,manhattan,cut,3,0;0;0;0;0;0;0;0;0;0;0;0;1;0;0;0;0;2;0;1
6,single,manhattan,cut,4,0;0;0;0;0;0;0;0;0;0;0;1;2;0;0;0;0;3;0;2
6,single,manhattan,cut,5,0;0;0;0;0;0;0;0;0;0;0;1;2;0;0;0;0;3;0;4
6,single,manhattan,cut,6,0;1;0;0;0;0;0;0;0;0;0;2;3;0;0;0;1;4;0;5
6,centroid,manhattan,height,0,0.092703973998221584
6,centroid,manhattan,height,1,0.138896851137740640
6,centroid,manhattan,height,2,0.190660622381002398
6,centroid,manhattan,height,3,0.210623348316349268
6,centroid,manhattan,height,4,0.237557310270575445
6,centroid,manhattan,height,5,0.244740103014978089
6,centroid,manhattan,height,6,0.270210785130830966
6,centroid,manhattan,height,7,0.295100076631737873
6,centroid,manhattan,height,8,0.342907687614650514
6,centroid,manhattan,height,9,0.416079346322147881
6,centroid,manhattan,height,10,0.573720825021923675
6,centroid,manhattan,height,11,0.582642717563899848
6,centroid,manhattan,height,12,0.807837554481057873
6,centroid,manhattan,height,13,0.875030436911395371
6,centroid,manhattan,height,14,0.955513721991882559
6,centroid,manhattan,height,15,1.012452653168215200
6,centroid,manhattan,height,16,1.213393592128216625
6,centroid,manhattan,height,17,1.599344758848799231
6,centroid,manhattan,height,18,2.472455233035582900
6,centroid,manhattan,cut,2,0;0;0;0;0;0;0;0;0;0;0;0;1;0;0;0;0;0;0;1
6,centroid,manhattan,cut,3,0;0;0;0;0;0;0;0;0;0;0;1;2;0;0;0;0;1;0;2
6,centroid,manhattan,cut,4,0;0;0;0;0;0;0;0;0;0;0;1;2;0;0;0;0;3;0;2
6,centroid,manhattan,cut,5,0;1;1;0;0;0;0;0;0;0;0;2;3;0;0;0;1;4;0;3
6,centroid,manhattan,cut,6,0;1;1;0;0;0;2;0;0;0;0;3;4;2;0;0;1;5;0;4
7,average,euclidean,height,0,0.044192078279415507
7,average,euclidean,height,1,0.078254978481966678
7,average,euclidean,height,2,0.097468228072964250
7,average,euclidean,height,3,0.140658900150752914
7,average,euclidean,height,4,0.155109153670388078
7,average,euclidean,height,5,0.191536047930494169
7,average,euclidean,height,6,0.204595544625963965
7,average,euclidean,height,7,0.259335170000718429
7,average,euclidean,height,8,0.346163079712475008
7,average,euclidean,height,9,0.387017616144805676
7,average,euclidean,height,10,0.428159693599275859
7,average,euclidean,height,11,0.451057027784733500
7,average,euclidean,height,12,0.500440581278551289
7,average,euclidean,height,13,0.601520004411361109
7,average,euclidean,height,14,0.624440117065868439
7,average,euclidean,height,15,0.704847538493435399
7,average,euclidean,height,16,0.822063638047679568
7,average,euclidean,height,17,1.070184907124794860
7,average,euclidean,height,18,1.200185915284592841
7,average,euclidean,cut,2,0;0;1;0;1;0;1;0;1;1;0;0;0;0;0;1;0;1;0;0
7,average,euclidean,cut,3,0;0;1;0;1;0;1;0;1;1;0;0;0;0;0;2;0;1;0;0
7,average,euclidean,cut,4,0;0;1;0;1;0;1;0;2;2;0;0;0;0;0;3;0;1;0;0
7,average,euclidean,cut,5,0;0;1;0;1;0;1;2;3;3;2;0;0;2;2;4;0;1;2;2
7,average,euclidean,cut,6,0;0;1;0;1;0;1;2;3;3;2;0;0;2;2;4;0;5;2;2
7,complete,euclidean,height,0,0.044192078279415507
7,complete,euclidean,height,1,0.078254978481966678
7,complete,euclidean,height,2,0.097468228072964250
7,complete,euclidean,height,3,0.140658900150752914
7,complete,euclidean,height,4,0.155109153670388078
7,complete,euclidean,height,5,0.191536047930494169
7,complete,euclidean,height,6,0.249227346016572565
7,complete,euclidean,height,7,0.279716968203222394
7,complete,euclidean,height,8,0.419979728318305767
7,complete,euclidean,height,9,0.448424193152276607
7,complete,euclidean,height,10,0.494086163989979732
7,complete,euclidean,height,11,0.511098387867607640
7,complete,euclidean,height,12,0.594601291112760388
7,complete,euclidean,height,13,0.687731806001813051
7,complete,euclidean,height,14,0.830189478803166181
7,complete,euclidean,height,15,1.167648163139642703
7,complete,euclidean,height,16,1.381012187248488843
7,complete,euclidean,height,17,1.629668064017606666
7,complete,euclidean,height,18,2.092917307406358063
7,complete,euclidean,cut,2,0;0;1;0;1;0;1;0;0;0;0;0;0;0;0;0;0;1;0;0
7,complete,euclidean,cut,3,0;0;1;0;1;0;1;2;2;2;2;0;0;2;2;0;0;1;2;2
7,complete,euclidean,cut,4,0;0;1;0;1;2;1;3;3;3;3;2;0;3;3;0;2;1;3;3
7,complete,euclidean,cut,5,0;0;1;0;1;2;1;3;4;4;3;2;0;3;3;0;2;1;3;3
7,complete,euclidean,cut,6,0;0;1;0;1;2;1;3;4;4;3;2;0;3;3;5;2;1;3;3
7,ward.D2,euclidean,height,0,0.044192078279415507
7,ward.D2,euclidean,height,1,0.078254978481966678
7,ward.D2,euclidean,height,2,0.097468228072964250
7,ward.D2,euclidean,height,3,0.140658900150752914
7,ward.D2,euclidean,height,4,0.155109153670388078
7,ward.D2,euclidean,height,5,0.191536047930494169
7,ward.D2,euclidean,height,6,0.227757482213751999
7,ward.D2,euclidean,height,7,0.296960575796329895
7,ward.D2,euclidean,height,8,0.407937341264900499
7,ward.D2,euclidean,height,9,0.438758686131643427
7,ward.D2,euclidean,height,10,0.508961275965122861
7,ward.D2,euclidean,height,11,0.541611449809884515
7,ward.D2,euclidean,height,12,0.691114105120349875
7,ward.D2,euclidean,height,13,0.739423546583341862
7,ward.D2,euclidean,height,14,0.962470034021639553
7,ward.D2,euclidean,height,15,1.083215488552352168
7,ward.D2,euclidean,height,16,1.486223242915240439
7,ward.D2,euclidean,height,17,2.091889586519762201
7,ward.D2,euclidean,height,18,2.797484567722066995
7,ward.D2,euclidean,cut,2,0;0;1;0;1;0;1;0;0;0;0;0;0;0;0;1;0;1;0;0
7,ward.D2,euclidean,cut,3,0;0;1;0;1;0;1;2;2;2;2;0;0;2;2;1;0;1;2;2
7,ward.D2,euclidean,cut,4,0;0;1;0;1;0;1;2;3;3;2;0;0;2;2;1;0;1;2;2
7,ward.D2,euclidean,cut,5,0;0;1;0;1;0;1;2;3;3;2;0;0;2;2;4;0;1;2;2
7,ward.D2,euclidean,cut,6,0;0;1;0;1;0;1;2;3;3;2;4;0;2;2;5;4;1;2;2
7,single,euclidean,height,0,0.044192078279415507
7,single,euclidean,height,1,0.078254978481966678
7,single,euclidean,height,2,0.097468228072964250
7,single,euclidean,height,3,0.140658900150752914
7,single,euclidean,height,4,0.155109153670388078
7,single,euclidean,height,5,0.159963743235355338
7,single,euclidean,height,6,0.191536047930494169
7,single,euclidean,height,7,0.238953371798214464
7,single,euclidean,height,8,0.258491631325231841
7,single,euclidean,height,9,0.280778600699538694
7,single,euclidean,height,10,0.283116049109524259
7,single,euclidean,height,11,0.286950410996818894
7,single,euclidean,height,12,0.325611039137334801
7,single,euclidean,height,13,0.422666408274700311
7,single,euclidean,height,14,0.489782774689494937
7,single,euclidean,height,15,0.510297543169732304
7,single,euclidean,height,16,0.541611449809884515
7,single,euclidean,height,17,0.589974635376002254
7,single,euclidean,height,18,0.631712755895443845
7,single,euclidean,cut,2,0;0;1;0;1;0;1;0;1;1;0;0;0;0;0;0;0;1;0;0
7,single,euclidean,cut,3,0;0;1;0;1;0;1;0;2;2;0;0;0;0;0;0;0;1;0;0
7,single,euclidean,cut,4,0;0;1;0;1;0;1;0;2;2;0;0;0;0;0;0;0;3;0;0
7,single,euclidean,cut,5,0;0;1;0;1;0;1;0;2;2;0;0;0;0;0;3;0;4;0;0
7,single,euclidean,cut,6,0;0;1;0;2;0;1;0;3;3;0;0;0;0;0;4;0;5;0;0
7,centroid,euclidean,height,0,0.044192078279415507
7,centroid,euclidean,height,1,0.078254978481966678
7,centroid,euclidean,height,2,0.097468228072964250
7,centroid,euclidean,height,3,0.140658900150752914
7,centroid,euclidean,height,4,0.155109153670388078
7,centroid,euclidean,height,5,0.191536047930494169
7,centroid,euclidean,height,6,0.197243765499091672
7,centroid,euclidean,height,7,0.257175402562075994
7,centroid,euclidean,height,8,0.333079444375538214
7,centroid,euclidean,height,9,0.379976168321086272
7,centroid,euclidean,height,10,0.399014914631981299
7,centroid,euclidean,height,11,0.402369218218825375
7,centroid,euclidean,height,12,0.500066124913536303
7,centroid,euclidean,height,13,0.569404951011462046
7,centroid,euclidean,height,14,0.581187656494487670
7,centroid,euclidean,height,15,0.611569049778191043
7,centroid,euclidean,height,16,0.779856238121665712
7,centroid,euclidean,height,17,1.013739856951670015
7,centroid,euclidean,height,18,1.036895966452627604
7,centroid,euclidean,cut,2,0;0;1;0;1;0;1;0;1;1;0;0;0;0;0;1;0;1;0;0
7,centroid,euclidean,cut,3,0;0;1;0;1;0;1;0;1;1;0;0;0;0;0;2;0;1;0;0
7,centroid,euclidean,cut,4,0;0;1;0;1;0;1;0;2;2;0;0;0;0;0;3;0;1;0;0
7,centroid,euclidean,cut,5,0;0;1;0;1;0;1;2;3;3;2;0;0;2;2;4;0;1;2;2
7,centroid,euclidean,cut,6,0;0;1;0;1;0;1;2;3;3;2;0;0;2;2;4;0;5;2;2
7,average,manhattan,height,0,0.057459663477942749
7,average,manhattan,height,1,0.099169279910210517
7,average,manhattan,height,2,0.105521224394024726
7,average,manhattan,height,3,0.152197980115236053
7,average,manhattan,height,4,0.187477707776934593
7,average,manhattan,height,5,0.246614163009123588
7,average,manhattan,height,6,0.275698600562502782
7,average,manhattan,height,7,0.291194810133877213
7,average,manhattan,height,8,0.440318402897396044
7,average,manhattan,height,9,0.515659911599049336
7,average,manhattan,height,10,0.563662701686477918
7,average,manhattan,height,11,0.592057458689529859
7,average,manhattan,height,12,0.703703297951582485
7,average,manhattan,height,13,0.781826910922524210
7,average,manhattan,height,14,0.781833869766356826
7,average,manhattan,height,15,0.881027397972210080
7,average,manhattan,height,16,1.033528935309232288
7,average,manhattan,height,17,1.322507453181780868
7,average,manhattan,height,18,1.514544586954321703
7,average,manhattan,cut,2,0;0;1;0;1;0;1;0;1;1;0;0;0;0;0;1;0;1;0;0
7,average,manhattan,cut,3,0;0;1;0;1;0;1;0;1;1;0;0;0;0;0;2;0;1;0;0
7,average,manhattan,cut,4,0;0;1;0;1;0;1;0;2;2;0;0;0;0;0;3;0;1;0;0
7,average,manhattan,cut,5,0;0;1;0;1;0;1;2;3;3;2;0;0;2;2;4;0;1;2;2
7,average,manhattan,cut,6,0;0;1;0;1;0;1;2;3;3;2;4;0;2;2;5;4;1;2;2
7,complete,manhattan,height,0,0.057459663477942749
7,complete,manhattan,height,1,0.099169279910210517
7,complete,manhattan,height,2,0.105521224394024726
7,complete,manhattan,height,3,0.152197980115236053
7,complete,manhattan,height,4,0.187477707776934593
7,complete,manhattan,height,5,0.246614163009123588
7,complete,manhattan,height,6,0.328212260388647370
7,complete,manhattan,height,7,0.351797590620120837
7,complete,manhattan,height,8,0.490216578276800208
7,complete,manhattan,height,9,0.571681268948221355
7,complete,manhattan,height,10,0.684237968301130484
7,complete,manhattan,height,11,0.715994215719486737
7,complete,manhattan,height,12,0.824550109101361395
7,complete,manhattan,height,13,0.833970715280300756
7,complete,manhattan,height,14,1.161387620353054650
7,complete,manhattan,height,15,1.411612609569112609
7,complete,manhattan,height,16,1.878820855449681471
7,complete,manhattan,height,17,2.273507746598186774
7,complete,manhattan,height,18,2.514151632986556528
7,complete,manhattan,cut,2,0;0;0;0;0;0;0;1;1;1;1;0;0;1;1;0;0;0;1;1
7,complete,manhattan,cut,3,0;0;1;0;1;0;1;2;2;2;2;0;0;2;2;0;0;1;2;2
7,complete,manhattan,cut,4,0;0;1;0;1;2;1;3;3;3;3;2;0;3;3;0;2;1;3;3
7,complete,manhattan,cut,5,0;0;1;0;1;2;1;3;4;4;3;2;0;3;3;0;2;1;3;3
7,complete,manhattan,cut,6,0;0;1;0;1;2;1;3;4;4;3;2;0;3;3;5;2;1;3;3
7,ward.D2,manhattan,height,0,0.057459663477942749
7,ward.D2,manhattan,height,1,0.099169279910210517
7,ward.D2,manhattan,height,2,0.105521224394024726
7,ward.D2,manhattan,height,3,0.152197980115236053
7,ward.D2,manhattan,height,4,0.187477707776934593
7,ward.D2,manhattan,height,5,0.246614163009123588
7,ward.D2,manhattan,height,6,0.318349322499928200
7,ward.D2,manhattan,height,7,0.333428706768259864
7,ward.D2,manhattan,height,8,0.514192944525198037
7,ward.D2,manhattan,height,9,0.581766162142385634
7,ward.D2,manhattan,height,10,0.675522182690640571
7,ward.D2,manhattan,height,11,0.734998965684913852
7,ward.D2,manhattan,height,12,0.921931245930264098
7,ward.D2,manhattan,height,13,0.934251109564894100
7,ward.D2,manhattan,height,14,1.262796637076859518
7,ward.D2,manhattan,height,15,1.464482496000869993
7,ward.D2,manhattan,height,16,1.765404782121697824
7,ward.D2,manhattan,height,17,1.902475781765490925
7,ward.D2,manhattan,height,18,3.948001954182558393
7,ward.D2,manhattan,cut,2,0;0;1;0;1;0;1;0;1;1;0;0;0;0;0;1;0;1;0;0
7,ward.D2,manhattan,cut,3,0;0;1;0;1;0;1;2;1;1;2;0;0;2;2;1;0;1;2;2
7,ward.D2,manhattan,cut,4,0;0;1;0;1;0;1;2;3;3;2;0;0;2;2;1;0;1;2;2
7,ward.D2,manhattan,cut,5,0;0;1;0;1;0;1;2;3;3;2;0;0;2;2;4;0;1;2;2
7,ward.D2,manhattan,cut,6,0;0;1;0;1;0;1;2;3;3;2;4;0;2;2;5;4;1;2;2
7,single,manhattan,height,0,0.057459663477942749
7,single,manhattan,height,1,0.099169279910210517
7,single,manhattan,height,2,0.105521224394024726
7,single,manhattan,height,3,0.152197980115236053
7,single,manhattan,height,4,0.187477707776934593
7,single,manhattan,height,5,0.199599610504884756
7,single,manhattan,height,6,0.246614163009123588
7,single,manhattan,height,7,0.254177359879107057
7,single,manhattan,height,8,0.323758586213130695
7,single,manhattan,height,9,0.362132124762405416
7,single,manhattan,height,10,0.370697314073142714
7,single,manhattan,height,11,0.393280586849536429
7,single,manhattan,height,12,0.459638554249877318
7,single,manhattan,height,13,0.563971026190112412
7,single,manhattan,height,14,0.671171042076254443
7,single,manhattan,height,15,0.686483675078990330
7,single,manhattan,height,16,0.691412380183678121
7,single,manhattan,height,17,0.734998965684913852
7,single,manhattan,height,18,0.747183534238590075
7,single,manhattan,cut,2,0;0;1;0;1;0;1;0;0;0;0;0;0;0;0;0;0;1;0;0
7,single,manhattan,cut,3,0;0;1;0;1;0;1;0;0;0;0;0;0;0;0;0;0;2;0;0
7,single,manhattan,cut,4,0;0;1;0;2;0;1;0;0;0;0;0;0;0;0;0;0;3;0;0
7,single,manhattan,cut,5,0;0;1;0;2;0;1;0;3;3;0;0;0;0;0;0;0;4;0;0
7,single,manhattan,cut,6,0;0;1;0;2;0;1;0;3;3;0;0;0;0;0;4;0;5;0;0
7,centroid,manhattan,height,0,0.057459663477942749
7,centroid,manhattan,height,1,0.099169279910210517
7,centroid,manhattan,height,2,0.105521224394024726
7,centroid,manhattan,height,3,0.152197980115236053
7,centroid,manhattan,height,4,0.187477707776934593
7,centroid,manhattan,height,5,0.246614163009123588
7,centroid,manhattan,height,6,0.275698600562502782
7,centroid,manhattan,height,7,0.288757730412305402
7,centroid,manhattan,height,8,0.419836781141984083
7,centroid,manhattan,height,9,0.503824275477482653
7,centroid,manhattan,height,10,0.532277253012164997
7,centroid,manhattan,height,11,0.534047176817698865
7,centroid,manhattan,height,12,0.703224000568639096
7,centroid,manhattan,height,13,0.708840973536744801
7,centroid,manhattan,height,14,0.747080565477659109
7,centroid,manhattan,height,15,0.748429970184051330
7,centroid,manhattan,height,16,1.003035234648468554
7,centroid,manhattan,height,17,1.226423904346152671
7,centroid,manhattan,height,18,1.308749903921375468
7,centroid,manhattan,cut,2,0;0;1;0;1;0;1;0;1;1;0;0;0;0;0;1;0;1;0;0
7,centroid,manhattan,cut,3,0;0;1;0;1;0;1;0;1;1;0;0;0;0;0;2;0;1;0;0
7,centroid,manhattan,cut,4,0;0;1;0;1;0;1;0;2;2;0;0;0;0;0;3;0;1;0;0
7,centroid,manhattan,cut,5,0;0;1;0;1;0;1;2;3;3;2;0;0;2;2;4;0;1;2;2
7,centroid,manhattan,cut,6,0;0;1;0;1;0;1;2;3;3;2;4;0;2;2;5;4;1;2;2
8,average,euclidean,height,0,0.13481351346197035
8,average,euclidean,height,1,0.14679275629498520
8,average,euclidean,height,2,0.17481752427408423
8,average,euclidean,height,3,0.18882099096858057
8,average,euclidean,height,4,0.19165955789829195
8,average,euclidean,height,5,0.21279391330351827
8,average,euclidean,height,6,0.22494928615464452
8,average,euclidean,height,7,0.22790448763791241
8,average,euclidean,height,8,0.23809011594483645
8,average,euclidean,height,9,0.33621852511972200
8,average,euclidean,height,10,0.34266995195771643
8,average,euclidean,height,11,0.44845029738544906
8,average,euclidean,height,12,0.52652742653093210
8,average,euclidean,height,13,0.54641539794369565
8,average,euclidean,height,14,0.57391132269180323
8,average,euclidean,height,15,0.71342257033911294
8,average,euclidean,height,16,0.87705332444097550
8,average,euclidean,height,17,0.98199385717453569
8,average,euclidean,height,18,1.10033119509665744
8,average,euclidean,cut,2,0;1;0;1;0;0;0;0;0;0;0;1;1;0;1;0;1;0;0;0
8,average,euclidean,cut,3,0;1;0;1;0;0;0;0;0;0;0;2;2;0;1;0;1;0;0;0
8,average,euclidean,cut,4,0;1;2;1;0;0;0;0;2;0;0;3;3;0;1;0;1;0;0;0
8,average,euclidean,cut,5,0;1;2;1;3;0;0;3;2;0;0;4;4;0;1;3;1;0;3;3
8,average,euclidean,cut,6,0;1;2;1;3;0;4;3;2;4;4;5;5;0;1;3;1;4;3;3
8,complete,euclidean,height,0,0.13481351346197035
8,complete,euclidean,height,1,0.14679275629498520
8,complete,euclidean,height,2,0.17481752427408423
8,complete,euclidean,height,3,0.18882099096858057
8,complete,euclidean,height,4,0.19165955789829195
8,complete,euclidean,height,5,0.21279391330351827
8,complete,euclidean,height,6,0.22494928615464452
8,complete,euclidean,height,7,0.22790448763791241
8,complete,euclidean,height,8,0.23809011594483645
8,complete,euclidean,height,9,0.41680044944169165
8,complete,euclidean,height,10,0.46537996684703448
8,complete,euclidean,height,11,0.48181756666521180
8,complete,euclidean,height,12,0.65610385586408593
8,complete,euclidean,height,13,0.70999423971988351
8,complete,euclidean,height,14,0.79747695077048864
8,complete,euclidean,height,15,0.97641334218245546
8,complete,euclidean,height,16,1.26064393568338451
8,complete,euclidean,height,17,1.40717545387327791
8,complete,euclidean,height,18,1.97820878658471178
8,complete,euclidean,cut,2,0;1;0;1;0;0;0;0;0;0;0;1;1;0;1;0;1;0;0;0
8,complete,euclidean,cut,3,0;1;2;1;2;0;0;2;2;0;0;1;1;0;1;0;1;0;0;2
8,complete,euclidean,cut,4,0;1;2;1;2;0;0;2;2;0;0;3;3;0;1;0;1;0;0;2
8,complete,euclidean,cut,5,0;1;2;1;3;0;0;3;2;0;0;4;4;0;1;0;1;0;0;3
8,complete,euclidean,cut,6,0;1;2;1;3;0;4;3;2;4;4;5;5;0;1;4;1;4;4;3
8,ward.D2,euclidean,height,0,0.13481351346197035
8,ward.D2,euclidean,height,1,0.14679275629498520
8,ward.D2,euclidean,height,2,0.17481752427408423
8,ward.D2,euclidean,height,3,0.18882099096858057
8,ward.D2,euclidean,height,4,0.19165955789829195
8,ward.D2,euclidean,height,5,0.21279391330351827
8,ward.D2,euclidean,height,6,0.22494928615464452
8,ward.D2,euclidean,height,7,0.22790448763791241
8,ward.D2,euclidean,height,8,0.23809011594483645
8,ward.D2,euclidean,height,9,0.45176982414457612
8,ward.D2,euclidean,height,10,0.46489312902959551
8,ward.D2,euclidean,height,11,0.67306935528406775
8,ward.D2,euclidean,height,12,0.69126401981765540
8,ward.D2,euclidean,height,13,0.73072223599840447
8,ward.D2,euclidean,height,14,0.84024389637171049
8,ward.D2,euclidean,height,15,1.23825006660573411
8,ward.D2,euclidean,height,16,1.55270066670867180
8,ward.D2,euclidean,height,17,1.70289445916842519
8,ward.D2,euclidean,height,18,2.66915737371645445
8,ward.D2,euclidean,cut,2,0;1;0;1;0;0;0;0;0;0;0;1;1;0;1;0;1;0;0;0
8,ward.D2,euclidean,cut,3,0;1;2;1;2;0;0;2;2;0;0;1;1;0;1;2;1;0;2;2
8,ward.D2,euclidean,cut,4,0;1;2;1;2;0;0;2;2;0;0;3;3;0;1;2;1;0;2;2
8,ward.D2,euclidean,cut,5,0;1;2;1;3;0;0;3;2;0;0;4;4;0;1;3;1;0;3;3
8,ward.D2,euclidean,cut,6,0;1;2;1;3;0;4;3;2;4;0;5;5;0;1;3;1;0;3;3
8,single,euclidean,height,0,0.13481351346197035
8,single,euclidean,height,1,0.14679275629498520
8,single,euclidean,height,2,0.17481752427408423
8,single,euclidean,height,3,0.18873889529469007
8,single,euclidean,height,4,0.18882099096858057
8,single,euclidean,height,5,0.19165955789829195
8,single,euclidean,height,6,0.21279391330351827
8,single,euclidean,height,7,0.22494928615464452
8,single,euclidean,height,8,0.22790448763791241
8,single,euclidean,height,9,0.23809011594483645
8,single,euclidean,height,10,0.23894725722542778
8,single,euclidean,height,11,0.28969233398675925
8,single,euclidean,height,12,0.32279426683227280
8,single,euclidean,height,13,0.32987459707302952
8,single,euclidean,height,14,0.36161227846072225
8,single,euclidean,height,15,0.41208371913881980
8,single,euclidean,height,16,0.44513321564433345
8,single,euclidean,height,17,0.46730536369610887
8,single,euclidean,height,18,0.58024226760307929
8,single,euclidean,cut,2,0;0;0;0;0;0;0;0;0;0;0;1;1;0;0;0;0;0;0;0
8,single,euclidean,cut,3,0;0;1;0;0;0;0;0;1;0;0;2;2;0;0;0;0;0;0;0
8,single,euclidean,cut,4,0;1;2;1;0;0;0;0;2;0;0;3;3;0;1;0;1;0;0;0
8,single,euclidean,cut,5,0;1;2;1;0;0;0;0;2;0;0;3;3;0;1;0;1;0;0;4
8,single,euclidean,cut,6,0;1;2;3;0;0;0;0;2;0;0;4;4;0;3;0;1;0;0;5
8,centroid,euclidean,height,0,0.13481351346197035
8,centroid,euclidean,height,1,0.14679275629498520
8,centroid,euclidean,height,2,0.17481752427408423
8,centroid,euclidean,height,3,0.18882099096858057
8,centroid,euclidean,height,4,0.19165955789829195
8,centroid,euclidean,height,5,0.21279391330351827
8,centroid,euclidean,height,6,0.22494928615464452
8,centroid,euclidean,height,7,0.22790448763791241
8,centroid,euclidean,height,8,0.23809011594483645
8,centroid,euclidean,height,9,0.32300005656046732
8,centroid,euclidean,height,10,0.32872908406385959
8,centroid,euclidean,height,11,0.44111308321784781
8,centroid,euclidean,height,12,0.51669864823826850
8,centroid,euclidean,height,13,0.51796752389784806
8,centroid,euclidean,height,14,0.52448465233885555
8,centroid,euclidean,height,15,0.81145871966980587
8,centroid,euclidean,height,16,0.82272463145040087
8,centroid,euclidean,height,17,0.93880104969051958
8,centroid,euclidean,height,18,1.00394258021129490
8,centroid,euclidean,cut,2,0;1;0;1;0;0;0;0;0;0;0;0;0;0;1;0;1;0;0;0
8,centroid,euclidean,cut,3,0;1;0;1;0;0;0;0;0;0;0;2;2;0;1;0;1;0;0;0
8,centroid,euclidean,cut,4,0;1;0;1;0;0;0;0;0;0;0;2;2;0;1;0;1;0;0;3
8,centroid,euclidean,cut,5,0;1;2;1;0;0;0;0;2;0;0;3;3;0;1;0;1;0;0;4
8,centroid,euclidean,cut,6,0;1;2;1;3;0;0;3;2;0;0;4;4;0;1;3;1;0;3;5
8,average,manhattan,height,0,0.18687536387312981
8,average,manhattan,height,1,0.19810061895512646
8,average,manhattan,height,2,0.23707502507481337
8,average,manhattan,height,3,0.24113369413663713
8,average,manhattan,height,4,0.26348297873684134
8,average,manhattan,height,5,0.26499044901209007
8,average,manhattan,height,6,0.26730969002810989
8,average,manhattan,height,7,0.28000907854942186
8,average,manhattan,height,8,0.32167853000070934
8,average,manhattan,height,9,0.32849879086893452
8,average,manhattan,height,10,0.41971173014932667
8,average,manhattan,height,11,0.53219671827983073
8,average,manhattan,height,12,0.70452588710948594
8,average,manhattan,height,13,0.72922065248959456
8,average,manhattan,height,14,0.74254816356870657
8,average,manhattan,height,15,0.91026740731815026
8,average,manhattan,height,16,1.09143719146114404
8,average,manhattan,height,17,1.23901109499416351
8,average,manhattan,height,18,1.38326404041300388
8,average,manhattan,cut,2,0;1;0;1;0;0;0;0;0;0;0;1;1;0;1;0;1;0;0;0
8,average,manhattan,cut,3,0;1;0;1;0;0;0;0;0;0;0;2;2;0;1;0;1;0;0;0
8,average,manhattan,cut,4,0;1;2;1;0;0;0;0;2;0;0;3;3;0;1;0;1;0;0;0
8,average,manhattan,cut,5,0;1;2;1;3;0;0;3;2;0;0;4;4;0;1;3;1;0;3;3
8,average,manhattan,cut,6,0;1;2;1;3;0;4;3;2;4;4;5;5;0;1;3;1;0;3;3
8,complete,manhattan,height,0,0.18687536387312981
8,complete,manhattan,height,1,0.19810061895512646
8,complete,manhattan,height,2,0.23707502507481337
8,complete,manhattan,height,3,0.24113369413663713
8,complete,manhattan,height,4,0.26348297873684134
8,complete,manhattan,height,5,0.26499044901209007
8,complete,manhattan,height,6,0.26730969002810989
8,complete,manhattan,height,7,0.28000907854942186
8,complete,manhattan,height,8,0.32849879086893452
8,complete,manhattan,height,9,0.41511621193727422
8,complete,manhattan,height,10,0.53507574345517928
8,complete,manhattan,height,11,0.64146768827176470
8,complete,manhattan,height,12,0.94278642117783107
8,complete,manhattan,height,13,0.97205006351695611
8,complete,manhattan,height,14,0.99627275369439905
8,complete,manhattan,height,15,1.34586263396867079
8,complete,manhattan,height,16,1.48115771240246197
8,complete,manhattan,height,17,1.83490703410955769
8,complete,manhattan,height,18,2.35713328164549374
8,complete,manhattan,cut,2,0;1;0;1;0;0;1;0;0;1;1;1;1;0;1;0;1;0;0;0
8,complete,manhattan,cut,3,0;1;2;1;2;0;1;2;2;1;1;1;1;0;1;2;1;0;2;2
8,complete,manhattan,cut,4,0;1;2;1;2;0;3;2;2;3;3;3;3;0;1;2;1;0;2;2
8,complete,manhattan,cut,5,0;1;2;1;3;0;4;3;2;4;4;4;4;0;1;3;1;0;3;3
8,complete,manhattan,cut,6,0;1;2;1;3;0;4;3;2;4;4;5;5;0;1;3;1;0;3;3
8,ward.D2,manhattan,height,0,0.18687536387312981
8,ward.D2,manhattan,height,1,0.19810061895512646
8,ward.D2,manhattan,height,2,0.23707502507481337
8,ward.D2,manhattan,height,3,0.24113369413663713
8,ward.D2,manhattan,height,4,0.26348297873684134
8,ward.D2,manhattan,height,5,0.26499044901209007
8,ward.D2,manhattan,height,6,0.26730969002810989
8,ward.D2,manhattan,height,7,0.28000907854942186
8,ward.D2,manhattan,height,8,0.32849879086893452
8,ward.D2,manhattan,height,9,0.37144237177686523
8,ward.D2,manhattan,height,10,0.56323848045360247
8,ward.D2,manhattan,height,11,0.71366303287719068
8,ward.D2,manhattan,height,12,0.86499853007194705
8,ward.D2,manhattan,height,13,1.02920425961321027
8,ward.D2,manhattan,height,14,1.28730022460842353
8,ward.D2,manhattan,height,15,1.65992707649944893
8,ward.D2,manhattan,height,16,1.93085528668778883
8,ward.D2,manhattan,height,17,2.05787420636785345
8,ward.D2,manhattan,height,18,3.33898284769218634
8,ward.D2,manhattan,cut,2,0;1;0;1;0;0;0;0;0;0;0;1;1;0;1;0;1;0;0;0
8,ward.D2,manhattan,cut,3,0;1;2;1;2;0;0;2;2;0;0;1;1;0;1;2;1;0;2;2
8,ward.D2,manhattan,cut,4,0;1;2;1;2;0;0;2;2;0;0;3;3;0;1;2;1;0;2;2
8,ward.D2,manhattan,cut,5,0;1;2;1;3;0;0;3;2;0;0;4;4;0;1;3;1;0;3;3
8,ward.D2,manhattan,cut,6,0;1;2;1;3;0;4;3;2;4;4;5;5;0;1;3;1;0;3;3
8,single,manhattan,height,0,0.18687536387312981
8,single,manhattan,height,1,0.19810061895512646
8,single,manhattan,height,2,0.22824084806414441
8,single,manhattan,height,3,0.23707502507481337
8,single,manhattan,height,4,0.24113369413663713
8,single,manhattan,height,5,0.26348297873684134
8,single,manhattan,height,6,0.26499044901209007
8,single,manhattan,height,7,0.26730969002810989
8,single,manhattan,height,8,0.27159276471833793
8,single,manhattan,height,9,0.28000907854942186
8,single,manhattan,height,10,0.32849879086893452
8,single,manhattan,height,11,0.33669985763314386
8,single,manhattan,height,12,0.33946559750435101
8,single,manhattan,height,13,0.34209713498680261
8,single,manhattan,height,14,0.48639124146223300
8,single,manhattan,height,15,0.54361627786916400
8,single,manhattan,height,16,0.59190637183818751
8,single,manhattan,height,17,0.63531617523476769
8,single,manhattan,height,18,0.76312994262891887
8,single,manhattan,cut,2,0;0;0;0;0;0;0;0;0;0;0;1;1;0;0;0;0;0;0;0
8,single,manhattan,cut,3,0;0;1;0;0;0;0;0;1;0;0;2;2;0;0;0;0;0;0;0
8,single,manhattan,cut,4,0;1;2;1;0;0;0;0;2;0;0;3;3;0;1;0;1;0;0;0
8,single,manhattan,cut,5,0;1;2;1;0;0;0;0;2;0;0;3;3;0;1;0;1;0;0;4
8,single,manhattan,cut,6,0;1;2;3;0;0;0;0;2;0;0;4;4;0;3;0;1;0;0;5
8,centroid,manhattan,height,0,0.18687536387312981
8,centroid,manhattan,height,1,0.19810061895512646
8,centroid,manhattan,height,2,0.23707502507481337
8,centroid,manhattan,height,3,0.24113369413663713
8,centroid,manhattan,height,4,0.26348297873684134
8,centroid,manhattan,height,5,0.26499044901209007
8,centroid,manhattan,height,6,0.26730969002810989
8,centroid,manhattan,height,7,0.28000907854942186
8,centroid,manhattan,height,8,0.32167853000070928
8,centroid,manhattan,height,9,0.32849879086893452
8,centroid,manhattan,height,10,0.39826974895394901
8,centroid,manhattan,height,11,0.50463597002961957
8,centroid,manhattan,height,12,0.67290467683839261
8,centroid,manhattan,height,13,0.67617276683866911
8,centroid,manhattan,height,14,0.72775731119858089
8,centroid,manhattan,height,15,0.98652136042771243
8,centroid,manhattan,height,16,1.00847079374907644
8,centroid,manhattan,height,17,1.14776081912353844
8,centroid,manhattan,height,18,1.20677720176157721
8,centroid,manhattan,cut,2,0;1;0;1;0;0;0;0;0;0;0;0;0;0;1;0;1;0;0;0
8,centroid,manhattan,cut,3,0;1;0;1;0;0;0;0;0;0;0;2;2;0;1;0;1;0;0;2
8,centroid,manhattan,cut,4,0;1;0;1;0;0;0;0;0;0;0;2;2;0;1;0;1;0;0;3
8,centroid,manhattan,cut,5,0;1;2;1;0;0;0;0;2;0;0;3;3;0;1;0;1;0;0;4
8,centroid,manhattan,cut,6,0;1;2;3;0;0;0;0;2;0;0;4;4;0;3;0;1;0;0;5
9,average,euclidean,height,0,0.044864567818551984
9,average,euclidean,height,1,0.060443940301286518
9,average,euclidean,height,2,0.084353188730894743
9,average,euclidean,height,3,0.102086935487079256
9,average,euclidean,height,4,0.123502337995505834
9,average,euclidean,height,5,0.215884726945290789
9,average,euclidean,height,6,0.220216427466883219
9,average,euclidean,height,7,0.234235176277744872
9,average,euclidean,height,8,0.275854499236015627
9,average,euclidean,height,9,0.306424469179344350
9,average,euclidean,height,10,0.364830594835806932
9,average,euclidean,height,11,0.455841236266343153
9,average,euclidean,height,12,0.471790860068876994
9,average,euclidean,height,13,0.500727994905810991
9,average,euclidean,height,14,0.668439690497736771
9,average,euclidean,height,15,0.741926259547234457
9,average,euclidean,height,16,0.757677197645859057
9,average,euclidean,height,17,1.151066976067859349
9,average,euclidean,height,18,1.301521521869225761
9,average,euclidean,cut,2,0;0;0;0;0;0;0;0;0;0;1;0;1;1;1;0;1;0;1;1
9,average,euclidean,cut,3,0;1;1;0;0;0;0;0;0;0;2;0;2;2;2;0;2;0;2;2
9,average,euclidean,cut,4,0;1;1;2;2;0;2;2;2;0;3;2;3;3;3;2;3;2;3;3
9,average,euclidean,cut,5,0;1;1;2;2;0;2;2;2;0;3;2;3;3;3;2;3;2;4;4
9,average,euclidean,cut,6,0;1;1;2;2;0;3;2;2;0;4;3;4;4;4;3;4;2;5;5
9,complete,euclidean,height,0,0.044864567818551984
9,complete,euclidean,height,1,0.060443940301286518
9,complete,euclidean,height,2,0.084353188730894743
9,complete,euclidean,height,3,0.102086935487079256
9,complete,euclidean,height,4,0.136063815631466661
9,complete,euclidean,height,5,0.215884726945290789
9,complete,euclidean,height,6,0.220216427466883219
9,complete,euclidean,height,7,0.246537446859263099
9,complete,euclidean,height,8,0.306424469179344350
9,complete,euclidean,height,9,0.318724675684465830
9,complete,euclidean,height,10,0.428488620087841998
9,complete,euclidean,height,11,0.471790860068876994
9,complete,euclidean,height,12,0.521401427807776541
9,complete,euclidean,height,13,0.630317681574528055
9,complete,euclidean,height,14,0.953481794578555863
9,complete,euclidean,height,15,1.006640479715316783
9,complete,euclidean,height,16,1.203704012230744080
9,complete,euclidean,height,17,1.403497505800263667
9,complete,euclidean,height,18,2.387552603935368278
9,complete,euclidean,cut,2,0;0;0;0;0;0;1;0;0;0;1;1;1;1;1;1;1;0;1;1
9,complete,euclidean,cut,3,0;0;0;1;1;0;2;1;1;0;2;2;2;2;2;2;2;1;2;2
9,complete,euclidean,cut,4,0;0;0;1;1;0;2;1;1;0;2;2;2;2;2;2;2;1;3;3
9,complete,euclidean,cut,5,0;1;1;2;2;0;3;2;2;0;3;3;3;3;3;3;3;2;4;4
9,complete,euclidean,cut,6,0;1;1;2;2;0;3;2;2;0;4;3;4;4;4;3;4;2;5;5
9,ward.D2,euclidean,height,0,0.044864567818551984
9,ward.D2,euclidean,height,1,0.060443940301286518
9,ward.D2,euclidean,height,2,0.084353188730894743
9,ward.D2,euclidean,height,3,0.102086935487079256
9,ward.D2,euclidean,height,4,0.140984211169754958
9,ward.D2,euclidean,height,5,0.215884726945290789
9,ward.D2,euclidean,height,6,0.220216427466883219
9,ward.D2,euclidean,height,7,0.268586661836959006
9,ward.D2,euclidean,height,8,0.297281018444195355
9,ward.D2,euclidean,height,9,0.306424469179344350
9,ward.D2,euclidean,height,10,0.457261798908793149
9,ward.D2,euclidean,height,11,0.471790860068876994
9,ward.D2,euclidean,height,12,0.579799439616945578
9,ward.D2,euclidean,height,13,0.752920290801441627
9,ward.D2,euclidean,height,14,1.177959990775473198
9,ward.D2,euclidean,height,15,1.222215618514897351
9,ward.D2,euclidean,height,16,1.240642264272271200
9,ward.D2,euclidean,height,17,2.134045154580195724
9,ward.D2,euclidean,height,18,3.562210275100802015
9,ward.D2,euclidean,cut,2,0;0;0;0;0;0;0;0;0;0;1;0;1;1;1;0;1;0;1;1
9,ward.D2,euclidean,cut,3,0;0;0;1;1;0;1;1;1;0;2;1;2;2;2;1;2;1;2;2
9,ward.D2,euclidean,cut,4,0;1;1;2;2;0;2;2;2;0;3;2;3;3;3;2;3;2;3;3
9,ward.D2,euclidean,cut,5,0;1;1;2;2;0;3;2;2;0;4;3;4;4;4;3;4;2;4;4
9,ward.D2,euclidean,cut,6,0;1;1;2;2;0;3;2;2;0;4;3;4;4;4;3;4;2;5;5
9,single,euclidean,height,0,0.044864567818551984
9,single,euclidean,height,1,0.060443940301286518
9,single,euclidean,height,2,0.084353188730894743
9,single,euclidean,height,3,0.102086935487079256
9,single,euclidean,height,4,0.110940860359545007
9,single,euclidean,height,5,0.215884726945290789
9,single,euclidean,height,6,0.220216427466883219
9,single,euclidean,height,7,0.221932905696226618
9,single,euclidean,height,8,0.232984322787565451
9,single,euclidean,height,9,0.306424469179344350
9,single,euclidean,height,10,0.307075411061339398
9,single,euclidean,height,11,0.322276150870513978
9,single,euclidean,height,12,0.356512817896359357
9,single,euclidean,height,13,0.357133317066644640
9,single,euclidean,height,14,0.404902785597766213
9,single,euclidean,height,15,0.464086278467821800
9,single,euclidean,height,16,0.471790860068876994
9,single,euclidean,height,17,0.574887317191003389
9,single,euclidean,height,18,0.609179523922418920
9,single,euclidean,cut,2,0;1;1;0;0;0;0;0;0;0;0;0;0;0;0;0;0;0;0;0
9,single,euclidean,cut,3,0;1;1;2;2;0;2;2;2;0;2;2;2;2;2;2;2;2;2;2
9,single,euclidean,cut,4,0;1;1;2;2;0;2;2;2;0;2;2;2;2;2;2;2;2;3;2
9,single,euclidean,cut,5,0;1;1;2;2;0;2;2;2;0;3;2;3;3;3;2;3;2;4;3
9,single,euclidean,cut,6,0;1;1;2;2;0;2;2;2;0;3;2;3;3;3;2;3;2;4;5
9,centroid,euclidean,height,0,0.044864567818551984
9,centroid,euclidean,height,1,0.060443940301286518
9,centroid,euclidean,height,2,0.084353188730894743
9,centroid,euclidean,height,3,0.102086935487079256
9,centroid,euclidean,height,4,0.122095908405517609
9,centroid,euclidean,height,5,0.215884726945290789
9,centroid,euclidean,height,6,0.220216427466883219
9,centroid,euclidean,height,7,0.232602872268466904
9,centroid,euclidean,height,8,0.257452914035583458
9,centroid,euclidean,height,9,0.306424469179344350
9,centroid,euclidean,height,10,0.361740374253803398
9,centroid,euclidean,height,11,0.420968783129214097
9,centroid,euclidean,height,12,0.471790860068876994
9,centroid,euclidean,height,13,0.486007957882604813
9,centroid,euclidean,height,14,0.631149431464372634
9,centroid,euclidean,height,15,0.676831868670282222
9,centroid,euclidean,height,16,0.696890528672698739
9,centroid,euclidean,height,17,1.056268308617086094
9,centroid,euclidean,height,18,1.417964051685901783
9,centroid,euclidean,cut,2,0;1;1;0;0;0;0;0;0;0;0;0;0;0;0;0;0;0;0;0
9,centroid,euclidean,cut,3,0;1;1;0;0;0;0;0;0;0;2;0;2;2;2;0;2;0;2;2
9,centroid,euclidean,cut,4,0;1;1;0;0;0;0;0;0;0;2;0;2;2;2;0;2;0;3;3
9,centroid,euclidean,cut,5,0;1;1;2;2;0;2;2;2;0;3;2;3;3;3;2;3;2;4;4
9,centroid,euclidean,cut,6,0;1;1;2;2;0;3;2;2;0;4;3;4;4;4;3;4;2;5;5
9,average,manhattan,height,0,0.058772579378660927
9,average,manhattan,height,1,0.081428539846961828
9,average,manhattan,height,2,0.090343312811508952
9,average,manhattan,height,3,0.142075393451402188
9,average,manhattan,height,4,0.168662443376681237
9,average,manhattan,height,5,0.272209448237180462
9,average,manhattan,height,6,0.307434928412778863
9,average,manhattan,height,7,0.311433051762143920
9,average,manhattan,height,8,0.326843680123007907
9,average,manhattan,height,9,0.358088660711182061
9,average,manhattan,height,10,0.472078131359478015
9,average,manhattan,height,11,0.591746829554481990
9,average,manhattan,height,12,0.594880671350946466
9,average,manhattan,height,13,0.664644538942992247
9,average,manhattan,height,14,0.831480553563954894
9,average,manhattan,height,15,0.897265018890085697
9,average,manhattan,height,16,0.948578097073978665
9,average,manhattan,height,17,1.473871353804943940
9,average,manhattan,height,18,1.925640466088257785
9,average,manhattan,cut,2,0;1;1;0;0;0;0;0;0;0;0;0;0;0;0;0;0;0;0;0
9,average,manhattan,cut,3,0;1;1;0;0;0;0;0;0;0;2;0;2;2;2;0;2;0;2;2
9,average,manhattan,cut,4,0;1;1;2;2;0;2;2;2;0;3;2;3;3;3;2;3;2;3;3
9,average,manhattan,cut,5,0;1;1;2;2;0;2;2;2;0;3;2;3;3;3;2;3;2;4;4
9,average,manhattan,cut,6,0;1;1;2;2;0;3;2;2;0;4;3;4;4;4;3;4;2;5;5
9,complete,manhattan,height,0,0.058772579378660927
9,complete,manhattan,height,1,0.081428539846961828
9,complete,manhattan,height,2,0.090343312811508952
9,complete,manhattan,height,3,0.142075393451402188
9,complete,manhattan,height,4,0.180614878319715871
9,complete,manhattan,height,5,0.272209448237180462
9,complete,manhattan,height,6,0.307434928412778863
9,complete,manhattan,height,7,0.311433051762143920
9,complete,manhattan,height,8,0.339846879120588530
9,complete,manhattan,height,9,0.423448586012921679
9,complete,manhattan,height,10,0.535274945064953878
9,complete,manhattan,height,11,0.664644538942992247
9,complete,manhattan,height,12,0.706264724545778377
9,complete,manhattan,height,13,0.714726939194322397
9,complete,manhattan,height,14,1.146914628123706148
9,complete,manhattan,height,15,1.171105557230479821
9,complete,manhattan,height,16,1.613368788812300725
9,complete,manhattan,height,17,1.956731944074394658
9,complete,manhattan,height,18,3.176297773001672820
9,complete,manhattan,cut,2,0;0;0;0;0;0;1;0;0;0;1;1;1;1;1;1;1;0;1;1
9,complete,manhattan,cut,3,0;0;0;1;1;0;2;1;1;0;2;2;2;2;2;2;2;1;2;2
9,complete,manhattan,cut,4,0;0;0;1;1;0;2;1;1;0;2;2;2;2;2;2;2;1;3;3
9,complete,manhattan,cut,5,0;1;1;2;2;0;3;2;2;0;3;3;3;3;3;3;3;2;4;4
9,complete,manhattan,cut,6,0;1;1;2;2;0;3;2;2;0;4;3;4;4;4;3;4;2;5;5
9,ward.D2,manhattan,height,0,0.058772579378660927
9,ward.D2,manhattan,height,1,0.081428539846961828
9,ward.D2,manhattan,height,2,0.090343312811508952
9,ward.D2,manhattan,height,3,0.142075393451402188
9,ward.D2,manhattan,height,4,0.192271774614838464
9,ward.D2,manhattan,height,5,0.272209448237180462
9,ward.D2,manhattan,height,6,0.307434928412778863
9,ward.D2,manhattan,height,7,0.311433051762143920
9,ward.D2,manhattan,height,8,0.374767879529217807
9,ward.D2,manhattan,height,9,0.389828873290113453
9,ward.D2,manhattan,height,10,0.572495500201737006
9,ward.D2,manhattan,height,11,0.664644538942992247
9,ward.D2,manhattan,height,12,0.778621772753866903
9,ward.D2,manhattan,height,13,0.867401703634169907
9,ward.D2,manhattan,height,14,1.371409333690280397
9,ward.D2,manhattan,height,15,1.514648176726043793
9,ward.D2,manhattan,height,16,1.534687134077297843
9,ward.D2,manhattan,height,17,2.927934823977422329
9,ward.D2,manhattan,height,18,4.479120806949052458
9,ward.D2,manhattan,cut,2,0;0;0;0;0;0;0;0;0;0;1;0;1;1;1;0;1;0;1;1
9,ward.D2,manhattan,cut,3,0;0;0;1;1;0;1;1;1;0;2;1;2;2;2;1;2;1;2;2
9,ward.D2,manhattan,cut,4,0;1;1;2;2;0;2;2;2;0;3;2;3;3;3;2;3;2;3;3
9,ward.D2,manhattan,cut,5,0;1;1;2;2;0;3;2;2;0;4;3;4;4;4;3;4;2;4;4
9,ward.D2,manhattan,cut,6,0;1;1;2;2;0;3;2;2;0;4;3;4;4;4;3;4;2;5;5
9,single,manhattan,height,0,0.058772579378660927
9,single,manhattan,height,1,0.081428539846961828
9,single,manhattan,height,2,0.090343312811508952
9,single,manhattan,height,3,0.142075393451402188
9,single,manhattan,height,4,0.156710008433646603
9,single,manhattan,height,5,0.272209448237180462
9,single,manhattan,height,6,0.292728735409442387
9,single,manhattan,height,7,0.307434928412778863
9,single,manhattan,height,8,0.311433051762143920
9,single,manhattan,height,9,0.313840481125427284
9,single,manhattan,height,10,0.355868778228022431
9,single,manhattan,height,11,0.394880118060137786
9,single,manhattan,height,12,0.399746822659614476
9,single,manhattan,height,13,0.457371115066796952
9,single,manhattan,height,14,0.567603523002544463
9,single,manhattan,height,15,0.603102872874445084
9,single,manhattan,height,16,0.626091711060634548
9,single,manhattan,height,17,0.655995514459866036
9,single,manhattan,height,18,0.799324794887742440
9,single,manhattan,cut,2,0;1;1;0;0;0;0;0;0;0;0;0;0;0;0;0;0;0;0;0
9,single,manhattan,cut,3,0;1;1;0;0;0;0;0;0;0;2;0;2;2;2;0;2;0;2;2
9,single,manhattan,cut,4,0;1;1;0;0;0;0;0;0;0;2;0;2;2;2;0;2;0;3;2
9,single,manhattan,cut,5,0;1;1;2;2;0;2;2;2;0;3;2;3;3;3;2;3;2;4;3
9,single,manhattan,cut,6,0;1;1;2;2;0;2;2;2;0;3;2;3;3;3;2;3;2;4;5
9,centroid,manhattan,height,0,0.058772579378660927
9,centroid,manhattan,height,1,0.081428539846961828
9,centroid,manhattan,height,2,0.090343312811508952
9,centroid,manhattan,height,3,0.142075393451402188
9,centroid,manhattan,height,4,0.166512241247166043
9,centroid,manhattan,height,5,0.272209448237180462
9,centroid,manhattan,height,6,0.307434928412778863
9,centroid,manhattan,height,7,0.311433051762143920
9,centroid,manhattan,height,8,0.324558504194728703
9,centroid,manhattan,height,9,0.337601707397903239
9,centroid,manhattan,height,10,0.472078131359478015
9,centroid,manhattan,height,11,0.552430673558851448
9,centroid,manhattan,height,12,0.559905392107846955
9,centroid,manhattan,height,13,0.664644538942992247
9,centroid,manhattan,height,14,0.782160955176452788
9,centroid,manhattan,height,15,0.811336703339918475
9,centroid,manhattan,height,16,0.850661616097362017
9,centroid,manhattan,height,17,1.347661435060238722
9,centroid,manhattan,height,18,1.848003955142866417
9,centroid,manhattan,cut,2,0;1;1;0;0;0;0;0;0;0;0;0;0;0;0;0;0;0;0;0
9,centroid,manhattan,cut,3,0;1;1;0;0;0;0;0;0;0;2;0;2;2;2;0;2;0;2;2
9,centroid,manhattan,cut,4,0;1;1;2;2;0;2;2;2;0;3;2;3;3;3;2;3;2;3;3
9,centroid,manhattan,cut,5,0;1;1;2;2;0;2;2;2;0;3;2;3;3;3;2;3;2;4;4
9,centroid,manhattan,cut,6,0;1;1;2;2;0;3;2;2;0;4;3;4;4;4;3;4;2;5;5
10,average,euclidean,height,0,0.063406648346075317
10,average,euclidean,height,1,0.072761509956276463
10,average,euclidean,height,2,0.122414529336416861
10,average,euclidean,height,3,0.146861387135353544
10,average,euclidean,height,4,0.147055645906327581
10,average,euclidean,height,5,0.202858678237081397
10,average,euclidean,height,6,0.246551503874225392
10,average,euclidean,height,7,0.251828236883716472
10,average,euclidean,height,8,0.374138071322874466
10,average,euclidean,height,9,0.415679777477256263
10,average,euclidean,height,10,0.440945011128283826
10,average,euclidean,height,11,0.554802860865139080
10,average,euclidean,height,12,0.652700378754389465
10,average,euclidean,height,13,0.728975460290685273
10,average,euclidean,height,14,0.758997811972085823
10,average,euclidean,height,15,0.858983939081974124
10,average,euclidean,height,16,1.034441682368976601
10,average,euclidean,height,17,1.084668781383348879
10,average,euclidean,height,18,1.300807249629342577
10,average,euclidean,cut,2,0;0;1;1;0;1;1;0;0;1;0;1;0;0;0;0;0;0;0;0
10,average,euclidean,cut,3,0;0;1;1;0;1;1;0;0;1;0;1;2;0;0;0;0;0;2;0
10,average,euclidean,cut,4,0;0;1;2;0;1;1;0;0;2;0;1;3;0;0;0;0;0;3;0
10,average,euclidean,cut,5,0;0;1;2;0;1;1;0;0;2;3;1;4;3;0;3;0;3;4;0
10,average,euclidean,cut,6,0;0;1;2;0;1;1;3;0;2;4;1;5;4;0;4;0;4;5;3
10,complete,euclidean,height,0,0.063406648346075317
10,complete,euclidean,height,1,0.072761509956276463
10,complete,euclidean,height,2,0.142183909113947404
10,complete,euclidean,height,3,0.159630040775832927
10,complete,euclidean,height,4,0.202858678237081397
10,complete,euclidean,height,5,0.250678276770647246
10,complete,euclidean,height,6,0.251828236883716472
10,complete,euclidean,height,7,0.374138071322874466
10,complete,euclidean,height,8,0.376565633644535380
10,complete,euclidean,height,9,0.419520189495585616
10,complete,euclidean,height,10,0.440945011128283826
10,complete,euclidean,height,11,0.554802860865139080
10,complete,euclidean,height,12,0.777100093212289234
10,complete,euclidean,height,13,0.906779988125121283
10,complete,euclidean,height,14,0.998013445428779122
10,complete,euclidean,height,15,1.183426404085515360
10,complete,euclidean,height,16,1.245031083416212159
10,complete,euclidean,height,17,1.864632500153831529
10,complete,euclidean,height,18,2.329306665660824560
10,complete,euclidean,cut,2,0;0;1;0;0;1;1;0;0;0;0;1;0;0;0;0;0;0;0;0
10,complete,euclidean,cut,3,0;0;1;2;0;1;1;0;0;2;0;1;2;0;0;0;0;0;2;0
10,complete,euclidean,cut,4,0;0;1;2;0;1;1;0;0;2;0;1;3;0;0;0;0;0;3;0
10,complete,euclidean,cut,5,0;0;1;2;0;1;1;0;0;2;3;1;4;3;0;3;0;3;4;0
10,complete,euclidean,cut,6,0;0;1;2;0;1;1;3;0;2;4;1;5;4;0;4;0;4;5;3
10,ward.D2,euclidean,height,0,0.063406648346075317
10,ward.D2,euclidean,height,1,0.072761509956276463
10,ward.D2,euclidean,height,2,0.138479891800663585
10,ward.D2,euclidean,height,3,0.146861387135353544
10,ward.D2,euclidean,height,4,0.166643115414669807
10,ward.D2,euclidean,height,5,0.202858678237081397
10,ward.D2,euclidean,height,6,0.251828236883716472
10,ward.D2,euclidean,height,7,0.374138071322874466
10,ward.D2,euclidean,height,8,0.381100017814092806
10,ward.D2,euclidean,height,9,0.427689096244315115
10,ward.D2,euclidean,height,10,0.440945011128283826
10,ward.D2,euclidean,height,11,0.554802860865139080
10,ward.D2,euclidean,height,12,0.815095115931469660
10,ward.D2,euclidean,height,13,0.914274793992537416
10,ward.D2,euclidean,height,14,1.300290061414204335
10,ward.D2,euclidean,height,15,1.452066892437921641
10,ward.D2,euclidean,height,16,1.541024468131859004
10,ward.D2,euclidean,height,17,2.505631343582692239
10,ward.D2,euclidean,height,18,2.920295239418385425
10,ward.D2,euclidean,cut,2,0;0;1;0;0;1;1;0;0;0;0;1;0;0;0;0;0;0;0;0
10,ward.D2,euclidean,cut,3,0;0;1;0;0;1;1;2;0;0;2;1;0;2;0;2;0;2;0;2
10,ward.D2,euclidean,cut,4,0;0;1;0;0;1;1;2;0;0;2;1;3;2;0;2;0;2;3;2
10,ward.D2,euclidean,cut,5,0;0;1;2;0;1;1;3;0;2;3;1;4;3;0;3;0;3;4;3
10,ward.D2,euclidean,cut,6,0;0;1;2;0;1;1;3;0;2;4;1;5;4;0;4;0;4;5;3
10,single,euclidean,height,0,0.063406648346075317
10,single,euclidean,height,1,0.072761509956276463
10,single,euclidean,height,2,0.102357258938706439
10,single,euclidean,height,3,0.108947578859525135
10,single,euclidean,height,4,0.142183909113947404
10,single,euclidean,height,5,0.146861387135353544
10,single,euclidean,height,6,0.202858678237081397
10,single,euclidean,height,7,0.251828236883716472
10,single,euclidean,height,8,0.374138071322874466
10,single,euclidean,height,9,0.411839365458926854
10,single,euclidean,height,10,0.427689096244315115
10,single,euclidean,height,11,0.440945011128283826
10,single,euclidean,height,12,0.449953983214601450
10,single,euclidean,height,13,0.519793102953105435
10,single,euclidean,height,14,0.520695199067891190
10,single,euclidean,height,15,0.554802860865139080
10,single,euclidean,height,16,0.568521364840763432
10,single,euclidean,height,17,0.606396916910875272
10,single,euclidean,height,18,0.614340972473864322
10,single,euclidean,cut,2,0;0;0;1;0;0;0;0;0;1;0;0;0;0;0;0;0;0;0;0
10,single,euclidean,cut,3,0;0;0;1;0;2;2;0;0;1;0;0;0;0;0;0;0;0;0;0
10,single,euclidean,cut,4,0;0;0;1;0;2;2;0;0;1;3;0;3;3;0;3;0;3;3;0
10,single,euclidean,cut,5,0;0;0;1;0;2;3;0;0;1;4;0;4;4;0;4;0;4;4;0
10,single,euclidean,cut,6,0;0;1;2;0;3;4;0;0;2;5;1;5;5;0;5;0;5;5;0
10,centroid,euclidean,height,0,0.063406648346075317
10,centroid,euclidean,height,1,0.072761509956276463
10,centroid,euclidean,height,2,0.119927104212695049
10,centroid,euclidean,height,3,0.136063533971222339
10,centroid,euclidean,height,4,0.146861387135353544
10,centroid,euclidean,height,5,0.202858678237081397
10,centroid,euclidean,height,6,0.233375146152526691
10,centroid,euclidean,height,7,0.251828236883716472
10,centroid,euclidean,height,8,0.374138071322874466
10,centroid,euclidean,height,9,0.414102483493195728
10,centroid,euclidean,height,10,0.440945011128283826
10,centroid,euclidean,height,11,0.554802860865139080
10,centroid,euclidean,height,12,0.642213285070365014
10,centroid,euclidean,height,13,0.646489906700057015
10,centroid,euclidean,height,14,0.755080671967691353
10,centroid,euclidean,height,15,0.732775564590373962
10,centroid,euclidean,height,16,0.984380135818222035
10,centroid,euclidean,height,17,1.009527574491986268
10,centroid,euclidean,height,18,1.108831883068606361
10,centroid,euclidean,cut,2,0;0;1;1;0;1;1;0;0;1;0;1;0;0;0;0;0;0;0;0
10,centroid,euclidean,cut,3,0;0;1;1;0;1;1;0;0;1;0;1;2;0;0;0;0;0;2;0
10,centroid,euclidean,cut,4,0;0;1;2;0;1;1;0;0;2;0;1;3;0;0;0;0;0;3;0
10,centroid,euclidean,cut,5,0;0;1;2;0;1;1;0;0;2;3;1;4;3;0;3;0;3;4;0
10,centroid,euclidean,cut,6,0;0;1;2;0;1;1;3;0;2;4;1;5;4;0;4;0;4;5;3
10,average,manhattan,height,0,0.063533986958755340
10,average,manhattan,height,1,0.085182570680842451
10,average,manhattan,height,2,0.169041685292594612
10,average,manhattan,height,3,0.190405058793357701
10,average,manhattan,height,4,0.197703176818081056
10,average,manhattan,height,5,0.275432023360670131
10,average,manhattan,height,6,0.292229908301009589
10,average,manhattan,height,7,0.355048212863734225
10,average,manhattan,height,8,0.472639978816675521
10,average,manhattan,height,9,0.516877262915651614
10,average,manhattan,height,10,0.531368822091472959
10,average,manhattan,height,11,0.712219359301705657
10,average,manhattan,height,12,0.774188565191659350
10,average,manhattan,height,13,0.823359542641473374
10,average,manhattan,height,14,0.905929196137951531
10,average,manhattan,height,15,1.127527139775120535
10,average,manhattan,height,16,1.283662125525138809
10,average,manhattan,height,17,1.523071051402962395
10,average,manhattan,height,18,1.633157137694955630
10,average,manhattan,cut,2,0;0;1;0;0;1;1;0;0;0;0;1;0;0;0;0;0;0;0;0
10,average,manhattan,cut,3,0;0;1;2;0;1;1;0;0;2;0;1;2;0;0;0;0;0;2;0
10,average,manhattan,cut,4,0;0;1;2;0;1;1;0;0;2;0;1;3;0;0;0;0;0;3;0
10,average,manhattan,cut,5,0;0;1;2;0;1;1;0;0;2;3;1;4;3;0;3;0;3;4;0
10,average,manhattan,cut,6,0;0;1;2;0;3;3;0;0;2;4;1;5;4;0;4;0;4;5;0
10,complete,manhattan,height,0,0.063533986958755340
10,complete,manhattan,height,1,0.085182570680842451
10,complete,manhattan,height,2,0.177016346231061161
10,complete,manhattan,height,3,0.217578224491841110
10,complete,manhattan,height,4,0.275432023360670131
10,complete,manhattan,height,5,0.296063292055147476
10,complete,manhattan,height,6,0.355048212863734225
10,complete,manhattan,height,7,0.392705033185837049
10,complete,manhattan,height,8,0.472639978816675521
10,complete,manhattan,height,9,0.531368822091472959
10,complete,manhattan,height,10,0.545740753324981509
10,complete,manhattan,height,11,0.712219359301705657
10,complete,manhattan,height,12,0.908552291778706889
10,complete,manhattan,height,13,1.005734048466549568
10,complete,manhattan,height,14,1.233099433169649206
10,complete,manhattan,height,15,1.485895354067759966
10,complete,manhattan,height,16,1.671285877787455076
10,complete,manhattan,height,17,2.629307827561917499
10,complete,manhattan,height,18,3.263966537608759655
10,complete,manhattan,cut,2,0;0;1;0;0;1;1;0;0;0;0;1;0;0;0;0;0;0;0;0
10,complete,manhattan,cut,3,0;0;1;2;0;1;1;0;0;2;0;1;2;0;0;0;0;0;2;0
10,complete,manhattan,cut,4,0;0;1;2;0;1;1;0;0;2;3;1;2;3;0;3;0;3;2;0
10,complete,manhattan,cut,5,0;0;1;2;0;1;1;0;0;2;3;1;4;3;0;3;0;3;4;0
10,complete,manhattan,cut,6,0;0;1;2;0;3;3;0;0;2;4;1;5;4;0;4;0;4;5;0
10,ward.D2,manhattan,height,0,0.063533986958755340
10,ward.D2,manhattan,height,1,0.085182570680842451
10,ward.D2,manhattan,height,2,0.177016346231061161
10,ward.D2,manhattan,height,3,0.214556328487003012
10,ward.D2,manhattan,height,4,0.275432023360670131
10,ward.D2,manhattan,height,5,0.282413231558360567
10,ward.D2,manhattan,height,6,0.355048212863734225
10,ward.D2,manhattan,height,7,0.387812934364687056
10,ward.D2,manhattan,height,8,0.472639978816675521
10,ward.D2,manhattan,height,9,0.531368822091472959
10,ward.D2,manhattan,height,10,0.590643682698406725
10,ward.D2,manhattan,height,11,0.712219359301705657
10,ward.D2,manhattan,height,12,0.917409217921139386
10,ward.D2,manhattan,height,13,1.162492176927061083
10,ward.D2,manhattan,height,14,1.400714868797104939
10,ward.D2,manhattan,height,15,1.775868171304852750
10,ward.D2,manhattan,height,16,2.383653095776520292
10,ward.D2,manhattan,height,17,3.234010520775794539
10,ward.D2,manhattan,height,18,3.620352269126690281
10,ward.D2,manhattan,cut,2,0;0;1;0;0;1;1;0;0;0;0;1;0;0;0;0;0;0;0;0
10,ward.D2,manhattan,cut,3,0;0;1;2;0;1;1;0;0;2;0;1;2;0;0;0;0;0;2;0
10,ward.D2,manhattan,cut,4,0;0;1;2;0;1;1;0;0;2;3;1;2;3;0;3;0;3;2;0
10,ward.D2,manhattan,cut,5,0;0;1;2;0;1;1;0;0;2;3;1;4;3;0;3;0;3;4;0
10,ward.D2,manhattan,cut,6,0;0;1;2;0;1;1;3;0;2;4;1;5;4;0;4;0;4;5;3
10,single,manhattan,height,0,0.063533986958755340
10,single,manhattan,height,1,0.085182570680842451
10,single,manhattan,height,2,0.137402158549569442
10,single,manhattan,height,3,0.154044237533085770
10,single,manhattan,height,4,0.177016346231061161
10,single,manhattan,height,5,0.197703176818081056
10,single,manhattan,height,6,0.275432023360670131
10,single,manhattan,height,7,0.355048212863734225
10,single,manhattan,height,8,0.472639978816675521
10,single,manhattan,height,9,0.488013772506321719
10,single,manhattan,height,10,0.517274969435785215
10,single,manhattan,height,11,0.531368822091472959
10,single,manhattan,height,12,0.590643682698406725
10,single,manhattan,height,13,0.623638691078903351
10,single,manhattan,height,14,0.676635390899303357
10,single,manhattan,height,15,0.681262350585555176
10,single,manhattan,height,16,0.683419993528541880
10,single,manhattan,height,17,0.688007619523753888
10,single,manhattan,height,18,0.701730611078176136
10,single,manhattan,cut,2,0;0;0;0;0;0;1;0;0;0;0;0;0;0;0;0;0;0;0;0
10,single,manhattan,cut,3,0;0;0;0;0;0;1;0;0;0;2;0;2;2;0;2;0;2;2;0
10,single,manhattan,cut,4,0;0;0;0;0;0;1;0;0;0;2;0;3;2;0;2;0;2;3;0
10,single,manhattan,cut,5,0;0;0;0;0;1;2;0;0;0;3;0;4;3;0;3;0;3;4;0
10,single,manhattan,cut,6,0;0;0;1;0;2;3;0;0;1;4;0;5;4;0;4;0;4;5;0
10,centroid,manhattan,height,0,0.063533986958755340
10,centroid,manhattan,height,1,0.085182570680842451
10,centroid,manhattan,height,2,0.169017777598583940
10,centroid,manhattan,height,3,0.173055102979252945
10,centroid,manhattan,height,4,0.197703176818081056
10,centroid,manhattan,height,5,0.263695360949014301
10,centroid,manhattan,height,6,0.275432023360670131
10,centroid,manhattan,height,7,0.355048212863734225
10,centroid,manhattan,height,8,0.472639978816675521
10,centroid,manhattan,height,9,0.515927503057198922
10,centroid,manhattan,height,10,0.531368822091472959
10,centroid,manhattan,height,11,0.712219359301705657
10,centroid,manhattan,height,12,0.746365139335863681
10,centroid,manhattan,height,13,0.808703106557919882
10,centroid,manhattan,height,14,0.822006101381436594
10,centroid,manhattan,height,15,1.032152067375944116
10,centroid,manhattan,height,16,1.255728426423014854
10,centroid,manhattan,height,17,1.320279266448865618
10,centroid,manhattan,height,18,1.431069887824904185
10,centroid,manhattan,cut,2,0;0;1;0;0;1;1;0;0;0;0;1;0;0;0;0;0;0;0;0
10,centroid,manhattan,cut,3,0;0;1;2;0;1;1;0;0;2;0;1;2;0;0;0;0;0;2;0
10,centroid,manhattan,cut,4,0;0;1;2;0;1;1;0;0;2;0;1;3;0;0;0;0;0;3;0
10,centroid,manhattan,cut,5,0;0;1;2;0;1;1;0;0;2;3;1;4;3;0;3;0;3;4;0
10,centroid,manhattan,cut,6,0;0;1;2;0;3;3;0;0;2;4;1;5;4;0;4;0;4;5;0
11,average,euclidean,height,0,0.038645247248709345
11,average,euclidean,height,1,0.121336394384235283
11,average,euclidean,height,2,0.183064784762736799
11,average,euclidean,height,3,0.184561734833984609
11,average,euclidean,height,4,0.186444511506438648
11,average,euclidean,height,5,0.213112997912175195
11,average,euclidean,height,6,0.236466699899349209
11,average,euclidean,height,7,0.265432012668646189
11,average,euclidean,height,8,0.327562518647339596
11,average,euclidean,height,9,0.517372492410968388
11,average,euclidean,height,10,0.568018076973138331
11,average,euclidean,height,11,0.574261235545140636
11,average,euclidean,height,12,0.637948470959081360
11,average,euclidean,height,13,0.822126198461117008
11,average,euclidean,height,14,0.860337423983537963
11,average,euclidean,height,15,0.928513310964207861
11,average,euclidean,height,16,1.100491139837486365
11,average,euclidean,height,17,1.489199720869402777
11,average,euclidean,height,18,2.105110369393957015
11,average,euclidean,cut,2,0;0;0;0;0;0;0;0;0;0;0;1;1;0;0;0;0;1;0;1
11,average,euclidean,cut,3,0;0;0;0;0;0;0;0;0;0;0;1;2;0;0;0;0;1;0;2
11,average,euclidean,cut,4,0;0;0;0;0;0;1;0;0;0;1;2;3;1;1;0;0;2;1;3
11,average,euclidean,cut,5,0;1;0;0;0;0;2;0;0;0;2;3;4;2;2;0;0;3;2;4
11,average,euclidean,cut,6,0;1;0;0;0;0;2;0;0;0;2;3;4;2;2;0;0;5;2;4
11,complete,euclidean,height,0,0.038645247248709345
11,complete,euclidean,height,1,0.121336394384235283
11,complete,euclidean,height,2,0.184561734833984609
11,complete,euclidean,height,3,0.186444511506438648
11,complete,euclidean,height,4,0.219182146833040908
11,complete,euclidean,height,5,0.236660461185331489
11,complete,euclidean,height,6,0.259344334576748936
11,complete,euclidean,height,7,0.265432012668646189
11,complete,euclidean,height,8,0.371524299239068989
11,complete,euclidean,height,9,0.565854806274720290
11,complete,euclidean,height,10,0.574261235545140636
11,complete,euclidean,height,11,0.677418672876484829
11,complete,euclidean,height,12,0.860337423983537963
11,complete,euclidean,height,13,0.911896307413905816
11,complete,euclidean,height,14,1.075326031087533885
11,complete,euclidean,height,15,1.119085892326927345
11,complete,euclidean,height,16,1.929354018152604988
11,complete,euclidean,height,17,2.840967302711887132
11,complete,euclidean,height,18,3.677856225937941481
11,complete,euclidean,cut,2,0;0;0;0;0;0;0;0;0;0;0;0;1;0;0;0;0;0;0;1
11,complete,euclidean,cut,3,0;0;0;0;1;1;1;1;0;0;1;1;2;1;1;1;0;1;1;2
11,complete,euclidean,cut,4,0;0;0;0;1;1;1;1;0;0;1;2;3;1;1;1;0;2;1;3
11,complete,euclidean,cut,5,0;0;0;0;1;1;2;1;0;0;2;3;4;2;2;1;0;3;2;4
11,complete,euclidean,cut,6,0;0;0;0;1;1;2;1;0;0;3;4;5;2;3;1;0;4;3;5
11,ward.D2,euclidean,height,0,0.038645247248709345
11,ward.D2,euclidean,height,1,0.121336394384235283
11,ward.D2,euclidean,height,2,0.184561734833984609
11,ward.D2,euclidean,height,3,0.186444511506438648
11,ward.D2,euclidean,height,4,0.203753279278650890
11,ward.D2,euclidean,height,5,0.223475201948621638
11,ward.D2,euclidean,height,6,0.252321216869827281
11,ward.D2,euclidean,height,7,0.265432012668646189
11,ward.D2,euclidean,height,8,0.385453536282487685
11,ward.D2,euclidean,height,9,0.574261235545140636
11,ward.D2,euclidean,height,10,0.642254959629710243
11,ward.D2,euclidean,height,11,0.670298109464495750
11,ward.D2,euclidean,height,12,0.860337423983537963
11,ward.D2,euclidean,height,13,0.985200563828508846
11,ward.D2,euclidean,height,14,1.265607799013871437
11,ward.D2,euclidean,height,15,1.528519897467798705
11,ward.D2,euclidean,height,16,2.059323391130379211
11,ward.D2,euclidean,height,17,2.941781788277976872
11,ward.D2,euclidean,height,18,4.729697850022273720
11,ward.D2,euclidean,cut,2,0;0;0;0;0;0;1;0;0;0;1;1;1;1;1;0;0;1;1;1
11,ward.D2,euclidean,cut,3,0;0;0;0;0;0;1;0;0;0;1;1;2;1;1;0;0;1;1;2
11,ward.D2,euclidean,cut,4,0;0;0;0;0;0;1;0;0;0;1;2;3;1;1;0;0;2;1;3
11,ward.D2,euclidean,cut,5,0;0;0;0;1;1;2;1;0;1;2;3;4;2;2;1;0;3;2;4
11,ward.D2,euclidean,cut,6,0;0;0;0;1;1;2;1;0;1;3;4;5;2;3;1;0;4;3;5
11,single,euclidean,height,0,0.038645247248709345
11,single,euclidean,height,1,0.121336394384235283
11,single,euclidean,height,2,0.146947422692432716
11,single,euclidean,height,3,0.184561734833984609
11,single,euclidean,height,4,0.186444511506438648
11,single,euclidean,height,5,0.189565534639018873
11,single,euclidean,height,6,0.213589065221949509
11,single,euclidean,height,7,0.250025271295438001
11,single,euclidean,height,8,0.265432012668646189
11,single,euclidean,height,9,0.283108549342286020
11,single,euclidean,height,10,0.329195642516694198
11,single,euclidean,height,11,0.364622542595150145
11,single,euclidean,height,12,0.561346556723670287
11,single,euclidean,height,13,0.567514170474317292
11,single,euclidean,height,14,0.574261235545140636
11,single,euclidean,height,15,0.575482217165008580
11,single,euclidean,height,16,0.844819831319655989
11,single,euclidean,height,17,0.860337423983537963
11,single,euclidean,height,18,1.062884964518492348
11,single,euclidean,cut,2,0;0;0;0;0;0;0;0;0;0;0;0;1;0;0;0;0;0;0;1
11,single,euclidean,cut,3,0;0;0;0;0;0;0;0;0;0;0;0;1;0;0;0;0;2;0;1
11,single,euclidean,cut,4,0;0;0;0;0;0;0;0;0;0;0;1;2;0;0;0;0;3;0;2
11,single,euclidean,cut,5,0;0;0;0;0;0;1;0;0;0;0;2;3;1;0;0;0;4;0;3
11,single,euclidean,cut,6,0;0;0;0;0;0;1;0;0;0;0;2;3;1;0;0;0;4;0;5
11,centroid,euclidean,height,0,0.038645247248709345
11,centroid,euclidean,height,1,0.121336394384235283
11,centroid,euclidean,height,2,0.176455515959697135
11,centroid,euclidean,height,3,0.184561734833984609
11,centroid,euclidean,height,4,0.186444511506438648
11,centroid,euclidean,height,5,0.193535202003364021
11,centroid,euclidean,height,6,0.218516583723073116
11,centroid,euclidean,height,7,0.265432012668646189
11,centroid,euclidean,height,8,0.314721494481152386
11,centroid,euclidean,height,9,0.502763859766162224
11,centroid,euclidean,height,10,0.514674654979178414
11,centroid,euclidean,height,11,0.574261235545140636
11,centroid,euclidean,height,12,0.662590343114860092
11,centroid,euclidean,height,13,0.820360291025339916
11,centroid,euclidean,height,14,0.828856197904620839
11,centroid,euclidean,height,15,0.860337423983537963
11,centroid,euclidean,height,16,0.951516595994362224
11,centroid,euclidean,height,17,1.458065294382270283
11,centroid,euclidean,height,18,1.960569010062423567
11,centroid,euclidean,cut,2,0;0;0;0;0;0;0;0;0;0;0;1;1;0;0;0;0;1;0;1
11,centroid,euclidean,cut,3,0;0;0;0;0;0;0;0;0;0;0;1;2;0;0;0;0;1;0;2
11,centroid,euclidean,cut,4,0;0;0;0;0;0;1;0;0;0;1;2;3;1;1;1;0;2;1;3
11,centroid,euclidean,cut,5,0;0;0;0;0;0;1;0;0;0;1;2;3;1;1;1;0;4;1;3
11,centroid,euclidean,cut,6,0;0;0;0;0;0;1;0;0;0;2;3;4;1;2;2;0;5;2;4
11,average,manhattan,height,0,0.054645757841187831
11,average,manhattan,height,1,0.138896851137740640
11,average,manhattan,height,2,0.190660622381002398
11,average,manhattan,height,3,0.237557310270575445
11,average,manhattan,height,4,0.249364442835558642
11,average,manhattan,height,5,0.279436186226586725
11,average,manhattan,height,6,0.305140263724571814
11,average,manhattan,height,7,0.340925669447286528
11,average,manhattan,height,8,0.416991773347140438
11,average,manhattan,height,9,0.594251410812744352
11,average,manhattan,height,10,0.638071901502959893
11,average,manhattan,height,11,0.807837554481057873
11,average,manhattan,height,12,0.844925902357802627
11,average,manhattan,height,13,1.016415081119538266
11,average,manhattan,height,14,1.150925841425959106
11,average,manhattan,height,15,1.213393592128216625
11,average,manhattan,height,16,1.353644192749584807
11,average,manhattan,height,17,2.060989267317388851
11,average,manhattan,height,18,2.516403638655216213
11,average,manhattan,cut,2,0;0;0;0;0;0;0;0;0;0;0;1;1;0;0;0;0;1;0;1
11,average,manhattan,cut,3,0;0;0;0;0;0;0;0;0;0;0;1;2;0;0;0;0;1;0;2
11,average,manhattan,cut,4,0;0;0;0;0;0;1;0;0;0;1;2;3;1;1;0;0;2;1;3
11,average,manhattan,cut,5,0;0;0;0;0;0;1;0;0;0;1;2;3;1;1;0;0;4;1;3
11,average,manhattan,cut,6,0;0;0;0;0;0;1;0;0;0;2;3;4;1;2;0;0;5;2;4
11,complete,manhattan,height,0,0.054645757841187831
11,complete,manhattan,height,1,0.138896851137740640
11,complete,manhattan,height,2,0.190660622381002398
11,complete,manhattan,height,3,0.237557310270575445
11,complete,manhattan,height,4,0.297595511078745767
11,complete,manhattan,height,5,0.299744761285211381
11,complete,manhattan,height,6,0.340925669447286528
11,complete,manhattan,height,7,0.360469667424901996
11,complete,manhattan,height,8,0.510354208564382517
11,complete,manhattan,height,9,0.710623348316349324
11,complete,manhattan,height,10,0.807837554481057873
11,complete,manhattan,height,11,0.915447529751109990
11,complete,manhattan,height,12,1.128315293980084011
11,complete,manhattan,height,13,1.213393592128216625
11,complete,manhattan,height,14,1.376123360928178219
11,complete,manhattan,height,15,1.484105345220608552
11,complete,manhattan,height,16,2.102381300875430181
11,complete,manhattan,height,17,2.709370649470743242
11,complete,manhattan,height,18,3.952363234096517353
11,complete,manhattan,cut,2,0;0;0;0;0;0;0;0;0;0;1;1;1;0;1;0;0;1;1;1
11,complete,manhattan,cut,3,0;0;0;0;0;0;0;0;0;0;1;1;2;0;1;0;0;1;1;2
11,complete,manhattan,cut,4,0;0;0;0;1;1;1;1;0;0;2;2;3;1;2;1;0;2;2;3
11,complete,manhattan,cut,5,0;0;0;0;1;1;1;1;0;0;2;3;4;1;2;1;0;3;2;4
11,complete,manhattan,cut,6,0;0;0;0;1;1;2;1;0;0;3;4;5;2;3;1;0;4;3;5
11,ward.D2,manhattan,height,0,0.054645757841187831
11,ward.D2,manhattan,height,1,0.138896851137740640
11,ward.D2,manhattan,height,2,0.190660622381002398
11,ward.D2,manhattan,height,3,0.237557310270575445
11,ward.D2,manhattan,height,4,0.282601528714388706
11,ward.D2,manhattan,height,5,0.292816152414669684
11,ward.D2,manhattan,height,6,0.340752217362426113
11,ward.D2,manhattan,height,7,0.340925669447286528
11,ward.D2,manhattan,height,8,0.497303934673692605
11,ward.D2,manhattan,height,9,0.685459061846995676
11,ward.D2,manhattan,height,10,0.807837554481057873
11,ward.D2,manhattan,height,11,0.872805945151645890
11,ward.D2,manhattan,height,12,1.213393592128216625
11,ward.D2,manhattan,height,13,1.278764710180369191
11,ward.D2,manhattan,height,14,1.714053490478418595
11,ward.D2,manhattan,height,15,1.806932936093599729
11,ward.D2,manhattan,height,16,2.281930541223142317
11,ward.D2,manhattan,height,17,3.229235475288020130
11,ward.D2,manhattan,height,18,5.866093608114986147
11,ward.D2,manhattan,cut,2,0;0;0;0;0;0;0;0;0;0;1;1;1;0;1;0;0;1;1;1
11,ward.D2,manhattan,cut,3,0;0;0;0;0;0;0;0;0;0;1;1;2;0;1;0;0;1;1;2
11,ward.D2,manhattan,cut,4,0;1;1;0;0;0;1;0;0;0;2;2;3;1;2;0;1;2;2;3
11,ward.D2,manhattan,cut,5,0;1;1;0;0;0;2;0;0;0;3;3;4;2;3;0;1;3;3;4
11,ward.D2,manhattan,cut,6,0;1;1;0;0;0;2;0;0;0;3;4;5;2;3;0;1;4;3;5
11,single,manhattan,height,0,0.054645757841187831
11,single,manhattan,height,1,0.138896851137740640
11,single,manhattan,height,2,0.190660622381002398
11,single,manhattan,height,3,0.198984124385905903
11,single,manhattan,height,4,0.237557310270575445
11,single,manhattan,height,5,0.249810860024241688
11,single,manhattan,height,6,0.261276861374427738
11,single,manhattan,height,7,0.301494389769058846
11,single,manhattan,height,8,0.314208378696839818
11,single,manhattan,height,9,0.340925669447286528
11,single,manhattan,height,10,0.413027837237603501
11,single,manhattan,height,11,0.509487363832026641
11,single,manhattan,height,12,0.592703973998221612
11,single,manhattan,height,13,0.791463737823474123
11,single,manhattan,height,14,0.803703435879381978
11,single,manhattan,height,15,0.807837554481057873
11,single,manhattan,height,16,1.033986601975359410
11,single,manhattan,height,17,1.123635677795706611
11,single,manhattan,height,18,1.412607885164034682
11,single,manhattan,cut,2,0;0;0;0;0;0;0;0;0;0;0;0;1;0;0;0;0;0;0;1
11,single,manhattan,cut,3,0;0;0;0;0;0;0;0;0;0;0;0;1;0;0;0;0;2;0;1
11,single,manhattan,cut,4,0;0;0;0;0;0;0;0;0;0;0;1;2;0;0;0;0;3;0;2
11,single,manhattan,cut,5,0;0;0;0;0;0;0;0;0;0;0;1;2;0;0;0;0;3;0;4
11,single,manhattan,cut,6,0;0;0;0;0;0;1;0;0;0;0;2;3;1;0;0;0;4;0;5
11,centroid,manhattan,height,0,0.054645757841187831
11,centroid,manhattan,height,1,0.138896851137740640
11,centroid,manhattan,height,2,0.190660622381002398
11,centroid,manhattan,height,3,0.237557310270575445
11,centroid,manhattan,height,4,0.244740103014978089
11,centroid,manhattan,height,5,0.253586226629520017
11,centroid,manhattan,height,6,0.295100076631737873
11,centroid,manhattan,height,7,0.340925669447286528
11,centroid,manhattan,height,8,0.406046962342975215
11,centroid,manhattan,height,9,0.593624960813746938
11,centroid,manhattan,height,10,0.608061472306384299
11,centroid,manhattan,height,11,0.803333651920972280
11,centroid,manhattan,height,12,0.807837554481057873
11,centroid,manhattan,height,13,0.969928116059784462
11,centroid,manhattan,height,14,1.135901693162950199
11,centroid,manhattan,height,15,1.213393592128216625
11,centroid,manhattan,height,16,1.106416770521934767
11,centroid,manhattan,height,17,1.565014872866447693
11,centroid,manhattan,height,18,2.746201039658523690
11,centroid,manhattan,cut,2,0;0;0;0;0;0;0;0;0;0;0;0;1;0;0;0;0;0;0;1
11,centroid,manhattan,cut,3,0;0;0;0;0;0;0;0;0;0;1;1;2;0;1;0;0;1;1;2
11,centroid,manhattan,cut,4,0;0;0;0;0;0;0;0;0;0;1;2;3;0;1;0;0;2;1;3
11,centroid,manhattan,cut,5,0;0;0;0;0;0;0;0;0;0;1;2;3;0;1;0;0;4;1;3
11,centroid,manhattan,cut,6,0;0;0;0;0;0;1;0;0;0;2;3;4;1;2;0;0;5;2;4
12,average,euclidean,height,0,0.044192078279415507
12,average,euclidean,height,1,0.097468228072964250
12,average,euclidean,height,2,0.155109153670388078
12,average,euclidean,height,3,0.191536047930494169
12,average,euclidean,height,4,0.205457593547141770
12,average,euclidean,height,5,0.216209820030313860
12,average,euclidean,height,6,0.238953371798214464
12,average,euclidean,height,7,0.248352731949883887
12,average,euclidean,height,8,0.249227346016572565
12,average,euclidean,height,9,0.387017616144805676
12,average,euclidean,height,10,0.422278031563369072
12,average,euclidean,height,11,0.440721105800800483
12,average,euclidean,height,12,0.511146763755209621
12,average,euclidean,height,13,0.525743412836515267
12,average,euclidean,height,14,0.655029081115508838
12,average,euclidean,height,15,0.723571103552554162
12,average,euclidean,height,16,0.767095189311160164
12,average,euclidean,height,17,0.947997114429513288
12,average,euclidean,height,18,1.418774607793512388
12,average,euclidean,cut,2,0;0;1;0;1;0;1;0;1;1;0;0;0;0;0;0;0;1;0;0
12,average,euclidean,cut,3,0;0;1;0;1;0;1;0;1;1;2;2;0;2;2;0;2;1;2;2
12,average,euclidean,cut,4,0;0;1;0;1;0;1;0;2;2;3;3;0;3;3;0;3;1;3;3
12,average,euclidean,cut,5,0;0;1;0;1;0;1;2;3;3;4;4;0;4;4;0;4;1;4;4
12,average,euclidean,cut,6,0;0;1;0;1;0;1;2;3;3;4;5;0;4;4;0;5;1;4;4
12,complete,euclidean,height,0,0.044192078279415507
12,complete,euclidean,height,1,0.097468228072964250
12,complete,euclidean,height,2,0.155109153670388078
12,complete,euclidean,height,3,0.191536047930494169
12,complete,euclidean,height,4,0.205457593547141770
12,complete,euclidean,height,5,0.236153164989796993
12,complete,euclidean,height,6,0.238953371798214464
12,complete,euclidean,height,7,0.248352731949883887
12,complete,euclidean,height,8,0.249227346016572565
12,complete,euclidean,height,9,0.448424193152276607
12,complete,euclidean,height,10,0.530887643001831555
12,complete,euclidean,height,11,0.532559128708526286
12,complete,euclidean,height,12,0.594601291112760388
12,complete,euclidean,height,13,0.732956508404078111
12,complete,euclidean,height,14,0.773800004780900941
12,complete,euclidean,height,15,0.976468007420276618
12,complete,euclidean,height,16,1.020592962925811031
12,complete,euclidean,height,17,1.523793628955221635
12,complete,euclidean,height,18,2.346285084690176159
12,complete,euclidean,cut,2,0;0;1;0;1;0;1;1;1;1;0;0;0;0;0;0;0;1;0;0
12,complete,euclidean,cut,3,0;0;1;0;1;0;1;1;1;1;2;2;0;2;2;0;2;1;2;2
12,complete,euclidean,cut,4,0;0;1;0;1;0;1;2;2;2;3;3;0;3;3;0;3;1;3;3
12,complete,euclidean,cut,5,0;0;1;0;1;0;1;2;2;2;3;4;0;3;3;0;4;1;3;3
12,complete,euclidean,cut,6,0;0;1;0;1;0;1;2;3;3;4;5;0;4;4;0;5;1;4;4
12,ward.D2,euclidean,height,0,0.044192078279415507
12,ward.D2,euclidean,height,1,0.097468228072964250
12,ward.D2,euclidean,height,2,0.155109153670388078
12,ward.D2,euclidean,height,3,0.191536047930494169
12,ward.D2,euclidean,height,4,0.205457593547141770
12,ward.D2,euclidean,height,5,0.238953371798214464
12,ward.D2,euclidean,height,6,0.248352731949883887
12,ward.D2,euclidean,height,7,0.249227346016572565
12,ward.D2,euclidean,height,8,0.249415819706904074
12,ward.D2,euclidean,height,9,0.438758686131643427
12,ward.D2,euclidean,height,10,0.555857017381763518
12,ward.D2,euclidean,height,11,0.604674790189111078
12,ward.D2,euclidean,height,12,0.613452263253968400
12,ward.D2,euclidean,height,13,0.816277103420889327
12,ward.D2,euclidean,height,14,0.867465437204378964
12,ward.D2,euclidean,height,15,1.047318649689141568
12,ward.D2,euclidean,height,16,1.203811444612328696
12,ward.D2,euclidean,height,17,2.240689045409840929
12,ward.D2,euclidean,height,18,3.768959128763375244
12,ward.D2,euclidean,cut,2,0;0;1;0;1;0;1;0;1;1;0;0;0;0;0;0;0;1;0;0
12,ward.D2,euclidean,cut,3,0;0;1;0;1;0;1;0;1;1;2;2;0;2;2;0;2;1;2;2
12,ward.D2,euclidean,cut,4,0;0;1;0;1;0;1;0;2;2;3;3;0;3;3;0;3;1;3;3
12,ward.D2,euclidean,cut,5,0;0;1;0;1;0;1;0;2;2;3;4;0;3;3;0;4;1;3;3
12,ward.D2,euclidean,cut,6,0;0;1;2;1;2;1;0;3;3;4;5;2;4;4;2;5;1;4;4
12,single,euclidean,height,0,0.044192078279415507
12,single,euclidean,height,1,0.097468228072964250
12,single,euclidean,height,2,0.155109153670388078
12,single,euclidean,height,3,0.191536047930494169
12,single,euclidean,height,4,0.196266475070830726
12,single,euclidean,height,5,0.205457593547141770
12,single,euclidean,height,6,0.238953371798214464
12,single,euclidean,height,7,0.248352731949883887
12,single,euclidean,height,8,0.249227346016572565
12,single,euclidean,height,9,0.258491631325231841
12,single,euclidean,height,10,0.280778600699538694
12,single,euclidean,height,11,0.325611039137334801
12,single,euclidean,height,12,0.331559099822300307
12,single,euclidean,height,13,0.361168411592447391
12,single,euclidean,height,14,0.419211991860487854
12,single,euclidean,height,15,0.422666408274700311
12,single,euclidean,height,16,0.489782774689494937
12,single,euclidean,height,17,0.589974635376002254
12,single,euclidean,height,18,0.672067010921863051
12,single,euclidean,cut,2,0;0;1;0;1;0;1;0;1;1;0;0;0;0;0;0;0;1;0;0
12,single,euclidean,cut,3,0;0;1;0;1;0;1;0;2;2;0;0;0;0;0;0;0;1;0;0
12,single,euclidean,cut,4,0;0;1;0;2;0;1;0;3;3;0;0;0;0;0;0;0;1;0;0
12,single,euclidean,cut,5,0;0;1;0;2;0;1;0;3;3;0;4;0;0;0;0;4;1;0;0
12,single,euclidean,cut,6,0;0;1;0;2;0;1;0;3;3;4;5;0;4;4;0;5;1;4;4
12,centroid,euclidean,height,0,0.044192078279415507
12,centroid,euclidean,height,1,0.097468228072964250
12,centroid,euclidean,height,2,0.155109153670388078
12,centroid,euclidean,height,3,0.191536047930494169
12,centroid,euclidean,height,4,0.205457593547141770
12,centroid,euclidean,height,5,0.216000435971898330
12,centroid,euclidean,height,6,0.238953371798214464
12,centroid,euclidean,height,7,0.248352731949883887
12,centroid,euclidean,height,8,0.249227346016572565
12,centroid,euclidean,height,9,0.379976168321086272
12,centroid,euclidean,height,10,0.390315898712315090
12,centroid,euclidean,height,11,0.399236168897902144
12,centroid,euclidean,height,12,0.475073476199877220
12,centroid,euclidean,height,13,0.500881675509240454
12,centroid,euclidean,height,14,0.619602068988912014
12,centroid,euclidean,height,15,0.686175895903389010
12,centroid,euclidean,height,16,0.737180946455724739
12,centroid,euclidean,height,17,0.846900854225878907
12,centroid,euclidean,height,18,1.300414444664285352
12,centroid,euclidean,cut,2,0;0;1;0;1;0;1;0;1;1;0;0;0;0;0;0;0;1;0;0
12,centroid,euclidean,cut,3,0;0;1;0;1;0;1;0;1;1;2;2;0;2;2;0;2;1;2;2
12,centroid,euclidean,cut,4,0;0;1;0;1;0;1;0;2;2;3;3;0;3;3;0;3;1;3;3
12,centroid,euclidean,cut,5,0;0;1;0;1;0;1;2;3;3;4;4;0;4;4;0;4;1;4;4
12,centroid,euclidean,cut,6,0;0;1;0;1;0;1;2;3;3;4;5;0;4;4;0;5;1;4;4
12,average,manhattan,height,0,0.057459663477942749
12,average,manhattan,height,1,0.099169279910210517
12,average,manhattan,height,2,0.187477707776934593
12,average,manhattan,height,3,0.234789522438489884
12,average,manhattan,height,4,0.246614163009123588
12,average,manhattan,height,5,0.254177359879107057
12,average,manhattan,height,6,0.305240883541329389
12,average,manhattan,height,7,0.338720279690108816
12,average,manhattan,height,8,0.351797590620120837
12,average,manhattan,height,9,0.515659911599049336
12,average,manhattan,height,10,0.546020590885963220
12,average,manhattan,height,11,0.579343613354267206
12,average,manhattan,height,12,0.671677284479248460
12,average,manhattan,height,13,0.707652695866439418
12,average,manhattan,height,14,0.873619309276612910
12,average,manhattan,height,15,0.908528935309232288
12,average,manhattan,height,16,0.918642782297117488
12,average,manhattan,height,17,1.228239226486345315
12,average,manhattan,height,18,1.747599962986930544
12,average,manhattan,cut,2,0;0;1;0;1;0;1;0;1;1;0;0;0;0;0;0;0;1;0;0
12,average,manhattan,cut,3,0;0;1;0;1;0;1;0;1;1;2;2;0;2;2;0;2;1;2;2
12,average,manhattan,cut,4,0;0;1;0;1;0;1;2;1;1;3;3;0;3;3;0;3;1;3;3
12,average,manhattan,cut,5,0;0;1;0;1;0;1;2;3;3;4;4;0;4;4;0;4;1;4;4
12,average,manhattan,cut,6,0;0;1;0;1;0;1;2;3;3;4;5;0;4;4;0;5;1;4;4
12,complete,manhattan,height,0,0.057459663477942749
12,complete,manhattan,height,1,0.099169279910210517
12,complete,manhattan,height,2,0.187477707776934593
12,complete,manhattan,height,3,0.234789522438489884
12,complete,manhattan,height,4,0.246614163009123588
12,complete,manhattan,height,5,0.254177359879107057
12,complete,manhattan,height,6,0.333970715280300756
12,complete,manhattan,height,7,0.338720279690108816
12,complete,manhattan,height,8,0.351797590620120837
12,complete,manhattan,height,9,0.571681268948221355
12,complete,manhattan,height,10,0.661387620353054650
12,complete,manhattan,height,11,0.715994215719486737
12,complete,manhattan,height,12,0.824550109101361395
12,complete,manhattan,height,13,1.033303166838659859
12,complete,manhattan,height,14,1.083400349180465128
12,complete,manhattan,height,15,1.222962496844807845
12,complete,manhattan,height,16,1.380840711698261059
12,complete,manhattan,height,17,2.137241714417572158
12,complete,manhattan,height,18,2.663061343536159420
12,complete,manhattan,cut,2,0;0;1;0;1;0;1;1;1;1;0;0;0;0;0;0;0;1;0;0
12,complete,manhattan,cut,3,0;0;1;0;1;0;1;1;1;1;2;2;0;2;2;0;2;1;2;2
12,complete,manhattan,cut,4,0;0;1;0;1;0;1;1;1;1;2;3;0;2;2;0;3;1;2;2
12,complete,manhattan,cut,5,0;0;1;0;1;0;1;2;2;2;3;4;0;3;3;0;4;1;3;3
12,complete,manhattan,cut,6,0;0;1;0;1;0;1;2;3;3;4;5;0;4;4;0;5;1;4;4
12,ward.D2,manhattan,height,0,0.057459663477942749
12,ward.D2,manhattan,height,1,0.099169279910210517
12,ward.D2,manhattan,height,2,0.187477707776934593
12,ward.D2,manhattan,height,3,0.234789522438489884
12,ward.D2,manhattan,height,4,0.246614163009123588
12,ward.D2,manhattan,height,5,0.254177359879107057
12,ward.D2,manhattan,height,6,0.338720279690108816
12,ward.D2,manhattan,height,7,0.351797590620120837
12,ward.D2,manhattan,height,8,0.352461812560531496
12,ward.D2,manhattan,height,9,0.581766162142385634
12,ward.D2,manhattan,height,10,0.725100943337064874
12,ward.D2,manhattan,height,11,0.811553999311027674
12,ward.D2,manhattan,height,12,0.848217914973323661
12,ward.D2,manhattan,height,13,0.999921536448171167
12,ward.D2,manhattan,height,14,1.136554082488029582
12,ward.D2,manhattan,height,15,1.400152604858367678
12,ward.D2,manhattan,height,16,1.414131368117961696
12,ward.D2,manhattan,height,17,2.924056643294248747
12,ward.D2,manhattan,height,18,4.579718682057380974
12,ward.D2,manhattan,cut,2,0;0;1;0;1;0;1;0;1;1;0;0;0;0;0;0;0;1;0;0
12,ward.D2,manhattan,cut,3,0;0;1;0;1;0;1;0;1;1;2;2;0;2;2;0;2;1;2;2
12,ward.D2,manhattan,cut,4,0;0;1;0;1;0;1;0;1;1;2;3;0;2;2;0;3;1;2;2
12,ward.D2,manhattan,cut,5,0;0;1;0;1;0;1;0;2;2;3;4;0;3;3;0;4;1;3;3
12,ward.D2,manhattan,cut,6,0;0;1;0;1;0;1;2;3;3;4;5;0;4;4;0;5;1;4;4
12,single,manhattan,height,0,0.057459663477942749
12,single,manhattan,height,1,0.099169279910210517
12,single,manhattan,height,2,0.187477707776934593
12,single,manhattan,height,3,0.234789522438489884
12,single,manhattan,height,4,0.246614163009123588
12,single,manhattan,height,5,0.254177359879107057
12,single,manhattan,height,6,0.276511051802358021
12,single,manhattan,height,7,0.323758586213130695
12,single,manhattan,height,8,0.338720279690108816
12,single,manhattan,height,9,0.351797590620120837
12,single,manhattan,height,10,0.393280586849536429
12,single,manhattan,height,11,0.459638554249877318
12,single,manhattan,height,12,0.468606505652982508
12,single,manhattan,height,13,0.476218538467167385
12,single,manhattan,height,14,0.522895294188378879
12,single,manhattan,height,15,0.563971026190112412
12,single,manhattan,height,16,0.691412380183678121
12,single,manhattan,height,17,0.747183534238590075
12,single,manhattan,height,18,0.812435353409042493
12,single,manhattan,cut,2,0;0;1;0;1;0;1;0;1;1;0;0;0;0;0;0;0;1;0;0
12,single,manhattan,cut,3,0;0;1;0;1;0;1;0;2;2;0;0;0;0;0;0;0;1;0;0
12,single,manhattan,cut,4,0;0;1;0;2;0;1;0;3;3;0;0;0;0;0;0;0;1;0;0
12,single,manhattan,cut,5,0;0;1;0;2;0;1;0;3;3;0;4;0;0;0;0;4;1;0;0
12,single,manhattan,cut,6,0;0;1;0;2;0;1;0;3;3;4;5;0;4;4;0;5;1;4;4
12,centroid,manhattan,height,0,0.057459663477942749
12,centroid,manhattan,height,1,0.099169279910210517
12,centroid,manhattan,height,2,0.187477707776934593
12,centroid,manhattan,height,3,0.234789522438489884
12,centroid,manhattan,height,4,0.246614163009123588
12,centroid,manhattan,height,5,0.254177359879107057
12,centroid,manhattan,height,6,0.305240883541329389
12,centroid,manhattan,height,7,0.338720279690108816
12,centroid,manhattan,height,8,0.351797590620120837
12,centroid,manhattan,height,9,0.503824275477482653
12,centroid,manhattan,height,10,0.512723794078401185
12,centroid,manhattan,height,11,0.523855853979939279
12,centroid,manhattan,height,12,0.612324386779447782
12,centroid,manhattan,height,13,0.692567027457363427
12,centroid,manhattan,height,14,0.836611399756967411
12,centroid,manhattan,height,15,0.857414860982929961
12,centroid,manhattan,height,16,0.868057519068746508
12,centroid,manhattan,height,17,1.105189528231840690
12,centroid,manhattan,height,18,1.580153066982278087
12,centroid,manhattan,cut,2,0;0;1;0;1;0;1;0;1;1;0;0;0;0;0;0;0;1;0;0
12,centroid,manhattan,cut,3,0;0;1;0;1;0;1;0;1;1;2;2;0;2;2;0;2;1;2;2
12,centroid,manhattan,cut,4,0;0;1;0;1;0;1;2;1;1;3;3;0;3;3;0;3;1;3;3
12,centroid,manhattan,cut,5,0;0;1;0;1;0;1;2;3;3;4;4;0;4;4;0;4;1;4;4
12,centroid,manhattan,cut,6,0;0;1;0;1;0;1;2;3;3;4;5;0;4;4;0;5;1;4;4
13,average,euclidean,height,0,0.060283039411213518
13,average,euclidean,height,1,0.064636228365431786
13,average,euclidean,height,2,0.080886805595927327
13,average,euclidean,height,3,0.138648421683450179
13,average,euclidean,height,4,0.174817524274084257
13,average,euclidean,height,5,0.188820990968580571
13,average,euclidean,height,6,0.191659557898291977
13,average,euclidean,height,7,0.212793913303518156
13,average,euclidean,height,8,0.238090115944836450
13,average,euclidean,height,9,0.361612278460722247
13,average,euclidean,height,10,0.366665633989278261
13,average,euclidean,height,11,0.412345614672714023
13,average,euclidean,height,12,0.496141047471360119
13,average,euclidean,height,13,0.578566853616643173
13,average,euclidean,height,14,0.625418298533347627
13,average,euclidean,height,15,0.684596534173076421
13,average,euclidean,height,16,0.898202115458758943
13,average,euclidean,height,17,0.983248443200162803
13,average,euclidean,height,18,1.236816855270075344
13,average,euclidean,cut,2,0;1;0;1;0;0;0;0;0;0;1;1;1;1;1;0;1;1;0;0
13,average,euclidean,cut,3,0;1;0;1;0;0;0;0;0;0;1;2;2;1;1;0;1;1;0;0
13,average,euclidean,cut,4,0;1;0;1;2;0;2;2;0;2;1;3;3;1;1;2;1;1;2;2
13,average,euclidean,cut,5,0;1;0;2;3;0;3;3;0;3;1;4;4;1;2;3;2;1;3;3
13,average,euclidean,cut,6,0;1;2;3;4;0;4;4;2;4;1;5;5;1;3;4;3;1;4;4
13,complete,euclidean,height,0,0.060283039411213518
13,complete,euclidean,height,1,0.064636228365431786
13,complete,euclidean,height,2,0.080886805595927327
13,complete,euclidean,height,3,0.174817524274084257
13,complete,euclidean,height,4,0.187612865253386552
13,complete,euclidean,height,5,0.188820990968580571
13,complete,euclidean,height,6,0.191659557898291977
13,complete,euclidean,height,7,0.212793913303518156
13,complete,euclidean,height,8,0.238090115944836450
13,complete,euclidean,height,9,0.361612278460722247
13,complete,euclidean,height,10,0.500565444568488505
13,complete,euclidean,height,11,0.503004545931830194
13,complete,euclidean,height,12,0.557945698083244901
13,complete,euclidean,height,13,0.729678812749002814
13,complete,euclidean,height,14,0.782682065753407596
13,complete,euclidean,height,15,1.030406939052488813
13,complete,euclidean,height,16,1.277090581619671372
13,complete,euclidean,height,17,1.321729739694872396
13,complete,euclidean,height,18,2.477811351945137019
13,complete,euclidean,cut,2,0;1;0;1;0;0;0;0;0;0;1;1;1;1;1;0;1;1;0;0
13,complete,euclidean,cut,3,0;1;0;1;0;0;0;0;0;0;1;2;2;1;1;0;1;1;0;0
13,complete,euclidean,cut,4,0;1;0;1;2;0;2;2;0;2;1;3;3;1;1;2;1;1;2;2
13,complete,euclidean,cut,5,0;1;0;2;3;0;3;3;0;3;1;4;4;1;2;3;2;1;3;3
13,complete,euclidean,cut,6,0;1;2;3;4;0;4;4;2;4;1;5;5;1;3;4;3;1;4;4
13,ward.D2,euclidean,height,0,0.060283039411213518
13,ward.D2,euclidean,height,1,0.064636228365431786
13,ward.D2,euclidean,height,2,0.080886805595927327
13,ward.D2,euclidean,height,3,0.174817524274084257
13,ward.D2,euclidean,height,4,0.188820990968580571
13,ward.D2,euclidean,height,5,0.191659557898291977
13,ward.D2,euclidean,height,6,0.192870826131435025
13,ward.D2,euclidean,height,7,0.212793913303518156
13,ward.D2,euclidean,height,8,0.238090115944836450
13,ward.D2,euclidean,height,9,0.361612278460722247
13,ward.D2,euclidean,height,10,0.475162577229133631
13,ward.D2,euclidean,height,11,0.479758698085867352
13,ward.D2,euclidean,height,12,0.749111347235401848
13,ward.D2,euclidean,height,13,0.878698911684175576
13,ward.D2,euclidean,height,14,1.003595749199660991
13,ward.D2,euclidean,height,15,1.062947145180669573
13,ward.D2,euclidean,height,16,1.636071134412002692
13,ward.D2,euclidean,height,17,1.831252701697149154
13,ward.D2,euclidean,height,18,3.449918831260604613
13,ward.D2,euclidean,cut,2,0;1;0;1;0;0;0;0;0;0;1;1;1;1;1;0;1;1;0;0
13,ward.D2,euclidean,cut,3,0;1;0;1;2;0;2;2;0;2;1;1;1;1;1;2;1;1;2;2
13,ward.D2,euclidean,cut,4,0;1;0;1;2;0;2;2;0;2;1;3;3;1;1;2;1;1;2;2
13,ward.D2,euclidean,cut,5,0;1;0;1;2;0;2;2;0;2;1;3;3;1;4;2;4;1;2;2
13,ward.D2,euclidean,cut,6,0;1;0;1;2;0;3;2;0;3;1;4;4;1;5;3;5;1;3;2
13,single,euclidean,height,0,0.060283039411213518
13,single,euclidean,height,1,0.064636228365431786
13,single,euclidean,height,2,0.080886805595927327
13,single,euclidean,height,3,0.085374551723458633
13,single,euclidean,height,4,0.174817524274084257
13,single,euclidean,height,5,0.188820990968580571
13,single,euclidean,height,6,0.191659557898291977
13,single,euclidean,height,7,0.212793913303518156
13,single,euclidean,height,8,0.238090115944836450
13,single,euclidean,height,9,0.242990321751824223
13,single,euclidean,height,10,0.296459935071399450
13,single,euclidean,height,11,0.321686683413597851
13,single,euclidean,height,12,0.361612278460722247
13,single,euclidean,height,13,0.417811960508439661
13,single,euclidean,height,14,0.434336396859475338
13,single,euclidean,height,15,0.457989009424706939
13,single,euclidean,height,16,0.467305363696108922
13,single,euclidean,height,17,0.523924987236107143
13,single,euclidean,height,18,0.549708480207098060
13,single,euclidean,cut,2,0;1;0;1;1;0;1;1;0;1;1;1;1;1;1;1;1;1;1;1
13,single,euclidean,cut,3,0;1;0;1;1;0;1;1;0;1;1;2;2;1;1;1;1;1;1;1
13,single,euclidean,cut,4,0;1;2;1;1;0;1;1;2;1;1;3;3;1;1;1;1;1;1;1
13,single,euclidean,cut,5,0;1;2;1;3;0;3;3;2;3;1;4;4;1;1;3;1;1;3;3
13,single,euclidean,cut,6,0;1;2;1;3;0;3;3;2;3;1;4;4;1;5;3;5;1;3;3
13,centroid,euclidean,height,0,0.060283039411213518
13,centroid,euclidean,height,1,0.064636228365431786
13,centroid,euclidean,height,2,0.080886805595927327
13,centroid,euclidean,height,3,0.136380269050589281
13,centroid,euclidean,height,4,0.174817524274084257
13,centroid,euclidean,height,5,0.188820990968580571
13,centroid,euclidean,height,6,0.191659557898291977
13,centroid,euclidean,height,7,0.212793913303518156
13,centroid,euclidean,height,8,0.238090115944836450
13,centroid,euclidean,height,9,0.359913254664059379
13,centroid,euclidean,height,10,0.361612278460722247
13,centroid,euclidean,height,11,0.411502862808114933
13,centroid,euclidean,height,12,0.466138277595658124
13,centroid,euclidean,height,13,0.542003651382281015
13,centroid,euclidean,height,14,0.621333959073119835
13,centroid,euclidean,height,15,0.632680537866789461
13,centroid,euclidean,height,16,0.811616013978595174
13,centroid,euclidean,height,17,0.927565146185461709
13,centroid,euclidean,height,18,1.096456180513621259
13,centroid,euclidean,cut,2,0;1;0;1;0;0;0;0;0;0;1;1;1;1;1;0;1;1;0;0
13,centroid,euclidean,cut,3,0;1;0;1;0;0;0;0;0;0;1;2;2;1;1;0;1;1;0;0
13,centroid,euclidean,cut,4,0;1;0;1;2;0;2;2;0;2;1;3;3;1;1;2;1;1;2;2
13,centroid,euclidean,cut,5,0;1;0;2;3;0;3;3;0;3;1;4;4;1;2;3;2;1;3;3
13,centroid,euclidean,cut,6,0;1;2;3;4;0;4;4;2;4;1;5;5;1;3;4;3;1;4;4
13,average,manhattan,height,0,0.067056675252418846
13,average,manhattan,height,1,0.078281930334415495
13,average,manhattan,height,2,0.112211160583508773
13,average,manhattan,height,3,0.192487991414128118
13,average,manhattan,height,4,0.241133694136637183
13,average,manhattan,height,5,0.263482978736841345
13,average,manhattan,height,6,0.264990449012090123
13,average,manhattan,height,7,0.280009078549421753
13,average,manhattan,height,8,0.297767422228253698
13,average,manhattan,height,9,0.419062575598386555
13,average,manhattan,height,10,0.486391241462233004
13,average,manhattan,height,11,0.578275951798353227
13,average,manhattan,height,12,0.664490698456500439
13,average,manhattan,height,13,0.763857685291089883
13,average,manhattan,height,14,0.802601088126141171
13,average,manhattan,height,15,0.855447588583284180
13,average,manhattan,height,16,1.142054927625454575
13,average,manhattan,height,17,1.227102588219653567
13,average,manhattan,height,18,1.540931215662543208
13,average,manhattan,cut,2,0;1;0;1;0;0;0;0;0;0;1;1;1;1;1;0;1;1;0;0
13,average,manhattan,cut,3,0;1;0;1;0;0;0;0;0;0;1;2;2;1;1;0;1;1;0;0
13,average,manhattan,cut,4,0;1;0;1;2;0;2;2;0;2;1;3;3;1;1;2;1;1;2;2
13,average,manhattan,cut,5,0;1;0;2;3;0;3;3;0;3;2;4;4;1;2;3;2;1;3;3
13,average,manhattan,cut,6,0;1;2;3;4;0;4;4;2;4;3;5;5;1;3;4;3;1;4;4
13,complete,manhattan,height,0,0.067056675252418846
13,complete,manhattan,height,1,0.078281930334415495
13,complete,manhattan,height,2,0.112211160583508773
13,complete,manhattan,height,3,0.241133694136637183
13,complete,manhattan,height,4,0.263482978736841345
13,complete,manhattan,height,5,0.264990449012090123
13,complete,manhattan,height,6,0.265157294207545302
13,complete,manhattan,height,7,0.280009078549421753
13,complete,manhattan,height,8,0.328498790868934520
13,complete,manhattan,height,9,0.419062575598386555
13,complete,manhattan,height,10,0.486391241462233004
13,complete,manhattan,height,11,0.710017441166773899
13,complete,manhattan,height,12,0.749863454920705941
13,complete,manhattan,height,13,0.942786421177831069
13,complete,manhattan,height,14,0.969886001017514654
13,complete,manhattan,height,15,1.365912092073851669
13,complete,manhattan,height,16,1.601163138130589747
13,complete,manhattan,height,17,2.342608793828265590
13,complete,manhattan,height,18,2.683542793362418966
13,complete,manhattan,cut,2,0;1;0;1;1;0;1;1;0;1;1;1;1;1;1;1;1;1;1;1
13,complete,manhattan,cut,3,0;1;0;1;2;0;2;2;0;2;1;2;2;1;1;2;1;1;2;2
13,complete,manhattan,cut,4,0;1;0;1;2;0;2;2;0;2;1;3;3;1;1;2;1;1;2;2
13,complete,manhattan,cut,5,0;1;0;2;3;0;3;3;0;3;2;4;4;1;2;3;2;1;3;3
13,complete,manhattan,cut,6,0;1;2;3;4;0;4;4;2;4;3;5;5;1;3;4;3;1;4;4
13,ward.D2,manhattan,height,0,0.067056675252418846
13,ward.D2,manhattan,height,1,0.078281930334415495
13,ward.D2,manhattan,height,2,0.112211160583508773
13,ward.D2,manhattan,height,3,0.241133694136637183
13,ward.D2,manhattan,height,4,0.263482978736841345
13,ward.D2,manhattan,height,5,0.264990449012090123
13,ward.D2,manhattan,height,6,0.272219128051815917
13,ward.D2,manhattan,height,7,0.280009078549421753
13,ward.D2,manhattan,height,8,0.336699857633143862
13,ward.D2,manhattan,height,9,0.486391241462233004
13,ward.D2,manhattan,height,10,0.633066337200052676
13,ward.D2,manhattan,height,11,0.667735552873332527
13,ward.D2,manhattan,height,12,0.711977978798427724
13,ward.D2,manhattan,height,13,1.122832454851510953
13,ward.D2,manhattan,height,14,1.307811468679785705
13,ward.D2,manhattan,height,15,1.486356222745326860
13,ward.D2,manhattan,height,16,2.042810356014936435
13,ward.D2,manhattan,height,17,2.298620632905055139
13,ward.D2,manhattan,height,18,4.221619549179598252
13,ward.D2,manhattan,cut,2,0;1;0;1;0;0;0;0;0;0;1;1;1;1;1;0;1;1;0;0
13,ward.D2,manhattan,cut,3,0;1;0;1;2;0;2;2;0;2;1;1;1;1;1;2;1;1;2;2
13,ward.D2,manhattan,cut,4,0;1;0;1;2;0;2;2;0;2;1;3;3;1;1;2;1;1;2;2
13,ward.D2,manhattan,cut,5,0;1;0;2;3;0;3;3;0;3;1;4;4;1;2;3;2;1;3;3
13,ward.D2,manhattan,cut,6,0;1;0;2;3;0;4;3;0;4;1;5;5;1;2;4;2;1;4;3
13,single,manhattan,height,0,0.067056675252418846
13,single,manhattan,height,1,0.078281930334415495
13,single,manhattan,height,2,0.112211160583508773
13,single,manhattan,height,3,0.119818688620710961
13,single,manhattan,height,4,0.241133694136637183
13,single,manhattan,height,5,0.263482978736841345
13,single,manhattan,height,6,0.264990449012090123
13,single,manhattan,height,7,0.267036053587572875
13,single,manhattan,height,8,0.280009078549421753
13,single,manhattan,height,9,0.336699857633143862
13,single,manhattan,height,10,0.419062575598386555
13,single,manhattan,height,11,0.446534462429932555
13,single,manhattan,height,12,0.486391241462233004
13,single,manhattan,height,13,0.577210178096012494
13,single,manhattan,height,14,0.579117941992294938
13,single,manhattan,height,15,0.590614079802041503
13,single,manhattan,height,16,0.635316175234767799
13,single,manhattan,height,17,0.647310806880089462
13,single,manhattan,height,18,0.704383815201954033
13,single,manhattan,cut,2,0;1;0;1;1;0;1;1;0;1;1;1;1;1;1;1;1;1;1;1
13,single,manhattan,cut,3,0;1;0;1;2;0;2;2;0;2;1;1;1;1;1;2;1;1;2;2
13,single,manhattan,cut,4,0;1;2;1;3;0;3;3;2;3;1;1;1;1;1;3;1;1;3;3
13,single,manhattan,cut,5,0;1;2;1;3;0;4;3;2;4;1;1;1;1;1;4;1;1;4;3
13,single,manhattan,cut,6,0;1;2;1;3;0;4;3;2;4;1;1;1;1;5;4;5;1;4;3
13,centroid,manhattan,height,0,0.067056675252418846
13,centroid,manhattan,height,1,0.078281930334415495
13,centroid,manhattan,height,2,0.112211160583508773
13,centroid,manhattan,height,3,0.192487991414128146
13,centroid,manhattan,height,4,0.241133694136637183
13,centroid,manhattan,height,5,0.263482978736841345
13,centroid,manhattan,height,6,0.264990449012090123
13,centroid,manhattan,height,7,0.280009078549421753
13,centroid,manhattan,height,8,0.294044246022795053
13,centroid,manhattan,height,9,0.419062575598386555
13,centroid,manhattan,height,10,0.486391241462233004
13,centroid,manhattan,height,11,0.578275951798353227
13,centroid,manhattan,height,12,0.587178775020088417
13,centroid,manhattan,height,13,0.706298917576470231
13,centroid,manhattan,height,14,0.793962442961841486
13,centroid,manhattan,height,15,0.810066174825232688
13,centroid,manhattan,height,16,1.018754710367596017
13,centroid,manhattan,height,17,1.158164609503465892
13,centroid,manhattan,height,18,1.341718768723529909
13,centroid,manhattan,cut,2,0;1;0;1;0;0;0;0;0;0;1;1;1;1;1;0;1;1;0;0
13,centroid,manhattan,cut,3,0;1;0;1;0;0;0;0;0;0;1;2;2;1;1;0;1;1;0;0
13,centroid,manhattan,cut,4,0;1;0;1;2;0;2;2;0;2;1;3;3;1;1;2;1;1;2;2
13,centroid,manhattan,cut,5,0;1;0;2;3;0;3;3;0;3;2;4;4;1;2;3;2;1;3;3
13,centroid,manhattan,cut,6,0;1;2;3;4;0;4;4;2;4;3;5;5;1;3;4;3;1;4;4
14,average,euclidean,height,0,0.044864567818551984
14,average,euclidean,height,1,0.060443940301286719
14,average,euclidean,height,2,0.084353188730894743
14,average,euclidean,height,3,0.123502337995505862
14,average,euclidean,height,4,0.215884726945290817
14,average,euclidean,height,5,0.220216427466883219
14,average,euclidean,height,6,0.234235176277744872
14,average,euclidean,height,7,0.306424469179344461
14,average,euclidean,height,8,0.396308508654899083
14,average,euclidean,height,9,0.445251952596767531
14,average,euclidean,height,10,0.471790860068877049
14,average,euclidean,height,11,0.493862648140546201
14,average,euclidean,height,12,0.500727994905810991
14,average,euclidean,height,13,0.616470635749020168
14,average,euclidean,height,14,0.707653593491180510
14,average,euclidean,height,15,0.741926259547234457
14,average,euclidean,height,16,0.946520037319715790
14,average,euclidean,height,17,1.256592849514263088
14,average,euclidean,height,18,1.664077499004469329
14,average,euclidean,cut,2,0;0;0;0;0;0;0;0;0;0;1;0;1;1;1;0;1;0;1;1
14,average,euclidean,cut,3,0;1;1;0;0;0;0;0;0;0;2;0;2;2;2;0;2;0;2;2
14,average,euclidean,cut,4,0;1;1;0;0;0;2;0;0;0;3;2;3;3;3;2;3;2;3;3
14,average,euclidean,cut,5,0;1;1;0;0;0;2;0;0;0;3;2;3;3;3;2;3;2;4;4
14,average,euclidean,cut,6,0;1;1;2;2;0;3;2;2;0;4;3;4;4;4;3;4;3;5;5
14,complete,euclidean,height,0,0.044864567818551984
14,complete,euclidean,height,1,0.060443940301286719
14,complete,euclidean,height,2,0.084353188730894743
14,complete,euclidean,height,3,0.136063815631466689
14,complete,euclidean,height,4,0.215884726945290817
14,complete,euclidean,height,5,0.220216427466883219
14,complete,euclidean,height,6,0.246537446859263210
14,complete,euclidean,height,7,0.306424469179344461
14,complete,euclidean,height,8,0.428488620087841998
14,complete,euclidean,height,9,0.471790860068877049
14,complete,euclidean,height,10,0.493862648140546201
14,complete,euclidean,height,11,0.521401427807776541
14,complete,euclidean,height,12,0.630317681574528055
14,complete,euclidean,height,13,0.725407436153704621
14,complete,euclidean,height,14,1.006640479715316783
14,complete,euclidean,height,15,1.203704012230744080
14,complete,euclidean,height,16,1.403497505800263667
14,complete,euclidean,height,17,1.678190003375170880
14,complete,euclidean,height,18,2.848026978422695699
14,complete,euclidean,cut,2,0;0;0;0;0;0;1;0;0;0;1;1;1;1;1;1;1;1;1;1
14,complete,euclidean,cut,3,0;0;0;0;0;0;1;0;0;0;2;1;2;2;2;1;2;1;2;2
14,complete,euclidean,cut,4,0;0;0;1;1;0;2;1;1;0;3;2;3;3;3;2;3;2;3;3
14,complete,euclidean,cut,5,0;0;0;1;1;0;2;1;1;0;3;2;3;3;3;2;3;2;4;4
14,complete,euclidean,cut,6,0;1;1;2;2;0;3;2;2;0;4;3;4;4;4;3;4;3;5;5
14,ward.D2,euclidean,height,0,0.044864567818551984
14,ward.D2,euclidean,height,1,0.060443940301286719
14,ward.D2,euclidean,height,2,0.084353188730894743
14,ward.D2,euclidean,height,3,0.140984211169755014
14,ward.D2,euclidean,height,4,0.215884726945290817
14,ward.D2,euclidean,height,5,0.220216427466883219
14,ward.D2,euclidean,height,6,0.268586661836959006
14,ward.D2,euclidean,height,7,0.306424469179344461
14,ward.D2,euclidean,height,8,0.457261798908793149
14,ward.D2,euclidean,height,9,0.471790860068877049
14,ward.D2,euclidean,height,10,0.493862648140546201
14,ward.D2,euclidean,height,11,0.498122707329862524
14,ward.D2,euclidean,height,12,0.752920290801441627
14,ward.D2,euclidean,height,13,0.796540013078923193
14,ward.D2,euclidean,height,14,1.177959990775473198
14,ward.D2,euclidean,height,15,1.240642264272270978
14,ward.D2,euclidean,height,16,1.633913322826678449
14,ward.D2,euclidean,height,17,2.149154600588432551
14,ward.D2,euclidean,height,18,4.862864397157314222
14,ward.D2,euclidean,cut,2,0;0;0;0;0;0;1;0;0;0;1;1;1;1;1;1;1;1;1;1
14,ward.D2,euclidean,cut,3,0;0;0;0;0;0;1;0;0;0;2;1;2;2;2;1;2;1;2;2
14,ward.D2,euclidean,cut,4,0;0;0;1;1;0;2;1;1;0;3;2;3;3;3;2;3;2;3;3
14,ward.D2,euclidean,cut,5,0;1;1;2;2;0;3;2;2;0;4;3;4;4;4;3;4;3;4;4
14,ward.D2,euclidean,cut,6,0;1;1;2;2;0;3;2;2;0;4;3;4;4;4;3;4;3;5;5
14,single,euclidean,height,0,0.044864567818551984
14,single,euclidean,height,1,0.060443940301286719
14,single,euclidean,height,2,0.084353188730894743
14,single,euclidean,height,3,0.110940860359545035
14,single,euclidean,height,4,0.215884726945290817
14,single,euclidean,height,5,0.220216427466883219
14,single,euclidean,height,6,0.221932905696226535
14,single,euclidean,height,7,0.306424469179344461
14,single,euclidean,height,8,0.322276150870513922
14,single,euclidean,height,9,0.357133317066644640
14,single,euclidean,height,10,0.385865809894684164
14,single,euclidean,height,11,0.404902785597766102
14,single,euclidean,height,12,0.461982303026435004
14,single,euclidean,height,13,0.471790860068877049
14,single,euclidean,height,14,0.475983415319307712
14,single,euclidean,height,15,0.483256552824614993
14,single,euclidean,height,16,0.541855479187607236
14,single,euclidean,height,17,0.574887317191003389
14,single,euclidean,height,18,0.609179523922418809
14,single,euclidean,cut,2,0;1;1;0;0;0;0;0;0;0;0;0;0;0;0;0;0;0;0;0
14,single,euclidean,cut,3,0;1;1;2;2;0;2;2;2;0;2;2;2;2;2;2;2;2;2;2
14,single,euclidean,cut,4,0;1;1;2;2;0;2;2;2;0;3;2;3;3;3;2;3;2;3;3
14,single,euclidean,cut,5,0;1;1;2;2;0;2;2;2;0;3;4;3;3;3;4;3;2;3;3
14,single,euclidean,cut,6,0;1;1;2;2;0;2;2;2;0;3;4;3;3;3;4;3;5;3;3
14,centroid,euclidean,height,0,0.044864567818551984
14,centroid,euclidean,height,1,0.060443940301286719
14,centroid,euclidean,height,2,0.084353188730894743
14,centroid,euclidean,height,3,0.122095908405517636
14,centroid,euclidean,height,4,0.215884726945290817
14,centroid,euclidean,height,5,0.220216427466883219
14,centroid,euclidean,height,6,0.232602872268466904
14,centroid,euclidean,height,7,0.306424469179344461
14,centroid,euclidean,height,8,0.396000334035186363
14,centroid,euclidean,height,9,0.406715487417295130
14,centroid,euclidean,height,10,0.471790860068877049
14,centroid,euclidean,height,11,0.486007957882604813
14,centroid,euclidean,height,12,0.493862648140546201
14,centroid,euclidean,height,13,0.563238844734527899
14,centroid,euclidean,height,14,0.683506890499202879
14,centroid,euclidean,height,15,0.696890528672698739
14,centroid,euclidean,height,16,0.845783543891671430
14,centroid,euclidean,height,17,1.206973232066196111
14,centroid,euclidean,height,18,1.565457495285826228
14,centroid,euclidean,cut,2,0;0;0;0;0;0;0;0;0;0;1;0;1;1;1;0;1;0;1;1
14,centroid,euclidean,cut,3,0;1;1;0;0;0;0;0;0;0;2;0;2;2;2;0;2;0;2;2
14,centroid,euclidean,cut,4,0;1;1;0;0;0;2;0;0;0;3;2;3;3;3;2;3;2;3;3
14,centroid,euclidean,cut,5,0;1;1;0;0;0;2;0;0;0;3;2;3;3;3;2;3;2;4;4
14,centroid,euclidean,cut,6,0;1;1;2;2;0;3;2;2;0;4;3;4;4;4;3;4;3;5;5
14,average,manhattan,height,0,0.058772579378660927
14,average,manhattan,height,1,0.081428539846962050
14,average,manhattan,height,2,0.090343312811508952
14,average,manhattan,height,3,0.168662443376681265
14,average,manhattan,height,4,0.272209448237180518
14,average,manhattan,height,5,0.307434928412778974
14,average,manhattan,height,6,0.311433051762143920
14,average,manhattan,height,7,0.326843680123007907
14,average,manhattan,height,8,0.496323030065875415
14,average,manhattan,height,9,0.552425229585105981
14,average,manhattan,height,10,0.588947852298871588
14,average,manhattan,height,11,0.591746829554481990
14,average,manhattan,height,12,0.664644538942992469
14,average,manhattan,height,13,0.808083929772633880
14,average,manhattan,height,14,0.837845582632017694
14,average,manhattan,height,15,0.897265018890085697
14,average,manhattan,height,16,1.201131059029139303
14,average,manhattan,height,17,1.686753303085250844
14,average,manhattan,height,18,2.018709652244861541
14,average,manhattan,cut,2,0;0;0;0;0;0;0;0;0;0;1;0;1;1;1;0;1;0;1;1
14,average,manhattan,cut,3,0;1;1;0;0;0;0;0;0;0;2;0;2;2;2;0;2;0;2;2
14,average,manhattan,cut,4,0;1;1;0;0;0;2;0;0;0;3;2;3;3;3;2;3;2;3;3
14,average,manhattan,cut,5,0;1;1;0;0;0;2;0;0;0;3;2;3;3;3;2;3;2;4;4
14,average,manhattan,cut,6,0;1;1;2;2;0;3;2;2;0;4;3;4;4;4;3;4;3;5;5
14,complete,manhattan,height,0,0.058772579378660927
14,complete,manhattan,height,1,0.081428539846962050
14,complete,manhattan,height,2,0.090343312811508952
14,complete,manhattan,height,3,0.180614878319715899
14,complete,manhattan,height,4,0.272209448237180518
14,complete,manhattan,height,5,0.307434928412778974
14,complete,manhattan,height,6,0.311433051762143920
14,complete,manhattan,height,7,0.339846879120588641
14,complete,manhattan,height,8,0.535274945064953878
14,complete,manhattan,height,9,0.552425229585105981
14,complete,manhattan,height,10,0.664644538942992469
14,complete,manhattan,height,11,0.680611900726256547
14,complete,manhattan,height,12,0.714726939194322397
14,complete,manhattan,height,13,0.923448586012921790
14,complete,manhattan,height,14,1.171105557230479821
14,complete,manhattan,height,15,1.222320373901400581
14,complete,manhattan,height,16,1.702364511362272292
14,complete,manhattan,height,17,2.952831730890888018
14,complete,manhattan,height,18,3.676297773001672820
14,complete,manhattan,cut,2,0;0;0;0;0;0;0;0;0;0;1;0;1;1;1;0;1;0;1;1
14,complete,manhattan,cut,3,0;0;0;1;1;0;1;1;1;0;2;1;2;2;2;1;2;1;2;2
14,complete,manhattan,cut,4,0;0;0;1;1;0;2;1;1;0;3;2;3;3;3;2;3;2;3;3
14,complete,manhattan,cut,5,0;0;0;1;1;0;2;1;1;0;3;2;3;3;3;2;3;2;4;4
14,complete,manhattan,cut,6,0;1;1;2;2;0;3;2;2;0;4;3;4;4;4;3;4;3;5;5
14,ward.D2,manhattan,height,0,0.058772579378660927
14,ward.D2,manhattan,height,1,0.081428539846962050
14,ward.D2,manhattan,height,2,0.090343312811508952
14,ward.D2,manhattan,height,3,0.192271774614838492
14,ward.D2,manhattan,height,4,0.272209448237180518
14,ward.D2,manhattan,height,5,0.307434928412778974
14,ward.D2,manhattan,height,6,0.311433051762143920
14,ward.D2,manhattan,height,7,0.374767879529217807
14,ward.D2,manhattan,height,8,0.552425229585105981
14,ward.D2,manhattan,height,9,0.572495500201737006
14,ward.D2,manhattan,height,10,0.664644538942992469
14,ward.D2,manhattan,height,11,0.666823295921748938
14,ward.D2,manhattan,height,12,0.867401703634169907
14,ward.D2,manhattan,height,13,1.067954528345194554
14,ward.D2,manhattan,height,14,1.371409333690280397
14,ward.D2,manhattan,height,15,1.485496041212797769
14,ward.D2,manhattan,height,16,2.201226952108796375
14,ward.D2,manhattan,height,17,2.737147191234280630
14,ward.D2,manhattan,height,18,5.922949056368156384
14,ward.D2,manhattan,cut,2,0;0;0;0;0;0;1;0;0;0;1;1;1;1;1;1;1;1;1;1
14,ward.D2,manhattan,cut,3,0;0;0;0;0;0;1;0;0;0;2;1;2;2;2;1;2;1;2;2
14,ward.D2,manhattan,cut,4,0;1;1;0;0;0;2;0;0;0;3;2;3;3;3;2;3;2;3;3
14,ward.D2,manhattan,cut,5,0;1;1;2;2;0;3;2;2;0;4;3;4;4;4;3;4;3;4;4
14,ward.D2,manhattan,cut,6,0;1;1;2;2;0;3;2;2;0;4;3;4;4;4;3;4;3;5;5
14,single,manhattan,height,0,0.058772579378660927
14,single,manhattan,height,1,0.081428539846962050
14,single,manhattan,height,2,0.090343312811508952
14,single,manhattan,height,3,0.156710008433646630
14,single,manhattan,height,4,0.272209448237180518
14,single,manhattan,height,5,0.307434928412778974
14,single,manhattan,height,6,0.311433051762143920
14,single,manhattan,height,7,0.313840481125427173
14,single,manhattan,height,8,0.399746822659614365
14,single,manhattan,height,9,0.457371115066796952
14,single,manhattan,height,10,0.497944171679424619
14,single,manhattan,height,11,0.552425229585105981
14,single,manhattan,height,12,0.567603523002544352
14,single,manhattan,height,13,0.603102872874445084
14,single,manhattan,height,14,0.606213138545574570
14,single,manhattan,height,15,0.626091711060634326
14,single,manhattan,height,16,0.651239137775741161
14,single,manhattan,height,17,0.723401834074985262
14,single,manhattan,height,18,0.799324794887742218
14,single,manhattan,cut,2,0;1;1;0;0;0;0;0;0;0;0;0;0;0;0;0;0;0;0;0
14,single,manhattan,cut,3,0;1;1;0;0;0;0;0;0;0;2;0;2;2;2;0;2;0;2;2
14,single,manhattan,cut,4,0;1;1;0;0;0;0;0;0;0;2;3;2;2;2;3;2;0;2;2
14,single,manhattan,cut,5,0;1;1;0;0;0;0;0;0;0;2;3;2;2;2;3;2;0;4;2
14,single,manhattan,cut,6,0;1;1;0;0;0;2;0;0;0;3;4;3;3;3;4;3;2;5;3
14,centroid,manhattan,height,0,0.058772579378660927
14,centroid,manhattan,height,1,0.081428539846962050
14,centroid,manhattan,height,2,0.090343312811508952
14,centroid,manhattan,height,3,0.166512241247166098
14,centroid,manhattan,height,4,0.272209448237180518
14,centroid,manhattan,height,5,0.307434928412778974
14,centroid,manhattan,height,6,0.311433051762143920
14,centroid,manhattan,height,7,0.324558504194728703
14,centroid,manhattan,height,8,0.495795646726983452
14,centroid,manhattan,height,9,0.544458941203065372
14,centroid,manhattan,height,10,0.552425229585105981
14,centroid,manhattan,height,11,0.559905392107846955
14,centroid,manhattan,height,12,0.664644538942992469
14,centroid,manhattan,height,13,0.755157888991768056
14,centroid,manhattan,height,14,0.802259554300961630
14,centroid,manhattan,height,15,0.811336703339918364
14,centroid,manhattan,height,16,1.084006503697332979
14,centroid,manhattan,height,17,1.657255481875222092
14,centroid,manhattan,height,18,1.879346788602559659
14,centroid,manhattan,cut,2,0;0;0;0;0;0;0;0;0;0;1;0;1;1;1;0;1;0;1;1
14,centroid,manhattan,cut,3,0;1;1;0;0;0;0;0;0;0;2;0;2;2;2;0;2;0;2;2
14,centroid,manhattan,cut,4,0;1;1;0;0;0;2;0;0;0;3;2;3;3;3;2;3;2;3;3
14,centroid,manhattan,cut,5,0;1;1;0;0;0;2;0;0;0;3;2;3;3;3;2;3;2;4;4
14,centroid,manhattan,cut,6,0;1;1;2;2;0;3;2;2;0;4;3;4;4;4;3;4;3;5;5
15,average,euclidean,height,0,0.072761509956276463
15,average,euclidean,height,1,0.102357258938706439
15,average,euclidean,height,2,0.140768448471574908
15,average,euclidean,height,3,0.168477232265824728
15,average,euclidean,height,4,0.250678276770647246
15,average,euclidean,height,5,0.251828236883716472
15,average,euclidean,height,6,0.282132169355266582
15,average,euclidean,height,7,0.374138071322874466
15,average,euclidean,height,8,0.415679777477256263
15,average,euclidean,height,9,0.554802860865139080
15,average,euclidean,height,10,0.555038654463058556
15,average,euclidean,height,11,0.652700378754389465
15,average,euclidean,height,12,0.668517780273952367
15,average,euclidean,height,13,0.732734103549772420
15,average,euclidean,height,14,0.833599369852333849
15,average,euclidean,height,15,1.023156732368589950
15,average,euclidean,height,16,1.238312848084401008
15,average,euclidean,height,17,1.320973092639555313
15,average,euclidean,height,18,1.529529509464560011
15,average,euclidean,cut,2,0;0;0;0;0;0;0;0;0;0;1;0;1;1;0;1;0;1;1;1
15,average,euclidean,cut,3,0;0;0;0;0;1;1;0;0;0;2;0;2;2;0;2;0;2;2;2
15,average,euclidean,cut,4,0;0;0;0;0;1;1;0;0;0;2;0;3;2;0;2;0;2;3;2
15,average,euclidean,cut,5,0;0;0;1;0;2;2;0;0;1;3;0;4;3;0;3;0;3;4;3
15,average,euclidean,cut,6,0;0;0;1;0;2;2;0;0;1;3;0;4;3;0;3;0;3;4;5
15,complete,euclidean,height,0,0.072761509956276463
15,complete,euclidean,height,1,0.102357258938706439
15,complete,euclidean,height,2,0.168477232265824728
15,complete,euclidean,height,3,0.172589318083624682
15,complete,euclidean,height,4,0.250678276770647246
15,complete,euclidean,height,5,0.251828236883716472
15,complete,euclidean,height,6,0.313225653225236100
15,complete,euclidean,height,7,0.374138071322874466
15,complete,euclidean,height,8,0.419520189495585616
15,complete,euclidean,height,9,0.554802860865139080
15,complete,euclidean,height,10,0.638985750416580012
15,complete,euclidean,height,11,0.752288511509073721
15,complete,euclidean,height,12,0.764705685271131141
15,complete,euclidean,height,13,0.893069293787389307
15,complete,euclidean,height,14,1.136862999185165313
15,complete,euclidean,height,15,1.424404621934875825
15,complete,euclidean,height,16,1.774874563145468986
15,complete,euclidean,height,17,2.003456605792790501
15,complete,euclidean,height,18,2.744095653149264180
15,complete,euclidean,cut,2,0;0;0;0;0;0;0;0;0;0;1;0;1;1;0;1;0;1;1;1
15,complete,euclidean,cut,3,0;0;0;0;0;1;1;0;0;0;2;0;2;2;0;2;0;2;2;2
15,complete,euclidean,cut,4,0;0;0;0;0;1;1;0;0;0;2;0;3;2;0;2;0;3;3;2
15,complete,euclidean,cut,5,0;0;0;1;0;2;2;0;0;1;3;0;4;3;0;3;0;4;4;3
15,complete,euclidean,cut,6,0;0;1;2;0;3;3;1;0;2;4;1;5;4;0;4;0;5;5;4
15,ward.D2,euclidean,height,0,0.072761509956276463
15,ward.D2,euclidean,height,1,0.102357258938706439
15,ward.D2,euclidean,height,2,0.155816437787546086
15,ward.D2,euclidean,height,3,0.168477232265824728
15,ward.D2,euclidean,height,4,0.250678276770647246
15,ward.D2,euclidean,height,5,0.251828236883716472
15,ward.D2,euclidean,height,6,0.334493224183935789
15,ward.D2,euclidean,height,7,0.374138071322874466
15,ward.D2,euclidean,height,8,0.427689096244315115
15,ward.D2,euclidean,height,9,0.554802860865139080
15,ward.D2,euclidean,height,10,0.747753611798934181
15,ward.D2,euclidean,height,11,0.799352139958132257
15,ward.D2,euclidean,height,12,0.815095115931469660
15,ward.D2,euclidean,height,13,1.093077616839652988
15,ward.D2,euclidean,height,14,1.361411703601011380
15,ward.D2,euclidean,height,15,1.608909742651684960
15,ward.D2,euclidean,height,16,1.850919684463336212
15,ward.D2,euclidean,height,17,2.545234380137274321
15,ward.D2,euclidean,height,18,3.919887157282848644
15,ward.D2,euclidean,cut,2,0;0;0;0;0;0;0;0;0;0;1;0;1;1;0;1;0;1;1;0
15,ward.D2,euclidean,cut,3,0;0;0;1;0;1;1;0;0;1;2;0;2;2;0;2;0;2;2;0
15,ward.D2,euclidean,cut,4,0;0;0;1;0;1;1;0;0;1;2;0;3;2;0;2;0;2;3;0
15,ward.D2,euclidean,cut,5,0;0;0;1;0;2;2;0;0;1;3;0;4;3;0;3;0;3;4;0
15,ward.D2,euclidean,cut,6,0;0;0;1;0;2;2;3;0;1;4;3;5;4;0;4;0;4;5;3
15,single,euclidean,height,0,0.072761509956276463
15,single,euclidean,height,1,0.102357258938706439
15,single,euclidean,height,2,0.108947578859525135
15,single,euclidean,height,3,0.168477232265824728
15,single,euclidean,height,4,0.245331847051698748
15,single,euclidean,height,5,0.250678276770647246
15,single,euclidean,height,6,0.251828236883716472
15,single,euclidean,height,7,0.352554000513108923
15,single,euclidean,height,8,0.374138071322874466
15,single,euclidean,height,9,0.411839365458926854
15,single,euclidean,height,10,0.423025250747539661
15,single,euclidean,height,11,0.427689096244315115
15,single,euclidean,height,12,0.519793102953105435
15,single,euclidean,height,13,0.520695199067891190
15,single,euclidean,height,14,0.554802860865139080
15,single,euclidean,height,15,0.568521364840763432
15,single,euclidean,height,16,0.606396916910875272
15,single,euclidean,height,17,0.614340972473864322
15,single,euclidean,height,18,0.623491244564598368
15,single,euclidean,cut,2,0;0;0;0;0;0;0;0;0;0;0;0;0;0;0;0;0;0;0;1
15,single,euclidean,cut,3,0;0;0;1;0;0;0;0;0;1;0;0;0;0;0;0;0;0;0;2
15,single,euclidean,cut,4,0;0;0;1;0;2;2;0;0;1;0;0;0;0;0;0;0;0;0;3
15,single,euclidean,cut,5,0;0;0;1;0;2;2;0;0;1;3;0;3;3;0;3;0;3;3;4
15,single,euclidean,cut,6,0;0;0;1;0;2;3;0;0;1;4;0;4;4;0;4;0;4;4;5
15,centroid,euclidean,height,0,0.072761509956276463
15,centroid,euclidean,height,1,0.102357258938706439
15,centroid,euclidean,height,2,0.134940993451212465
15,centroid,euclidean,height,3,0.168477232265824728
15,centroid,euclidean,height,4,0.250678276770647246
15,centroid,euclidean,height,5,0.251828236883716472
15,centroid,euclidean,height,6,0.273112573889674914
15,centroid,euclidean,height,7,0.374138071322874466
15,centroid,euclidean,height,8,0.414102483493195728
15,centroid,euclidean,height,9,0.528552698903492324
15,centroid,euclidean,height,10,0.554802860865139080
15,centroid,euclidean,height,11,0.642213285070365014
15,centroid,euclidean,height,12,0.668458984161400371
15,centroid,euclidean,height,13,0.632177089543467519
15,centroid,euclidean,height,14,0.794117336190602874
15,centroid,euclidean,height,15,0.955148715789373548
15,centroid,euclidean,height,16,1.205506095647430831
15,centroid,euclidean,height,17,1.144982695553348195
15,centroid,euclidean,height,18,1.650097671238777153
15,centroid,euclidean,cut,2,0;0;0;0;0;1;1;0;0;0;0;0;0;0;0;0;0;0;0;0
15,centroid,euclidean,cut,3,0;0;0;0;0;1;1;0;0;0;2;0;2;2;0;2;0;2;2;2
15,centroid,euclidean,cut,4,0;0;0;0;0;1;1;0;0;0;2;0;3;2;0;2;0;2;3;2
15,centroid,euclidean,cut,5,0;0;0;1;0;2;2;0;0;1;3;0;4;3;0;3;0;3;4;3
15,centroid,euclidean,cut,6,0;0;0;1;0;2;2;0;0;1;3;0;4;3;0;3;0;3;4;5
15,average,manhattan,height,0,0.085182570680842451
15,average,manhattan,height,1,0.137402158549569442
15,average,manhattan,height,2,0.176818475944116010
15,average,manhattan,height,3,0.235310060414022970
15,average,manhattan,height,4,0.296063292055147476
15,average,manhattan,height,5,0.334466740197864709
15,average,manhattan,height,6,0.355048212863734225
15,average,manhattan,height,7,0.472639978816675521
15,average,manhattan,height,8,0.516877262915651614
15,average,manhattan,height,9,0.681262350585555176
15,average,manhattan,height,10,0.681692798244146747
15,average,manhattan,height,11,0.774188565191659350
15,average,manhattan,height,12,0.893087053567681588
15,average,manhattan,height,13,0.972659396235677431
15,average,manhattan,height,14,1.003435001363370160
15,average,manhattan,height,15,1.281858029515499764
15,average,manhattan,height,16,1.329099632570407197
15,average,manhattan,height,17,1.531286051094567835
15,average,manhattan,height,18,1.954460972486651960
15,average,manhattan,cut,2,0;0;0;0;0;0;0;0;0;0;1;0;1;1;0;1;0;1;1;0
15,average,manhattan,cut,3,0;0;1;1;0;1;1;0;0;1;2;0;2;2;0;2;0;2;2;0
15,average,manhattan,cut,4,0;0;1;2;0;1;1;0;0;2;3;0;3;3;0;3;0;3;3;0
15,average,manhattan,cut,5,0;0;1;2;0;1;1;0;0;2;3;0;4;3;0;3;0;3;4;0
15,average,manhattan,cut,6,0;0;1;2;0;1;1;3;0;2;4;3;5;4;0;4;0;4;5;3
15,complete,manhattan,height,0,0.085182570680842451
15,complete,manhattan,height,1,0.137402158549569442
15,complete,manhattan,height,2,0.199592714355146250
15,complete,manhattan,height,3,0.235310060414022970
15,complete,manhattan,height,4,0.296063292055147476
15,complete,manhattan,height,5,0.355048212863734225
15,complete,manhattan,height,6,0.374719523049142189
15,complete,manhattan,height,7,0.472639978816675521
15,complete,manhattan,height,8,0.545740753324981509
15,complete,manhattan,height,9,0.681262350585555176
15,complete,manhattan,height,10,0.891994492484927459
15,complete,manhattan,height,11,0.908552291778706889
15,complete,manhattan,height,12,1.005734048466549568
15,complete,manhattan,height,13,1.233099433169649206
15,complete,manhattan,height,14,1.445540892184741466
15,complete,manhattan,height,15,1.832092575687849445
15,complete,manhattan,height,16,2.133119396404733692
15,complete,manhattan,height,17,2.574316348740393501
15,complete,manhattan,height,18,3.763966537608760099
15,complete,manhattan,cut,2,0;0;0;0;0;0;0;0;0;0;1;0;1;1;0;1;0;1;1;0
15,complete,manhattan,cut,3,0;0;1;1;0;1;1;0;0;1;2;0;2;2;0;2;0;2;2;0
15,complete,manhattan,cut,4,0;0;1;2;0;1;1;0;0;2;3;0;3;3;0;3;0;3;3;0
15,complete,manhattan,cut,5,0;0;1;2;0;1;1;0;0;2;3;0;4;3;0;3;0;3;4;0
15,complete,manhattan,cut,6,0;0;1;2;0;1;1;0;0;2;3;0;4;3;5;3;5;3;4;5
15,ward.D2,manhattan,height,0,0.085182570680842451
15,ward.D2,manhattan,height,1,0.137402158549569442
15,ward.D2,manhattan,height,2,0.189959999567916482
15,ward.D2,manhattan,height,3,0.235310060414022970
15,ward.D2,manhattan,height,4,0.296063292055147476
15,ward.D2,manhattan,height,5,0.355048212863734225
15,ward.D2,manhattan,height,6,0.394329971315711070
15,ward.D2,manhattan,height,7,0.472639978816675521
15,ward.D2,manhattan,height,8,0.590643682698406725
15,ward.D2,manhattan,height,9,0.681262350585555176
15,ward.D2,manhattan,height,10,0.917409217921139386
15,ward.D2,manhattan,height,11,1.031248101574141485
15,ward.D2,manhattan,height,12,1.069532645938611637
15,ward.D2,manhattan,height,13,1.094145460373761036
15,ward.D2,manhattan,height,14,1.785709531624321444
15,ward.D2,manhattan,height,15,2.028225074019279539
15,ward.D2,manhattan,height,16,2.049654145469453237
15,ward.D2,manhattan,height,17,3.293683199689589003
15,ward.D2,manhattan,height,18,5.038246035821327240
15,ward.D2,manhattan,cut,2,0;0;0;0;0;0;0;0;0;0;1;0;1;1;0;1;0;1;1;0
15,ward.D2,manhattan,cut,3,0;0;1;1;0;1;1;0;0;1;2;0;2;2;0;2;0;2;2;0
15,ward.D2,manhattan,cut,4,0;0;1;1;0;1;1;0;0;1;2;0;3;2;0;2;0;2;3;0
15,ward.D2,manhattan,cut,5,0;0;1;2;0;1;1;0;0;2;3;0;4;3;0;3;0;3;4;0
15,ward.D2,manhattan,cut,6,0;0;1;2;0;1;1;3;0;2;4;3;5;4;0;4;0;4;5;3
15,single,manhattan,height,0,0.085182570680842451
15,single,manhattan,height,1,0.137402158549569442
15,single,manhattan,height,2,0.154044237533085770
15,single,manhattan,height,3,0.235310060414022970
15,single,manhattan,height,4,0.296063292055147476
15,single,manhattan,height,5,0.299509651317370340
15,single,manhattan,height,6,0.355048212863734225
15,single,manhattan,height,7,0.472639978816675521
15,single,manhattan,height,8,0.479880704476380371
15,single,manhattan,height,9,0.488013772506321719
15,single,manhattan,height,10,0.517985510136694804
15,single,manhattan,height,11,0.590643682698406725
15,single,manhattan,height,12,0.623638691078903351
15,single,manhattan,height,13,0.676635390899303357
15,single,manhattan,height,14,0.681262350585555176
15,single,manhattan,height,15,0.683419993528541880
15,single,manhattan,height,16,0.712219359301705657
15,single,manhattan,height,17,0.751647135067784800
15,single,manhattan,height,18,0.762733586008748188
15,single,manhattan,cut,2,0;0;0;0;0;0;0;0;0;0;0;0;0;0;0;0;0;0;0;1
15,single,manhattan,cut,3,0;0;0;0;0;0;0;0;0;0;1;0;1;1;0;1;0;1;1;2
15,single,manhattan,cut,4,0;0;0;0;0;0;1;0;0;0;2;0;2;2;0;2;0;2;2;3
15,single,manhattan,cut,5,0;0;0;0;0;0;1;0;0;0;2;0;3;2;0;2;0;2;3;4
15,single,manhattan,cut,6,0;0;0;0;0;1;2;0;0;0;3;0;4;3;0;3;0;3;4;5
15,centroid,manhattan,height,0,0.085182570680842451
15,centroid,manhattan,height,1,0.137402158549569442
15,centroid,manhattan,height,2,0.164510185328696684
15,centroid,manhattan,height,3,0.235310060414022970
15,centroid,manhattan,height,4,0.296063292055147476
15,centroid,manhattan,height,5,0.321969073336606348
15,centroid,manhattan,height,6,0.355048212863734225
15,centroid,manhattan,height,7,0.472639978816675521
15,centroid,manhattan,height,8,0.515927503057198922
15,centroid,manhattan,height,9,0.654952311449595426
15,centroid,manhattan,height,10,0.681262350585555176
15,centroid,manhattan,height,11,0.746365139335863681
15,centroid,manhattan,height,12,0.886478513827284265
15,centroid,manhattan,height,13,0.947557764119096868
15,centroid,manhattan,height,14,1.032360414508827207
15,centroid,manhattan,height,15,1.255151701395111452
15,centroid,manhattan,height,16,1.309213655672829102
15,centroid,manhattan,height,17,1.299046172641228791
15,centroid,manhattan,height,18,1.738360034406721377
15,centroid,manhattan,cut,2,0;0;0;0;0;0;0;0;0;0;1;0;1;1;0;1;0;1;1;0
15,centroid,manhattan,cut,3,0;0;1;1;0;1;1;0;0;1;2;0;2;2;0;2;0;2;2;0
15,centroid,manhattan,cut,4,0;0;1;2;0;1;1;0;0;2;3;0;3;3;0;3;0;3;3;0
15,centroid,manhattan,cut,5,0;0;1;2;0;1;1;0;0;2;3;0;4;3;0;3;0;3;4;0
15,centroid,manhattan,cut,6,0;0;1;2;0;1;1;0;0;2;3;0;4;3;0;3;0;3;4;5
16,average,euclidean,height,0,0.12133639438423528
16,average,euclidean,height,1,0.18306478476273680
16,average,euclidean,height,2,0.18456173483398461
16,average,euclidean,height,3,0.18644451150643865
16,average,euclidean,height,4,0.21311299791217522
16,average,euclidean,height,5,0.23646669989934921
16,average,euclidean,height,6,0.26285565507281405
16,average,euclidean,height,7,0.41174780789634924
16,average,euclidean,height,8,0.56319110042652931
16,average,euclidean,height,9,0.57426123554514064
16,average,euclidean,height,10,0.58058827382873446
16,average,euclidean,height,11,0.67002166585283518
16,average,euclidean,height,12,0.75462781837515525
16,average,euclidean,height,13,0.86033742398353774
16,average,euclidean,height,14,0.91252579099481301
16,average,euclidean,height,15,1.02363955505062676
16,average,euclidean,height,16,1.11611813221554490
16,average,euclidean,height,17,1.70647633831068379
16,average,euclidean,height,18,2.11333690110702443
16,average,euclidean,cut,2,0;0;0;0;0;0;0;0;0;0;1;1;1;0;1;1;0;1;1;1
16,average,euclidean,cut,3,0;0;0;0;0;0;0;0;0;0;1;1;2;0;1;1;0;1;1;2
16,average,euclidean,cut,4,0;0;0;0;0;0;1;0;0;0;2;2;3;1;2;2;0;2;2;3
16,average,euclidean,cut,5,0;0;0;0;0;0;1;0;0;0;2;3;4;1;2;2;0;3;2;4
16,average,euclidean,cut,6,0;1;0;0;0;0;2;0;0;0;3;4;5;2;3;3;0;4;3;5
16,complete,euclidean,height,0,0.12133639438423528
16,complete,euclidean,height,1,0.18456173483398461
16,complete,euclidean,height,2,0.18644451150643865
16,complete,euclidean,height,3,0.21918214683304091
16,complete,euclidean,height,4,0.23666046118533154
16,complete,euclidean,height,5,0.25934433457674894
16,complete,euclidean,height,6,0.26285565507281405
16,complete,euclidean,height,7,0.47392404304961977
16,complete,euclidean,height,8,0.57426123554514064
16,complete,euclidean,height,9,0.63194451776913196
16,complete,euclidean,height,10,0.69953293243549952
16,complete,euclidean,height,11,0.75426864527813275
16,complete,euclidean,height,12,0.86033742398353774
16,complete,euclidean,height,13,0.97607518857685804
16,complete,euclidean,height,14,1.16530834794830107
16,complete,euclidean,height,15,1.24749014234306088
16,complete,euclidean,height,16,1.66787325533956432
16,complete,euclidean,height,17,2.37606519800544058
16,complete,euclidean,height,18,4.17784281322037376
16,complete,euclidean,cut,2,0;0;0;0;0;0;0;0;0;0;1;1;1;1;1;1;0;1;1;1
16,complete,euclidean,cut,3,0;0;0;0;0;0;0;0;0;0;1;1;2;1;1;1;0;1;1;2
16,complete,euclidean,cut,4,0;0;0;0;0;0;0;0;0;0;1;2;3;1;1;1;0;2;1;3
16,complete,euclidean,cut,5,0;1;1;0;0;0;1;0;0;1;2;3;4;2;2;2;1;3;2;4
16,complete,euclidean,cut,6,0;1;2;0;0;0;2;0;0;2;3;4;5;3;3;3;2;4;3;5
16,ward.D2,euclidean,height,0,0.12133639438423528
16,ward.D2,euclidean,height,1,0.18456173483398461
16,ward.D2,euclidean,height,2,0.18644451150643865
16,ward.D2,euclidean,height,3,0.20375327927865089
16,ward.D2,euclidean,height,4,0.22347520194862169
16,ward.D2,euclidean,height,5,0.25232121686982728
16,ward.D2,euclidean,height,6,0.26285565507281405
16,ward.D2,euclidean,height,7,0.46404529193256611
16,ward.D2,euclidean,height,8,0.57426123554514064
16,ward.D2,euclidean,height,9,0.63985546909204993
16,ward.D2,euclidean,height,10,0.81150412456351817
16,ward.D2,euclidean,height,11,0.86033742398353774
16,ward.D2,euclidean,height,12,0.89645890718185051
16,ward.D2,euclidean,height,13,0.90910100114751879
16,ward.D2,euclidean,height,14,1.15485062916594816
16,ward.D2,euclidean,height,15,1.32119863803885340
16,ward.D2,euclidean,height,16,1.73797790239596894
16,ward.D2,euclidean,height,17,2.95101389711892104
16,ward.D2,euclidean,height,18,6.29499941512390926
16,ward.D2,euclidean,cut,2,0;0;0;0;0;0;0;0;0;0;1;1;1;1;1;1;0;1;1;1
16,ward.D2,euclidean,cut,3,0;0;0;0;0;0;0;0;0;0;1;1;2;1;1;1;0;1;1;2
16,ward.D2,euclidean,cut,4,0;0;0;0;0;0;0;0;0;0;1;2;3;1;1;1;0;2;1;3
16,ward.D2,euclidean,cut,5,0;1;1;0;0;0;1;0;0;1;2;3;4;2;2;2;1;3;2;4
16,ward.D2,euclidean,cut,6,0;1;2;0;0;0;2;0;0;2;3;4;5;3;3;3;2;4;3;5
16,single,euclidean,height,0,0.12133639438423528
16,single,euclidean,height,1,0.14694742269243272
16,single,euclidean,height,2,0.18456173483398461
16,single,euclidean,height,3,0.18644451150643865
16,single,euclidean,height,4,0.18956553463901890
16,single,euclidean,height,5,0.21358906522194951
16,single,euclidean,height,6,0.25002527129543800
16,single,euclidean,height,7,0.26285565507281405
16,single,euclidean,height,8,0.28310854934228596
16,single,euclidean,height,9,0.36462254259515015
16,single,euclidean,height,10,0.40391051088435465
16,single,euclidean,height,11,0.56134655672367029
16,single,euclidean,height,12,0.57426123554514064
16,single,euclidean,height,13,0.57548221716500858
16,single,euclidean,height,14,0.59382129231429570
16,single,euclidean,height,15,0.75462781837515525
16,single,euclidean,height,16,0.84481983131965610
16,single,euclidean,height,17,0.86033742398353774
16,single,euclidean,height,18,1.06288496451849235
16,single,euclidean,cut,2,0;0;0;0;0;0;0;0;0;0;0;0;1;0;0;0;0;0;0;1
16,single,euclidean,cut,3,0;0;0;0;0;0;0;0;0;0;0;0;1;0;0;0;0;2;0;1
16,single,euclidean,cut,4,0;0;0;0;0;0;0;0;0;0;0;1;2;0;0;0;0;3;0;2
16,single,euclidean,cut,5,0;0;0;0;0;0;0;0;0;0;1;2;3;1;1;1;0;4;1;3
16,single,euclidean,cut,6,0;1;0;0;0;0;0;0;0;0;2;3;4;2;2;2;0;5;2;4
16,centroid,euclidean,height,0,0.12133639438423528
16,centroid,euclidean,height,1,0.17645551595969713
16,centroid,euclidean,height,2,0.18456173483398461
16,centroid,euclidean,height,3,0.18644451150643865
16,centroid,euclidean,height,4,0.19353520200336408
16,centroid,euclidean,height,5,0.21851658372307312
16,centroid,euclidean,height,6,0.26285565507281405
16,centroid,euclidean,height,7,0.38855702372722967
16,centroid,euclidean,height,8,0.53380649951754255
16,centroid,euclidean,height,9,0.51586588737825256
16,centroid,euclidean,height,10,0.57426123554514064
16,centroid,euclidean,height,11,0.66259034311486009
16,centroid,euclidean,height,12,0.71870744669137676
16,centroid,euclidean,height,13,0.82769455992563434
16,centroid,euclidean,height,14,0.86033742398353774
16,centroid,euclidean,height,15,0.86891983775998660
16,centroid,euclidean,height,16,1.02820159318386684
16,centroid,euclidean,height,17,1.65623002837247202
16,centroid,euclidean,height,18,2.62820038348679175
16,centroid,euclidean,cut,2,0;0;0;0;0;0;0;0;0;0;0;0;1;0;0;0;0;0;0;1
16,centroid,euclidean,cut,3,0;0;0;0;0;0;0;0;0;0;1;1;2;1;1;1;0;1;1;2
16,centroid,euclidean,cut,4,0;0;0;0;0;0;0;0;0;0;1;2;3;1;1;1;0;2;1;3
16,centroid,euclidean,cut,5,0;1;0;0;0;0;0;0;0;0;2;3;4;2;2;2;0;3;2;4
16,centroid,euclidean,cut,6,0;1;0;0;0;0;0;0;0;0;2;3;4;2;2;2;0;5;2;4
16,average,manhattan,height,0,0.13889685113774064
16,average,manhattan,height,1,0.19066062238100240
16,average,manhattan,height,2,0.23755731027057544
16,average,manhattan,height,3,0.24936444283555864
16,average,manhattan,height,4,0.27943618622658684
16,average,manhattan,height,5,0.30514026372457181
16,average,manhattan,height,6,0.37161294478938045
16,average,manhattan,height,7,0.49299843254650655
16,average,manhattan,height,8,0.59579884762726709
16,average,manhattan,height,9,0.73462102373239135
16,average,manhattan,height,10,0.80783755448105787
16,average,manhattan,height,11,0.84092566944728653
16,average,manhattan,height,12,0.93544430077922103
16,average,manhattan,height,13,0.98061867563492711
16,average,manhattan,height,14,1.20401302738268390
16,average,manhattan,height,15,1.32452271344146455
16,average,manhattan,height,16,1.45309110712146894
16,average,manhattan,height,17,2.09160714941898584
16,average,manhattan,height,18,3.13882549503636854
16,average,manhattan,cut,2,0;0;0;0;0;0;0;0;0;0;0;0;1;0;0;0;0;0;0;1
16,average,manhattan,cut,3,0;0;0;0;0;0;0;0;0;0;1;1;2;0;1;1;0;1;1;2
16,average,manhattan,cut,4,0;0;0;0;0;0;1;0;0;0;2;2;3;1;2;2;0;2;2;3
16,average,manhattan,cut,5,0;0;0;0;0;0;1;0;0;0;2;2;3;1;2;2;0;4;2;3
16,average,manhattan,cut,6,0;0;0;0;0;0;1;0;0;0;2;3;4;1;2;2;0;5;2;4
16,complete,manhattan,height,0,0.13889685113774064
16,complete,manhattan,height,1,0.19066062238100240
16,complete,manhattan,height,2,0.23755731027057544
16,complete,manhattan,height,3,0.29759551107874582
16,complete,manhattan,height,4,0.29974476128521138
16,complete,manhattan,height,5,0.36046966742490200
16,complete,manhattan,height,6,0.37161294478938045
16,complete,manhattan,height,7,0.51035420856438252
16,complete,manhattan,height,8,0.80783755448105787
16,complete,manhattan,height,9,0.84092566944728653
16,complete,manhattan,height,10,0.86251601242869802
16,complete,manhattan,height,11,1.04127459784771581
16,complete,manhattan,height,12,1.10219133783024814
16,complete,manhattan,height,13,1.21339359212821662
16,complete,manhattan,height,14,1.48718265188608201
16,complete,manhattan,height,15,1.68935346363782690
16,complete,manhattan,height,16,2.38233620255682466
16,complete,manhattan,height,17,2.98315970922860840
16,complete,manhattan,height,18,4.45236323409651735
16,complete,manhattan,cut,2,0;0;0;0;0;0;0;0;0;0;1;1;1;0;1;1;0;1;1;1
16,complete,manhattan,cut,3,0;0;0;0;0;0;0;0;0;0;1;1;2;0;1;1;0;1;1;2
16,complete,manhattan,cut,4,0;0;0;0;0;0;1;0;0;0;2;2;3;1;2;2;0;2;2;3
16,complete,manhattan,cut,5,0;1;1;0;0;0;2;0;0;1;3;3;4;2;3;3;1;3;3;4
16,complete,manhattan,cut,6,0;1;1;0;0;0;2;0;0;1;3;4;5;2;3;3;1;4;3;5
16,ward.D2,manhattan,height,0,0.13889685113774064
16,ward.D2,manhattan,height,1,0.19066062238100240
16,ward.D2,manhattan,height,2,0.23755731027057544
16,ward.D2,manhattan,height,3,0.28260152871438871
16,ward.D2,manhattan,height,4,0.29281615241466979
16,ward.D2,manhattan,height,5,0.34075221736242611
16,ward.D2,manhattan,height,6,0.37161294478938045
16,ward.D2,manhattan,height,7,0.54300455736823272
16,ward.D2,manhattan,height,8,0.80783755448105787
16,ward.D2,manhattan,height,9,0.84021978636185857
16,ward.D2,manhattan,height,10,1.02094008051340546
16,ward.D2,manhattan,height,11,1.03519769148089180
16,ward.D2,manhattan,height,12,1.21339359212821662
16,ward.D2,manhattan,height,13,1.24058113112115098
16,ward.D2,manhattan,height,14,1.32405147533579703
16,ward.D2,manhattan,height,15,1.89602581741958787
16,ward.D2,manhattan,height,16,2.19688848811203830
16,ward.D2,manhattan,height,17,3.62911158691398850
16,ward.D2,manhattan,height,18,7.18773341472424487
16,ward.D2,manhattan,cut,2,0;0;0;0;0;0;0;0;0;0;1;1;1;1;1;1;0;1;1;1
16,ward.D2,manhattan,cut,3,0;0;0;0;0;0;0;0;0;0;1;1;2;1;1;1;0;1;1;2
16,ward.D2,manhattan,cut,4,0;0;0;0;0;0;0;0;0;0;1;2;3;1;1;1;0;2;1;3
16,ward.D2,manhattan,cut,5,0;1;1;0;0;0;1;0;0;1;2;3;4;2;2;2;1;3;2;4
16,ward.D2,manhattan,cut,6,0;1;2;0;0;0;2;0;0;2;3;4;5;3;3;3;2;4;3;5
16,single,manhattan,height,0,0.13889685113774064
16,single,manhattan,height,1,0.19066062238100240
16,single,manhattan,height,2,0.19898412438590590
16,single,manhattan,height,3,0.23755731027057544
16,single,manhattan,height,4,0.24981086002424169
16,single,manhattan,height,5,0.26127686137442785
16,single,manhattan,height,6,0.30149438976905879
16,single,manhattan,height,7,0.31420837869683987
16,single,manhattan,height,8,0.37161294478938045
16,single,manhattan,height,9,0.43818341563098478
16,single,manhattan,height,10,0.50086684473235588
16,single,manhattan,height,11,0.59579884762726709
16,single,manhattan,height,12,0.79146373782347412
16,single,manhattan,height,13,0.80370343587938198
16,single,manhattan,height,14,0.80783755448105787
16,single,manhattan,height,15,0.84092566944728653
16,single,manhattan,height,16,1.03398660197535963
16,single,manhattan,height,17,1.12363567779570661
16,single,manhattan,height,18,1.41260788516403468
16,single,manhattan,cut,2,0;0;0;0;0;0;0;0;0;0;0;0;1;0;0;0;0;0;0;1
16,single,manhattan,cut,3,0;0;0;0;0;0;0;0;0;0;0;0;1;0;0;0;0;2;0;1
16,single,manhattan,cut,4,0;0;0;0;0;0;0;0;0;0;0;1;2;0;0;0;0;3;0;2
16,single,manhattan,cut,5,0;0;0;0;0;0;0;0;0;0;1;2;3;1;1;1;0;4;1;3
16,single,manhattan,cut,6,0;0;0;0;0;0;0;0;0;0;1;2;3;1;1;1;0;4;1;5
16,centroid,manhattan,height,0,0.13889685113774064
16,centroid,manhattan,height,1,0.19066062238100240
16,centroid,manhattan,height,2,0.23755731027057544
16,centroid,manhattan,height,3,0.24474010301497809
16,centroid,manhattan,height,4,0.25358622662952013
16,centroid,manhattan,height,5,0.29510007663173787
16,centroid,manhattan,height,6,0.37161294478938045
16,centroid,manhattan,height,7,0.45147355956869029
16,centroid,manhattan,height,8,0.59579884762726709
16,centroid,manhattan,height,9,0.71332809562994459
16,centroid,manhattan,height,10,0.80783755448105787
16,centroid,manhattan,height,11,0.84092566944728653
16,centroid,manhattan,height,12,0.90050451683150790
16,centroid,manhattan,height,13,0.92777911224832033
16,centroid,manhattan,height,14,1.13402664385273200
16,centroid,manhattan,height,15,1.19380998060622168
16,centroid,manhattan,height,16,1.37920377010583706
16,centroid,manhattan,height,17,1.94396526025783745
16,centroid,manhattan,height,18,3.01769357341427336
16,centroid,manhattan,cut,2,0;0;0;0;0;0;0;0;0;0;0;0;1;0;0;0;0;0;0;1
16,centroid,manhattan,cut,3,0;0;0;0;0;0;0;0;0;0;1;1;2;0;1;1;0;1;1;2
16,centroid,manhattan,cut,4,0;0;0;0;0;0;1;0;0;0;2;2;3;1;2;2;0;2;2;3
16,centroid,manhattan,cut,5,0;0;0;0;0;0;1;0;0;0;2;2;3;1;2;2;0;4;2;3
16,centroid,manhattan,cut,6,0;0;0;0;0;0;1;0;0;0;2;3;4;1;2;2;0;5;2;4
17,average,euclidean,height,0,0.044192078279415507
17,average,euclidean,height,1,0.097468228072964361
17,average,euclidean,height,2,0.155109153670388078
17,average,euclidean,height,3,0.191536047930494169
17,average,euclidean,height,4,0.238953371798214437
17,average,euclidean,height,5,0.249227346016572565
17,average,euclidean,height,6,0.267882053766339223
17,average,euclidean,height,7,0.375769414070303065
17,average,euclidean,height,8,0.387017616144805676
17,average,euclidean,height,9,0.387573130496210283
17,average,euclidean,height,10,0.426058952081702191
17,average,euclidean,height,11,0.521687077734233839
17,average,euclidean,height,12,0.559688983802201778
17,average,euclidean,height,13,0.625618617579499103
17,average,euclidean,height,14,0.637461710284471406
17,average,euclidean,height,15,0.648159557799802610
17,average,euclidean,height,16,0.775212622491182279
17,average,euclidean,height,17,1.128398482318286877
17,average,euclidean,height,18,1.661947138383114364
17,average,euclidean,cut,2,0;0;0;0;0;0;0;0;0;0;1;1;1;1;1;0;1;0;1;1
17,average,euclidean,cut,3,0;0;1;0;1;0;1;1;1;1;2;2;2;2;2;0;2;1;2;2
17,average,euclidean,cut,4,0;0;1;0;2;0;1;1;2;2;3;3;3;3;3;0;3;1;3;3
17,average,euclidean,cut,5,0;0;1;0;2;0;1;1;2;2;3;4;3;3;3;0;4;1;3;3
17,average,euclidean,cut,6,0;0;1;0;2;0;1;3;2;2;4;5;4;4;4;0;5;1;4;4
17,complete,euclidean,height,0,0.044192078279415507
17,complete,euclidean,height,1,0.097468228072964361
17,complete,euclidean,height,2,0.155109153670388078
17,complete,euclidean,height,3,0.191536047930494169
17,complete,euclidean,height,4,0.238953371798214437
17,complete,euclidean,height,5,0.249227346016572565
17,complete,euclidean,height,6,0.267882053766339223
17,complete,euclidean,height,7,0.402907630967430985
17,complete,euclidean,height,8,0.419979728318305767
17,complete,euclidean,height,9,0.432905912302916529
17,complete,euclidean,height,10,0.448424193152276607
17,complete,euclidean,height,11,0.661262599782995952
17,complete,euclidean,height,12,0.716221335904432266
17,complete,euclidean,height,13,0.765253391002790884
17,complete,euclidean,height,14,0.796696497820111094
17,complete,euclidean,height,15,0.976468007420276618
17,complete,euclidean,height,16,1.020592962925811031
17,complete,euclidean,height,17,1.800249810028115016
17,complete,euclidean,height,18,2.842772522611507036
17,complete,euclidean,cut,2,0;0;1;0;1;0;1;1;1;1;0;0;0;0;0;0;0;1;0;0
17,complete,euclidean,cut,3,0;0;1;0;1;0;1;1;1;1;2;2;2;2;2;0;2;1;2;2
17,complete,euclidean,cut,4,0;0;1;0;2;0;1;1;2;2;3;3;3;3;3;0;3;1;3;3
17,complete,euclidean,cut,5,0;0;1;0;2;0;1;1;2;2;3;4;4;4;3;0;4;1;4;3
17,complete,euclidean,cut,6,0;0;1;0;2;0;1;1;2;2;3;4;5;5;3;0;4;1;5;3
17,ward.D2,euclidean,height,0,0.044192078279415507
17,ward.D2,euclidean,height,1,0.097468228072964361
17,ward.D2,euclidean,height,2,0.155109153670388078
17,ward.D2,euclidean,height,3,0.191536047930494169
17,ward.D2,euclidean,height,4,0.238953371798214437
17,ward.D2,euclidean,height,5,0.249227346016572565
17,ward.D2,euclidean,height,6,0.267882053766339223
17,ward.D2,euclidean,height,7,0.412518503724022711
17,ward.D2,euclidean,height,8,0.438758686131643427
17,ward.D2,euclidean,height,9,0.447153729630233254
17,ward.D2,euclidean,height,10,0.472297128285143752
17,ward.D2,euclidean,height,11,0.683895767620212758
17,ward.D2,euclidean,height,12,0.721382131059062570
17,ward.D2,euclidean,height,13,0.892985527910794108
17,ward.D2,euclidean,height,14,0.987335309055707877
17,ward.D2,euclidean,height,15,0.991699570983486933
17,ward.D2,euclidean,height,16,1.194357733711112646
17,ward.D2,euclidean,height,17,2.545326067840128825
17,ward.D2,euclidean,height,18,4.816727219539089333
17,ward.D2,euclidean,cut,2,0;0;0;0;0;0;0;0;0;0;1;1;1;1;1;0;1;0;1;1
17,ward.D2,euclidean,cut,3,0;0;1;0;1;0;1;0;1;1;2;2;2;2;2;0;2;1;2;2
17,ward.D2,euclidean,cut,4,0;0;1;0;2;0;1;0;2;2;3;3;3;3;3;0;3;1;3;3
17,ward.D2,euclidean,cut,5,0;0;1;0;2;0;1;0;2;2;3;4;3;3;3;0;4;1;3;3
17,ward.D2,euclidean,cut,6,0;0;1;0;2;3;1;0;2;2;4;5;4;4;4;3;5;1;4;4
17,single,euclidean,height,0,0.044192078279415507
17,single,euclidean,height,1,0.097468228072964361
17,single,euclidean,height,2,0.155109153670388078
17,single,euclidean,height,3,0.191536047930494169
17,single,euclidean,height,4,0.238953371798214437
17,single,euclidean,height,5,0.249227346016572565
17,single,euclidean,height,6,0.258491631325231841
17,single,euclidean,height,7,0.267882053766339223
17,single,euclidean,height,8,0.280778600699538694
17,single,euclidean,height,9,0.325611039137334801
17,single,euclidean,height,10,0.331559099822300307
17,single,euclidean,height,11,0.361168411592447391
17,single,euclidean,height,12,0.372238630024989581
17,single,euclidean,height,13,0.419211991860487798
17,single,euclidean,height,14,0.422666408274700311
17,single,euclidean,height,15,0.440259543762144989
17,single,euclidean,height,16,0.489782774689494937
17,single,euclidean,height,17,0.589974635376002254
17,single,euclidean,height,18,0.659241322001901442
17,single,euclidean,cut,2,0;0;0;0;0;0;0;0;0;0;1;1;1;1;1;0;1;0;1;1
17,single,euclidean,cut,3,0;0;0;0;0;0;0;0;1;1;2;2;2;2;2;0;2;0;2;2
17,single,euclidean,cut,4,0;0;0;0;1;0;0;0;2;2;3;3;3;3;3;0;3;0;3;3
17,single,euclidean,cut,5,0;0;1;0;2;0;1;0;3;3;4;4;4;4;4;0;4;1;4;4
17,single,euclidean,cut,6,0;0;1;0;2;0;1;0;3;3;4;5;4;4;4;0;5;1;4;4
17,centroid,euclidean,height,0,0.044192078279415507
17,centroid,euclidean,height,1,0.097468228072964361
17,centroid,euclidean,height,2,0.155109153670388078
17,centroid,euclidean,height,3,0.191536047930494169
17,centroid,euclidean,height,4,0.238953371798214437
17,centroid,euclidean,height,5,0.249227346016572565
17,centroid,euclidean,height,6,0.267882053766339223
17,centroid,euclidean,height,7,0.357251503756149225
17,centroid,euclidean,height,8,0.379976168321086272
17,centroid,euclidean,height,9,0.387246489256740489
17,centroid,euclidean,height,10,0.390315898712315090
17,centroid,euclidean,height,11,0.485688246504741628
17,centroid,euclidean,height,12,0.612234042648802768
17,centroid,euclidean,height,13,0.551011224811409961
17,centroid,euclidean,height,14,0.616001842353658513
17,centroid,euclidean,height,15,0.624735251333303432
17,centroid,euclidean,height,16,0.663976273190356570
17,centroid,euclidean,height,17,1.071782502684498928
17,centroid,euclidean,height,18,1.554592025374903930
17,centroid,euclidean,cut,2,0;0;0;0;0;0;0;0;0;0;1;1;1;1;1;0;1;0;1;1
17,centroid,euclidean,cut,3,0;0;1;0;1;0;1;1;1;1;2;2;2;2;2;0;2;1;2;2
17,centroid,euclidean,cut,4,0;0;1;0;2;0;1;1;2;2;3;3;3;3;3;0;3;1;3;3
17,centroid,euclidean,cut,5,0;0;1;0;2;0;1;1;3;3;4;4;4;4;4;0;4;1;4;4
17,centroid,euclidean,cut,6,0;0;1;0;2;0;1;3;4;4;5;5;5;5;5;0;5;1;5;5
17,average,manhattan,height,0,0.057459663477942749
17,average,manhattan,height,1,0.099169279910210628
17,average,manhattan,height,2,0.187477707776934593
17,average,manhattan,height,3,0.246614163009123588
17,average,manhattan,height,4,0.254177359879107001
17,average,manhattan,height,5,0.325052441136930936
17,average,manhattan,height,6,0.351797590620120837
17,average,manhattan,height,7,0.479411541964891330
17,average,manhattan,height,8,0.511848193744570690
17,average,manhattan,height,9,0.515659911599049336
17,average,manhattan,height,10,0.528230546272518309
17,average,manhattan,height,11,0.697503963070505884
17,average,manhattan,height,12,0.707435649799919131
17,average,manhattan,height,13,0.852801907817254956
17,average,manhattan,height,14,0.859445283689985406
17,average,manhattan,height,15,0.883351614105801430
17,average,manhattan,height,16,0.950733718184594179
17,average,manhattan,height,17,1.505549987746643836
17,average,manhattan,height,18,2.003890148063037113
17,average,manhattan,cut,2,0;0;0;0;0;0;0;0;0;0;1;1;1;1;1;0;1;0;1;1
17,average,manhattan,cut,3,0;0;1;0;1;0;1;1;1;1;2;2;2;2;2;0;2;1;2;2
17,average,manhattan,cut,4,0;0;1;0;2;0;1;1;2;2;3;3;3;3;3;0;3;1;3;3
17,average,manhattan,cut,5,0;0;1;0;2;0;1;1;3;3;4;4;4;4;4;0;4;1;4;4
17,average,manhattan,cut,6,0;0;1;0;2;0;1;1;3;3;4;5;4;4;4;0;5;1;4;4
17,complete,manhattan,height,0,0.057459663477942749
17,complete,manhattan,height,1,0.099169279910210628
17,complete,manhattan,height,2,0.187477707776934593
17,complete,manhattan,height,3,0.246614163009123588
17,complete,manhattan,height,4,0.254177359879107001
17,complete,manhattan,height,5,0.325052441136930936
17,complete,manhattan,height,6,0.351797590620120837
17,complete,manhattan,height,7,0.490216578276800208
17,complete,manhattan,height,8,0.524139111512475053
17,complete,manhattan,height,9,0.533565798356657739
17,complete,manhattan,height,10,0.571681268948221355
17,complete,manhattan,height,11,0.828016129087288166
17,complete,manhattan,height,12,0.932936254060906744
17,complete,manhattan,height,13,0.974139769961669622
17,complete,manhattan,height,14,1.188814779564972168
17,complete,manhattan,height,15,1.380840711698261059
17,complete,manhattan,height,16,1.907147807551439644
17,complete,manhattan,height,17,2.629749506254220659
17,complete,manhattan,height,18,3.163061343536159420
17,complete,manhattan,cut,2,0;0;0;0;0;0;0;0;0;0;1;1;1;1;1;0;1;0;1;1
17,complete,manhattan,cut,3,0;0;0;0;1;0;0;0;1;1;2;2;2;2;2;0;2;0;2;2
17,complete,manhattan,cut,4,0;0;0;0;1;2;0;0;1;1;3;3;3;3;3;2;3;0;3;3
17,complete,manhattan,cut,5,0;0;0;0;1;2;0;0;1;1;3;4;4;4;3;2;4;0;4;3
17,complete,manhattan,cut,6,0;0;1;0;2;3;1;0;2;2;4;5;5;5;4;3;5;1;5;4
17,ward.D2,manhattan,height,0,0.057459663477942749
17,ward.D2,manhattan,height,1,0.099169279910210628
17,ward.D2,manhattan,height,2,0.187477707776934593
17,ward.D2,manhattan,height,3,0.246614163009123588
17,ward.D2,manhattan,height,4,0.254177359879107001
17,ward.D2,manhattan,height,5,0.325052441136930936
17,ward.D2,manhattan,height,6,0.351797590620120837
17,ward.D2,manhattan,height,7,0.515120424997658088
17,ward.D2,manhattan,height,8,0.581766162142385634
17,ward.D2,manhattan,height,9,0.590270262244233734
17,ward.D2,manhattan,height,10,0.592063557805957319
17,ward.D2,manhattan,height,11,0.829598863448438806
17,ward.D2,manhattan,height,12,1.020006584386149662
17,ward.D2,manhattan,height,13,1.116384077042294809
17,ward.D2,manhattan,height,14,1.350330152506077575
17,ward.D2,manhattan,height,15,1.387920137720336955
17,ward.D2,manhattan,height,16,1.404821313279196682
17,ward.D2,manhattan,height,17,3.470678601400657648
17,ward.D2,manhattan,height,18,5.597510532736126088
17,ward.D2,manhattan,cut,2,0;0;0;0;0;0;0;0;0;0;1;1;1;1;1;0;1;0;1;1
17,ward.D2,manhattan,cut,3,0;0;1;0;1;0;1;0;1;1;2;2;2;2;2;0;2;1;2;2
17,ward.D2,manhattan,cut,4,0;0;1;0;2;0;1;0;2;2;3;3;3;3;3;0;3;1;3;3
17,ward.D2,manhattan,cut,5,0;0;1;0;2;3;1;0;2;2;4;4;4;4;4;3;4;1;4;4
17,ward.D2,manhattan,cut,6,0;0;1;0;2;3;1;0;2;2;4;5;4;4;4;3;5;1;4;4
17,single,manhattan,height,0,0.057459663477942749
17,single,manhattan,height,1,0.099169279910210628
17,single,manhattan,height,2,0.187477707776934593
17,single,manhattan,height,3,0.246614163009123588
17,single,manhattan,height,4,0.254177359879107001
17,single,manhattan,height,5,0.323758586213130695
17,single,manhattan,height,6,0.325052441136930936
17,single,manhattan,height,7,0.351797590620120837
17,single,manhattan,height,8,0.393280586849536429
17,single,manhattan,height,9,0.459638554249877318
17,single,manhattan,height,10,0.468606505652982508
17,single,manhattan,height,11,0.476218538467167385
17,single,manhattan,height,12,0.499557275976666326
17,single,manhattan,height,13,0.522895294188378768
17,single,manhattan,height,14,0.538297538922039021
17,single,manhattan,height,15,0.563971026190112412
17,single,manhattan,height,16,0.691412380183678121
17,single,manhattan,height,17,0.747183534238590075
17,single,manhattan,height,18,0.838720279690108761
17,single,manhattan,cut,2,0;0;0;0;0;0;0;0;0;0;1;1;1;1;1;0;1;0;1;1
17,single,manhattan,cut,3,0;0;0;0;0;0;0;0;1;1;2;2;2;2;2;0;2;0;2;2
17,single,manhattan,cut,4,0;0;0;0;1;0;0;0;2;2;3;3;3;3;3;0;3;0;3;3
17,single,manhattan,cut,5,0;0;0;0;1;0;0;0;2;2;3;4;3;3;3;0;4;0;3;3
17,single,manhattan,cut,6,0;0;1;0;2;0;1;0;3;3;4;5;4;4;4;0;5;1;4;4
17,centroid,manhattan,height,0,0.057459663477942749
17,centroid,manhattan,height,1,0.099169279910210628
17,centroid,manhattan,height,2,0.187477707776934593
17,centroid,manhattan,height,3,0.246614163009123588
17,centroid,manhattan,height,4,0.254177359879107001
17,centroid,manhattan,height,5,0.325052441136930936
17,centroid,manhattan,height,6,0.351797590620120837
17,centroid,manhattan,height,7,0.446107374056208483
17,centroid,manhattan,height,8,0.503824275477482653
17,centroid,manhattan,height,9,0.511189042202009003
17,centroid,manhattan,height,10,0.512742081714955500
17,centroid,manhattan,height,11,0.644544647399380666
17,centroid,manhattan,height,12,0.662981819900014369
17,centroid,manhattan,height,13,0.779613477044252434
17,centroid,manhattan,height,14,0.823183090134027351
17,centroid,manhattan,height,15,0.850195445295494734
17,centroid,manhattan,height,16,0.819801554266741506
17,centroid,manhattan,height,17,1.465372001448612016
17,centroid,manhattan,height,18,1.806588756125635520
17,centroid,manhattan,cut,2,0;0;0;0;0;0;0;0;0;0;1;1;1;1;1;0;1;0;1;1
17,centroid,manhattan,cut,3,0;0;1;0;1;0;1;1;1;1;2;2;2;2;2;0;2;1;2;2
17,centroid,manhattan,cut,4,0;0;1;0;1;0;1;1;2;2;3;3;3;3;3;0;3;1;3;3
17,centroid,manhattan,cut,5,0;0;1;0;2;0;1;1;3;3;4;4;4;4;4;0;4;1;4;4
17,centroid,manhattan,cut,6,0;0;1;0;2;0;1;3;4;4;5;5;5;5;5;0;5;1;5;5
18,average,euclidean,height,0,0.13481351346197035
18,average,euclidean,height,1,0.14679275629498520
18,average,euclidean,height,2,0.17481752427408426
18,average,euclidean,height,3,0.18882099096858057
18,average,euclidean,height,4,0.19165955789829198
18,average,euclidean,height,5,0.21279391330351816
18,average,euclidean,height,6,0.23809011594483648
18,average,euclidean,height,7,0.26553081787190086
18,average,euclidean,height,8,0.36161227846072225
18,average,euclidean,height,9,0.39512888927762391
18,average,euclidean,height,10,0.51589100544369570
18,average,euclidean,height,11,0.56620982415447407
18,average,euclidean,height,12,0.61413210529199236
18,average,euclidean,height,13,0.62541829853334763
18,average,euclidean,height,14,0.76100623282312885
18,average,euclidean,height,15,0.95063000821298904
18,average,euclidean,height,16,0.96360055968282199
18,average,euclidean,height,17,1.01758683561539098
18,average,euclidean,height,18,1.52717640001125465
18,average,euclidean,cut,2,0;1;0;1;0;0;0;0;0;0;1;1;1;1;1;1;1;1;1;0
18,average,euclidean,cut,3,0;1;0;1;0;0;0;0;0;0;1;2;2;1;1;1;1;1;1;0
18,average,euclidean,cut,4,0;1;0;1;2;0;2;2;0;2;1;3;3;1;1;1;1;1;1;2
18,average,euclidean,cut,5,0;1;0;1;2;0;2;2;0;2;1;3;3;1;4;1;4;1;1;2
18,average,euclidean,cut,6,0;1;0;1;2;0;2;2;0;2;1;3;3;1;4;1;4;1;1;5
18,complete,euclidean,height,0,0.13481351346197035
18,complete,euclidean,height,1,0.14679275629498520
18,complete,euclidean,height,2,0.17481752427408426
18,complete,euclidean,height,3,0.18882099096858057
18,complete,euclidean,height,4,0.19165955789829198
18,complete,euclidean,height,5,0.21279391330351816
18,complete,euclidean,height,6,0.23809011594483648
18,complete,euclidean,height,7,0.32981701773036332
18,complete,euclidean,height,8,0.36161227846072225
18,complete,euclidean,height,9,0.43511374519749557
18,complete,euclidean,height,10,0.60540943123893542
18,complete,euclidean,height,11,0.65610385586408593
18,complete,euclidean,height,12,0.78268206575340760
18,complete,euclidean,height,13,0.79747695077048864
18,complete,euclidean,height,14,0.91444745878420575
18,complete,euclidean,height,15,1.05787856016490811
18,complete,euclidean,height,16,1.45708541678539305
18,complete,euclidean,height,17,1.69944163060523201
18,complete,euclidean,height,18,2.97754734443222846
18,complete,euclidean,cut,2,0;1;0;1;0;0;0;0;0;0;1;1;1;1;1;1;1;1;1;0
18,complete,euclidean,cut,3,0;1;0;1;2;0;2;2;0;2;1;1;1;1;1;1;1;1;1;2
18,complete,euclidean,cut,4,0;1;0;1;2;0;2;2;0;2;1;3;3;1;3;1;3;1;1;2
18,complete,euclidean,cut,5,0;1;0;1;2;0;2;2;0;2;1;3;3;1;4;1;4;1;1;2
18,complete,euclidean,cut,6,0;1;0;1;2;0;2;2;0;2;1;3;3;1;4;1;4;1;1;5
18,ward.D2,euclidean,height,0,0.13481351346197035
18,ward.D2,euclidean,height,1,0.14679275629498520
18,ward.D2,euclidean,height,2,0.17481752427408426
18,ward.D2,euclidean,height,3,0.18882099096858057
18,ward.D2,euclidean,height,4,0.19165955789829198
18,ward.D2,euclidean,height,5,0.21279391330351816
18,ward.D2,euclidean,height,6,0.23809011594483648
18,ward.D2,euclidean,height,7,0.30386905602423125
18,ward.D2,euclidean,height,8,0.36161227846072225
18,ward.D2,euclidean,height,9,0.43511374519749557
18,ward.D2,euclidean,height,10,0.69075844856594804
18,ward.D2,euclidean,height,11,0.71770109971485196
18,ward.D2,euclidean,height,12,0.86520345330994697
18,ward.D2,euclidean,height,13,0.87869891168417558
18,ward.D2,euclidean,height,14,1.35491514733322349
18,ward.D2,euclidean,height,15,1.35816405921442129
18,ward.D2,euclidean,height,16,1.48494194120607026
18,ward.D2,euclidean,height,17,1.89642123743538815
18,ward.D2,euclidean,height,18,4.46462317608928050
18,ward.D2,euclidean,cut,2,0;1;0;1;0;0;0;0;0;0;1;1;1;1;1;1;1;1;1;1
18,ward.D2,euclidean,cut,3,0;1;0;1;0;0;0;0;0;0;1;2;2;1;2;1;2;1;1;1
18,ward.D2,euclidean,cut,4,0;1;0;1;2;0;2;2;0;2;1;3;3;1;3;1;3;1;1;1
18,ward.D2,euclidean,cut,5,0;1;0;2;3;0;3;3;0;3;1;4;4;1;4;2;4;1;2;2
18,ward.D2,euclidean,cut,6,0;1;0;2;3;0;3;3;0;3;1;4;4;1;5;2;5;1;2;2
18,single,euclidean,height,0,0.13481351346197035
18,single,euclidean,height,1,0.14679275629498520
18,single,euclidean,height,2,0.17481752427408426
18,single,euclidean,height,3,0.18882099096858057
18,single,euclidean,height,4,0.19165955789829198
18,single,euclidean,height,5,0.20124461801343840
18,single,euclidean,height,6,0.21279391330351816
18,single,euclidean,height,7,0.23809011594483648
18,single,euclidean,height,8,0.28969233398675925
18,single,euclidean,height,9,0.34923200079660349
18,single,euclidean,height,10,0.36161227846072225
18,single,euclidean,height,11,0.41781196050843966
18,single,euclidean,height,12,0.43511374519749557
18,single,euclidean,height,13,0.43582632483809913
18,single,euclidean,height,14,0.44513321564433345
18,single,euclidean,height,15,0.46730536369610892
18,single,euclidean,height,16,0.56624274263718388
18,single,euclidean,height,17,0.62709861044526838
18,single,euclidean,height,18,0.73944727522834020
18,single,euclidean,cut,2,0;0;0;0;0;0;0;0;0;0;0;1;1;0;0;0;0;0;0;0
18,single,euclidean,cut,3,0;0;0;0;0;0;0;0;0;0;0;1;1;0;0;0;0;0;0;2
18,single,euclidean,cut,4,0;1;0;1;1;0;1;1;0;1;1;2;2;1;1;1;1;1;1;3
18,single,euclidean,cut,5,0;1;2;1;1;0;1;1;2;1;1;3;3;1;1;1;1;1;1;4
18,single,euclidean,cut,6,0;1;2;1;1;0;1;1;2;1;1;3;3;1;4;1;4;1;1;5
18,centroid,euclidean,height,0,0.13481351346197035
18,centroid,euclidean,height,1,0.14679275629498520
18,centroid,euclidean,height,2,0.17481752427408426
18,centroid,euclidean,height,3,0.18882099096858057
18,centroid,euclidean,height,4,0.19165955789829198
18,centroid,euclidean,height,5,0.21279391330351816
18,centroid,euclidean,height,6,0.23809011594483648
18,centroid,euclidean,height,7,0.26315832194098110
18,centroid,euclidean,height,8,0.36161227846072225
18,centroid,euclidean,height,9,0.39124414437243138
18,centroid,euclidean,height,10,0.50749131447341433
18,centroid,euclidean,height,11,0.52717342539048173
18,centroid,euclidean,height,12,0.53696572426506717
18,centroid,euclidean,height,13,0.62133395907311983
18,centroid,euclidean,height,14,0.71867661186403631
18,centroid,euclidean,height,15,0.88619511068566337
18,centroid,euclidean,height,16,0.90881363144081106
18,centroid,euclidean,height,17,0.91001096279331672
18,centroid,euclidean,height,18,1.41067551417735304
18,centroid,euclidean,cut,2,0;1;0;1;0;0;0;0;0;0;1;1;1;1;1;1;1;1;1;0
18,centroid,euclidean,cut,3,0;1;0;1;0;0;0;0;0;0;1;2;2;1;1;1;1;1;1;0
18,centroid,euclidean,cut,4,0;1;0;1;0;0;0;0;0;0;1;2;2;1;3;1;3;1;1;0
18,centroid,euclidean,cut,5,0;1;0;1;2;0;2;2;0;2;1;3;3;1;4;1;4;1;1;2
18,centroid,euclidean,cut,6,0;1;0;1;2;0;2;2;0;2;1;3;3;1;4;1;4;1;1;5
18,average,manhattan,height,0,0.18687536387312981
18,average,manhattan,height,1,0.19810061895512646
18,average,manhattan,height,2,0.24113369413663718
18,average,manhattan,height,3,0.26348297873684134
18,average,manhattan,height,4,0.26499044901209012
18,average,manhattan,height,5,0.28000907854942175
18,average,manhattan,height,6,0.29716310847180305
18,average,manhattan,height,7,0.32849879086893452
18,average,manhattan,height,8,0.48639124146223300
18,average,manhattan,height,9,0.50094925306761118
18,average,manhattan,height,10,0.68403445482191572
18,average,manhattan,height,11,0.74901629022268656
18,average,manhattan,height,12,0.80260108812614117
18,average,manhattan,height,13,0.93774233471823276
18,average,manhattan,height,14,0.99956913326119046
18,average,manhattan,height,15,1.03002264685694511
18,average,manhattan,height,16,1.29196541740454829
18,average,manhattan,height,17,1.39508365090299513
18,average,manhattan,height,18,1.88777369838776155
18,average,manhattan,cut,2,0;1;0;1;0;0;1;0;0;1;1;1;1;1;1;1;1;1;1;1
18,average,manhattan,cut,3,0;1;0;1;0;0;1;0;0;1;1;2;2;1;1;1;1;1;1;1
18,average,manhattan,cut,4,0;1;0;2;0;0;2;0;0;2;1;3;3;1;1;2;1;1;2;2
18,average,manhattan,cut,5,0;1;0;2;0;0;2;0;0;2;1;3;3;1;4;2;4;1;2;2
18,average,manhattan,cut,6,0;1;0;2;3;0;2;3;0;2;1;4;4;1;5;2;5;1;2;2
18,complete,manhattan,height,0,0.18687536387312981
18,complete,manhattan,height,1,0.19810061895512646
18,complete,manhattan,height,2,0.24113369413663718
18,complete,manhattan,height,3,0.26348297873684134
18,complete,manhattan,height,4,0.26499044901209012
18,complete,manhattan,height,5,0.28000907854942175
18,complete,manhattan,height,6,0.32849879086893452
18,complete,manhattan,height,7,0.36084796653074791
18,complete,manhattan,height,8,0.48639124146223300
18,complete,manhattan,height,9,0.66519864850207844
18,complete,manhattan,height,10,0.82088821297425163
18,complete,manhattan,height,11,0.96988600101751465
18,complete,manhattan,height,12,0.97205006351695611
18,complete,manhattan,height,13,1.09022123188685316
18,complete,manhattan,height,14,1.14096601825512134
18,complete,manhattan,height,15,1.36343185214705609
18,complete,manhattan,height,16,1.75370093149034312
18,complete,manhattan,height,17,2.34260879382826559
18,complete,manhattan,height,18,3.18354279336241897
18,complete,manhattan,cut,2,0;1;0;1;0;0;0;0;0;0;1;1;1;1;1;1;1;1;1;1
18,complete,manhattan,cut,3,0;1;0;1;0;0;0;0;0;0;1;2;2;1;1;1;1;1;1;2
18,complete,manhattan,cut,4,0;1;0;1;0;0;0;0;0;0;1;2;2;1;3;1;3;1;1;2
18,complete,manhattan,cut,5,0;1;0;1;2;0;2;2;0;2;1;3;3;1;4;1;4;1;1;3
18,complete,manhattan,cut,6,0;1;0;1;2;0;2;2;0;2;1;3;3;1;4;1;4;1;1;5
18,ward.D2,manhattan,height,0,0.18687536387312981
18,ward.D2,manhattan,height,1,0.19810061895512646
18,ward.D2,manhattan,height,2,0.24113369413663718
18,ward.D2,manhattan,height,3,0.26348297873684134
18,ward.D2,manhattan,height,4,0.26499044901209012
18,ward.D2,manhattan,height,5,0.28000907854942175
18,ward.D2,manhattan,height,6,0.32849879086893452
18,ward.D2,manhattan,height,7,0.33176439506575844
18,ward.D2,manhattan,height,8,0.48639124146223300
18,ward.D2,manhattan,height,9,0.57844637221785455
18,ward.D2,manhattan,height,10,0.90245846081395598
18,ward.D2,manhattan,height,11,0.98101959603398547
18,ward.D2,manhattan,height,12,1.12283245485151095
18,ward.D2,manhattan,height,13,1.13818986977386860
18,ward.D2,manhattan,height,14,1.62614959416011740
18,ward.D2,manhattan,height,15,1.78797532778917390
18,ward.D2,manhattan,height,16,1.84479773148726522
18,ward.D2,manhattan,height,17,2.49000979972632752
18,ward.D2,manhattan,height,18,5.23902685586109484
18,ward.D2,manhattan,cut,2,0;1;0;1;0;0;0;0;0;0;1;1;1;1;1;1;1;1;1;1
18,ward.D2,manhattan,cut,3,0;1;0;2;0;0;0;0;0;0;1;2;2;1;1;2;1;1;2;2
18,ward.D2,manhattan,cut,4,0;1;0;2;3;0;3;3;0;3;1;2;2;1;1;2;1;1;2;2
18,ward.D2,manhattan,cut,5,0;1;0;2;3;0;3;3;0;3;1;4;4;1;1;2;1;1;2;2
18,ward.D2,manhattan,cut,6,0;1;0;2;3;0;3;3;0;3;1;4;4;1;5;2;5;1;2;2
18,single,manhattan,height,0,0.18687536387312981
18,single,manhattan,height,1,0.19810061895512646
18,single,manhattan,height,2,0.23347825041285819
18,single,manhattan,height,3,0.24113369413663718
18,single,manhattan,height,4,0.26348297873684134
18,single,manhattan,height,5,0.26499044901209012
18,single,manhattan,height,6,0.28000907854942175
18,single,manhattan,height,7,0.32849879086893452
18,single,manhattan,height,8,0.33669985763314392
18,single,manhattan,height,9,0.47777375246406428
18,single,manhattan,height,10,0.48456345930446804
18,single,manhattan,height,11,0.48513023130051658
18,single,manhattan,height,12,0.48639124146223300
18,single,manhattan,height,13,0.59061407980204150
18,single,manhattan,height,14,0.59190637183818751
18,single,manhattan,height,15,0.63531617523476780
18,single,manhattan,height,16,0.70438381520195403
18,single,manhattan,height,17,0.74468580222270464
18,single,manhattan,height,18,0.87597556924303133
18,single,manhattan,cut,2,0;0;0;0;0;0;0;0;0;0;0;1;1;0;0;0;0;0;0;0
18,single,manhattan,cut,3,0;0;0;0;0;0;0;0;0;0;0;1;1;0;0;0;0;0;0;2
18,single,manhattan,cut,4,0;1;0;1;1;0;1;1;0;1;1;2;2;1;1;1;1;1;1;3
18,single,manhattan,cut,5,0;1;2;1;1;0;1;1;2;1;1;3;3;1;1;1;1;1;1;4
18,single,manhattan,cut,6,0;1;2;1;1;0;1;1;2;1;1;3;3;1;4;1;4;1;1;5
18,centroid,manhattan,height,0,0.18687536387312981
18,centroid,manhattan,height,1,0.19810061895512646
18,centroid,manhattan,height,2,0.24113369413663718
18,centroid,manhattan,height,3,0.26348297873684134
18,centroid,manhattan,height,4,0.26499044901209012
18,centroid,manhattan,height,5,0.28000907854942175
18,centroid,manhattan,height,6,0.28731639419812349
18,centroid,manhattan,height,7,0.32849879086893452
18,centroid,manhattan,height,8,0.48639124146223300
18,centroid,manhattan,height,9,0.50094925306761118
18,centroid,manhattan,height,10,0.67645487546043936
18,centroid,manhattan,height,11,0.73685424768389329
18,centroid,manhattan,height,12,0.79396244296184149
18,centroid,manhattan,height,13,0.87429345395885394
18,centroid,manhattan,height,14,0.92257288025848583
18,centroid,manhattan,height,15,0.97672384746433516
18,centroid,manhattan,height,16,1.23390387244648103
18,centroid,manhattan,height,17,1.18553338154745935
18,centroid,manhattan,height,18,1.72006573688018327
18,centroid,manhattan,cut,2,0;1;0;1;0;0;1;0;0;1;1;1;1;1;1;1;1;1;1;1
18,centroid,manhattan,cut,3,0;1;0;1;0;0;1;0;0;1;1;2;2;1;2;1;2;1;1;1
18,centroid,manhattan,cut,4,0;1;0;1;0;0;1;0;0;1;1;2;2;1;3;1;3;1;1;1
18,centroid,manhattan,cut,5,0;1;0;2;0;0;2;0;0;2;1;3;3;1;4;2;4;1;2;2
18,centroid,manhattan,cut,6,0;1;0;2;3;0;2;3;0;2;1;4;4;1;5;2;5;1;2;2
19,average,euclidean,height,0,0.044864567818551984
19,average,euclidean,height,1,0.060443940301286719
19,average,euclidean,height,2,0.084353188730894743
19,average,euclidean,height,3,0.123502337995505862
19,average,euclidean,height,4,0.215884726945290817
19,average,euclidean,height,5,0.220216427466883219
19,average,euclidean,height,6,0.234235176277744872
19,average,euclidean,height,7,0.306424469179344461
19,average,euclidean,height,8,0.396308508654899083
19,average,euclidean,height,9,0.445251952596767531
19,average,euclidean,height,10,0.471790860068877049
19,average,euclidean,height,11,0.500727994905810991
19,average,euclidean,height,12,0.627458413705842877
19,average,euclidean,height,13,0.642718371035396974
19,average,euclidean,height,14,0.699452094266303392
19,average,euclidean,height,15,0.741926259547234457
19,average,euclidean,height,16,0.986925407381252451
19,average,euclidean,height,17,1.028594603912633243
19,average,euclidean,height,18,2.123191805390233444
19,average,euclidean,cut,2,0;0;0;0;0;0;0;0;0;0;1;1;1;1;1;1;1;1;1;1
19,average,euclidean,cut,3,0;1;1;0;0;0;0;0;0;0;2;2;2;2;2;2;2;2;2;2
19,average,euclidean,cut,4,0;1;1;0;0;0;0;0;0;0;2;3;2;2;2;3;2;3;2;2
19,average,euclidean,cut,5,0;1;1;0;0;0;0;0;0;0;2;3;2;2;2;3;2;3;4;4
19,average,euclidean,cut,6,0;1;1;2;2;0;0;2;2;0;3;4;3;3;3;4;3;4;5;5
19,complete,euclidean,height,0,0.044864567818551984
19,complete,euclidean,height,1,0.060443940301286719
19,complete,euclidean,height,2,0.084353188730894743
19,complete,euclidean,height,3,0.136063815631466689
19,complete,euclidean,height,4,0.215884726945290817
19,complete,euclidean,height,5,0.220216427466883219
19,complete,euclidean,height,6,0.246537446859263210
19,complete,euclidean,height,7,0.306424469179344461
19,complete,euclidean,height,8,0.428488620087841998
19,complete,euclidean,height,9,0.471790860068877049
19,complete,euclidean,height,10,0.521401427807776541
19,complete,euclidean,height,11,0.630317681574528055
19,complete,euclidean,height,12,0.656781622789534225
19,complete,euclidean,height,13,0.953481794578555863
19,complete,euclidean,height,14,1.006640479715316783
19,complete,euclidean,height,15,1.203704012230744080
19,complete,euclidean,height,16,1.350582404816402571
19,complete,euclidean,height,17,2.145816840326190800
19,complete,euclidean,height,18,3.327057156074531896
19,complete,euclidean,cut,2,0;0;0;0;0;0;0;0;0;0;1;1;1;1;1;1;1;0;1;1
19,complete,euclidean,cut,3,0;0;0;1;1;0;1;1;1;0;2;2;2;2;2;2;2;1;2;2
19,complete,euclidean,cut,4,0;0;0;1;1;0;2;1;1;0;3;3;3;3;3;3;3;2;3;3
19,complete,euclidean,cut,5,0;0;0;1;1;0;2;1;1;0;3;3;3;3;3;3;3;2;4;4
19,complete,euclidean,cut,6,0;1;1;2;2;0;3;2;2;0;4;4;4;4;4;4;4;3;5;5
19,ward.D2,euclidean,height,0,0.044864567818551984
19,ward.D2,euclidean,height,1,0.060443940301286719
19,ward.D2,euclidean,height,2,0.084353188730894743
19,ward.D2,euclidean,height,3,0.140984211169755014
19,ward.D2,euclidean,height,4,0.215884726945290817
19,ward.D2,euclidean,height,5,0.220216427466883219
19,ward.D2,euclidean,height,6,0.268586661836959006
19,ward.D2,euclidean,height,7,0.306424469179344461
19,ward.D2,euclidean,height,8,0.457261798908793149
19,ward.D2,euclidean,height,9,0.471790860068877049
19,ward.D2,euclidean,height,10,0.498122707329862524
19,ward.D2,euclidean,height,11,0.656781622789534225
19,ward.D2,euclidean,height,12,0.752920290801441627
19,ward.D2,euclidean,height,13,1.150050614109231928
19,ward.D2,euclidean,height,14,1.177959990775473198
19,ward.D2,euclidean,height,15,1.240642264272270978
19,ward.D2,euclidean,height,16,1.633913322826678449
19,ward.D2,euclidean,height,17,2.420064520751181725
19,ward.D2,euclidean,height,18,6.278871328353907266
19,ward.D2,euclidean,cut,2,0;0;0;0;0;0;1;0;0;0;1;1;1;1;1;1;1;1;1;1
19,ward.D2,euclidean,cut,3,0;0;0;0;0;0;1;0;0;0;2;1;2;2;2;1;2;1;2;2
19,ward.D2,euclidean,cut,4,0;0;0;1;1;0;2;1;1;0;3;2;3;3;3;2;3;2;3;3
19,ward.D2,euclidean,cut,5,0;1;1;2;2;0;3;2;2;0;4;3;4;4;4;3;4;3;4;4
19,ward.D2,euclidean,cut,6,0;1;1;2;2;0;3;2;2;0;4;3;4;4;4;3;4;3;5;5
19,single,euclidean,height,0,0.044864567818551984
19,single,euclidean,height,1,0.060443940301286719
19,single,euclidean,height,2,0.084353188730894743
19,single,euclidean,height,3,0.110940860359545035
19,single,euclidean,height,4,0.215884726945290817
19,single,euclidean,height,5,0.220216427466883219
19,single,euclidean,height,6,0.221932905696226535
19,single,euclidean,height,7,0.306424469179344461
19,single,euclidean,height,8,0.322276150870513922
19,single,euclidean,height,9,0.357133317066644640
19,single,euclidean,height,10,0.385865809894684164
19,single,euclidean,height,11,0.404902785597766102
19,single,euclidean,height,12,0.461982303026435004
19,single,euclidean,height,13,0.471790860068877049
19,single,euclidean,height,14,0.541855479187607236
19,single,euclidean,height,15,0.560029305917089326
19,single,euclidean,height,16,0.574887317191003389
19,single,euclidean,height,17,0.609179523922418809
19,single,euclidean,height,18,0.656781622789534225
19,single,euclidean,cut,2,0;0;0;0;0;0;0;0;0;0;1;1;1;1;1;1;1;1;1;1
19,single,euclidean,cut,3,0;1;1;0;0;0;0;0;0;0;2;2;2;2;2;2;2;2;2;2
19,single,euclidean,cut,4,0;1;1;2;2;0;2;2;2;0;3;3;3;3;3;3;3;3;3;3
19,single,euclidean,cut,5,0;1;1;2;2;0;2;2;2;0;3;3;3;3;3;3;3;4;3;3
19,single,euclidean,cut,6,0;1;1;2;2;0;2;2;2;0;3;4;3;3;3;4;3;5;3;3
19,centroid,euclidean,height,0,0.044864567818551984
19,centroid,euclidean,height,1,0.060443940301286719
19,centroid,euclidean,height,2,0.084353188730894743
19,centroid,euclidean,height,3,0.122095908405517636
19,centroid,euclidean,height,4,0.215884726945290817
19,centroid,euclidean,height,5,0.220216427466883219
19,centroid,euclidean,height,6,0.232602872268466904
19,centroid,euclidean,height,7,0.306424469179344461
19,centroid,euclidean,height,8,0.396000334035186363
19,centroid,euclidean,height,9,0.406715487417295130
19,centroid,euclidean,height,10,0.471790860068877049
19,centroid,euclidean,height,11,0.486007957882604813
19,centroid,euclidean,height,12,0.624926767191672505
19,centroid,euclidean,height,13,0.619804092460401357
19,centroid,euclidean,height,14,0.638962308844953086
19,centroid,euclidean,height,15,0.696890528672698739
19,centroid,euclidean,height,16,0.903446214526183677
19,centroid,euclidean,height,17,0.970562119476342411
19,centroid,euclidean,height,18,2.052669374150334125
19,centroid,euclidean,cut,2,0;0;0;0;0;0;0;0;0;0;1;1;1;1;1;1;1;1;1;1
19,centroid,euclidean,cut,3,0;1;1;0;0;0;0;0;0;0;2;2;2;2;2;2;2;2;2;2
19,centroid,euclidean,cut,4,0;1;1;0;0;0;0;0;0;0;2;3;2;2;2;3;2;3;2;2
19,centroid,euclidean,cut,5,0;1;1;0;0;0;0;0;0;0;2;3;2;2;2;3;2;3;4;4
19,centroid,euclidean,cut,6,0;1;1;0;0;0;0;0;0;0;2;3;2;2;2;3;2;4;5;5
19,average,manhattan,height,0,0.058772579378660927
19,average,manhattan,height,1,0.081428539846962050
19,average,manhattan,height,2,0.090343312811508952
19,average,manhattan,height,3,0.168662443376681265
19,average,manhattan,height,4,0.272209448237180518
19,average,manhattan,height,5,0.307434928412778974
19,average,manhattan,height,6,0.311433051762143920
19,average,manhattan,height,7,0.326843680123007907
19,average,manhattan,height,8,0.496323030065875415
19,average,manhattan,height,9,0.588947852298871588
19,average,manhattan,height,10,0.591746829554481990
19,average,manhattan,height,11,0.664644538942992469
19,average,manhattan,height,12,0.828823997650936173
19,average,manhattan,height,13,0.837845582632017694
19,average,manhattan,height,14,0.865267152535985962
19,average,manhattan,height,15,0.897265018890085697
19,average,manhattan,height,16,1.267160578849758412
19,average,manhattan,height,17,1.365277047071076444
19,average,manhattan,height,18,2.519331822212248717
19,average,manhattan,cut,2,0;0;0;0;0;0;0;0;0;0;1;1;1;1;1;1;1;1;1;1
19,average,manhattan,cut,3,0;1;1;0;0;0;0;0;0;0;2;2;2;2;2;2;2;2;2;2
19,average,manhattan,cut,4,0;1;1;0;0;0;0;0;0;0;2;3;2;2;2;3;2;3;2;2
19,average,manhattan,cut,5,0;1;1;0;0;0;0;0;0;0;2;3;2;2;2;3;2;3;4;4
19,average,manhattan,cut,6,0;1;1;0;0;0;2;0;0;0;3;4;3;3;3;4;3;4;5;5
19,complete,manhattan,height,0,0.058772579378660927
19,complete,manhattan,height,1,0.081428539846962050
19,complete,manhattan,height,2,0.090343312811508952
19,complete,manhattan,height,3,0.180614878319715899
19,complete,manhattan,height,4,0.272209448237180518
19,complete,manhattan,height,5,0.307434928412778974
19,complete,manhattan,height,6,0.311433051762143920
19,complete,manhattan,height,7,0.339846879120588641
19,complete,manhattan,height,8,0.535274945064953878
19,complete,manhattan,height,9,0.664644538942992469
19,complete,manhattan,height,10,0.680611900726256547
19,complete,manhattan,height,11,0.714726939194322397
19,complete,manhattan,height,12,0.897951501126208695
19,complete,manhattan,height,13,0.924647683156998634
19,complete,manhattan,height,14,1.222320373901400581
19,complete,manhattan,height,15,1.268271370061462733
19,complete,manhattan,height,16,2.029383144877966227
19,complete,manhattan,height,17,2.373065282987964153
19,complete,manhattan,height,18,4.176297773001673264
19,complete,manhattan,cut,2,0;0;0;0;0;0;0;0;0;0;1;1;1;1;1;1;1;1;1;1
19,complete,manhattan,cut,3,0;0;0;0;0;0;0;0;0;0;1;2;1;1;1;2;1;2;1;1
19,complete,manhattan,cut,4,0;1;1;0;0;0;0;0;0;0;2;3;2;2;2;3;2;3;2;2
19,complete,manhattan,cut,5,0;1;1;2;2;0;0;2;2;0;3;4;3;3;3;4;3;4;3;3
19,complete,manhattan,cut,6,0;1;1;2;2;0;0;2;2;0;3;4;3;3;3;4;3;4;5;5
19,ward.D2,manhattan,height,0,0.058772579378660927
19,ward.D2,manhattan,height,1,0.081428539846962050
19,ward.D2,manhattan,height,2,0.090343312811508952
19,ward.D2,manhattan,height,3,0.192271774614838492
19,ward.D2,manhattan,height,4,0.272209448237180518
19,ward.D2,manhattan,height,5,0.307434928412778974
19,ward.D2,manhattan,height,6,0.311433051762143920
19,ward.D2,manhattan,height,7,0.374767879529217807
19,ward.D2,manhattan,height,8,0.572495500201737006
19,ward.D2,manhattan,height,9,0.664644538942992469
19,ward.D2,manhattan,height,10,0.666823295921748938
19,ward.D2,manhattan,height,11,0.867401703634169907
19,ward.D2,manhattan,height,12,0.927348799196427986
19,ward.D2,manhattan,height,13,1.371409333690280397
19,ward.D2,manhattan,height,14,1.378575226805881737
19,ward.D2,manhattan,height,15,1.485496041212797769
19,ward.D2,manhattan,height,16,2.201226952108796375
19,ward.D2,manhattan,height,17,2.972519988712590155
19,ward.D2,manhattan,height,18,7.423189597699308528
19,ward.D2,manhattan,cut,2,0;0;0;0;0;0;1;0;0;0;1;1;1;1;1;1;1;1;1;1
19,ward.D2,manhattan,cut,3,0;0;0;0;0;0;1;0;0;0;2;1;2;2;2;1;2;1;2;2
19,ward.D2,manhattan,cut,4,0;1;1;0;0;0;2;0;0;0;3;2;3;3;3;2;3;2;3;3
19,ward.D2,manhattan,cut,5,0;1;1;2;2;0;3;2;2;0;4;3;4;4;4;3;4;3;4;4
19,ward.D2,manhattan,cut,6,0;1;1;2;2;0;3;2;2;0;4;5;4;4;4;5;4;3;4;4
19,single,manhattan,height,0,0.058772579378660927
19,single,manhattan,height,1,0.081428539846962050
19,single,manhattan,height,2,0.090343312811508952
19,single,manhattan,height,3,0.156710008433646630
19,single,manhattan,height,4,0.272209448237180518
19,single,manhattan,height,5,0.307434928412778974
19,single,manhattan,height,6,0.311433051762143920
19,single,manhattan,height,7,0.313840481125427173
19,single,manhattan,height,8,0.399746822659614365
19,single,manhattan,height,9,0.457371115066796952
19,single,manhattan,height,10,0.497944171679424619
19,single,manhattan,height,11,0.567603523002544352
19,single,manhattan,height,12,0.603102872874445084
19,single,manhattan,height,13,0.606213138545574570
19,single,manhattan,height,14,0.626091711060634326
19,single,manhattan,height,15,0.723401834074985262
19,single,manhattan,height,16,0.759696494175663539
19,single,manhattan,height,17,0.799324794887742218
19,single,manhattan,height,18,0.927348799196427986
19,single,manhattan,cut,2,0;0;0;0;0;0;0;0;0;0;1;1;1;1;1;1;1;1;1;1
19,single,manhattan,cut,3,0;1;1;0;0;0;0;0;0;0;2;2;2;2;2;2;2;2;2;2
19,single,manhattan,cut,4,0;1;1;0;0;0;0;0;0;0;2;2;2;2;2;2;2;3;2;2
19,single,manhattan,cut,5,0;1;1;0;0;0;0;0;0;0;2;3;2;2;2;3;2;4;2;2
19,single,manhattan,cut,6,0;1;1;0;0;0;0;0;0;0;2;3;2;2;2;3;2;4;5;2
19,centroid,manhattan,height,0,0.058772579378660927
19,centroid,manhattan,height,1,0.081428539846962050
19,centroid,manhattan,height,2,0.090343312811508952
19,centroid,manhattan,height,3,0.166512241247166098
19,centroid,manhattan,height,4,0.272209448237180518
19,centroid,manhattan,height,5,0.307434928412778974
19,centroid,manhattan,height,6,0.311433051762143920
19,centroid,manhattan,height,7,0.324558504194728703
19,centroid,manhattan,height,8,0.495795646726983452
19,centroid,manhattan,height,9,0.544458941203065372
19,centroid,manhattan,height,10,0.559905392107846955
19,centroid,manhattan,height,11,0.664644538942992469
19,centroid,manhattan,height,12,0.802259554300961630
19,centroid,manhattan,height,13,0.749912605553928913
19,centroid,manhattan,height,14,0.811336703339918364
19,centroid,manhattan,height,15,0.820489692129892201
19,centroid,manhattan,height,16,1.183780130708758760
19,centroid,manhattan,height,17,1.319644217188080004
19,centroid,manhattan,height,18,2.412580174012113332
19,centroid,manhattan,cut,2,0;0;0;0;0;0;0;0;0;0;1;1;1;1;1;1;1;1;1;1
19,centroid,manhattan,cut,3,0;1;1;0;0;0;0;0;0;0;2;2;2;2;2;2;2;2;2;2
19,centroid,manhattan,cut,4,0;1;1;0;0;0;0;0;0;0;2;3;2;2;2;3;2;3;2;2
19,centroid,manhattan,cut,5,0;1;1;0;0;0;0;0;0;0;2;3;2;2;2;3;2;4;2;2
19,centroid,manhattan,cut,6,0;1;1;0;0;0;0;0;0;0;2;3;2;2;2;3;2;4;5;5
20,average,euclidean,height,0,0.072761509956276352
20,average,euclidean,height,1,0.102357258938706439
20,average,euclidean,height,2,0.140768448471574908
20,average,euclidean,height,3,0.250678276770647246
20,average,euclidean,height,4,0.251828236883716472
20,average,euclidean,height,5,0.282132169355266582
20,average,euclidean,height,6,0.374138071322874466
20,average,euclidean,height,7,0.415679777477256263
20,average,euclidean,height,8,0.423587865813745357
20,average,euclidean,height,9,0.554802860865139080
20,average,euclidean,height,10,0.603254131475105981
20,average,euclidean,height,11,0.652700378754389465
20,average,euclidean,height,12,0.680253773173430387
20,average,euclidean,height,13,0.833599369852333849
20,average,euclidean,height,14,0.853175761378690334
20,average,euclidean,height,15,0.993535884530271529
20,average,euclidean,height,16,1.051916449240181350
20,average,euclidean,height,17,1.255714787866629489
20,average,euclidean,height,18,1.929942286001781859
20,average,euclidean,cut,2,0;0;0;0;0;0;0;0;0;0;1;0;1;1;1;1;1;1;1;1
20,average,euclidean,cut,3,0;0;0;0;0;1;1;0;0;0;2;0;2;2;2;2;2;2;2;2
20,average,euclidean,cut,4,0;0;0;0;0;1;1;0;0;0;2;0;3;2;3;2;3;2;3;2
20,average,euclidean,cut,5,0;0;0;1;0;2;2;0;0;1;3;0;4;3;4;3;4;3;4;3
20,average,euclidean,cut,6,0;0;0;1;0;2;2;0;0;1;3;0;4;3;5;3;5;3;4;3
20,complete,euclidean,height,0,0.072761509956276352
20,complete,euclidean,height,1,0.102357258938706439
20,complete,euclidean,height,2,0.172589318083624682
20,complete,euclidean,height,3,0.250678276770647246
20,complete,euclidean,height,4,0.251828236883716472
20,complete,euclidean,height,5,0.313225653225236100
20,complete,euclidean,height,6,0.374138071322874466
20,complete,euclidean,height,7,0.419520189495585671
20,complete,euclidean,height,8,0.423587865813745357
20,complete,euclidean,height,9,0.554802860865139080
20,complete,euclidean,height,10,0.693104796670157675
20,complete,euclidean,height,11,0.764705685271131141
20,complete,euclidean,height,12,0.807926465299605434
20,complete,euclidean,height,13,0.994698808625163466
20,complete,euclidean,height,14,1.049564287929021678
20,complete,euclidean,height,15,1.468067159257251175
20,complete,euclidean,height,16,1.690130214038364498
20,complete,euclidean,height,17,1.774874563145468986
20,complete,euclidean,height,18,3.230120583615061047
20,complete,euclidean,cut,2,0;0;0;0;0;0;0;0;0;0;1;0;1;1;1;1;1;1;1;1
20,complete,euclidean,cut,3,0;0;0;0;0;0;0;0;0;0;1;0;2;1;2;1;2;2;2;1
20,complete,euclidean,cut,4,0;0;0;0;0;1;1;0;0;0;2;0;3;2;3;2;3;3;3;2
20,complete,euclidean,cut,5,0;0;0;1;0;2;2;0;0;1;3;0;4;3;4;3;4;4;4;3
20,complete,euclidean,cut,6,0;0;0;1;0;2;2;0;0;1;3;0;4;3;5;3;5;5;4;3
20,ward.D2,euclidean,height,0,0.072761509956276352
20,ward.D2,euclidean,height,1,0.102357258938706439
20,ward.D2,euclidean,height,2,0.155816437787546086
20,ward.D2,euclidean,height,3,0.250678276770647246
20,ward.D2,euclidean,height,4,0.251828236883716472
20,ward.D2,euclidean,height,5,0.334493224183935789
20,ward.D2,euclidean,height,6,0.374138071322874466
20,ward.D2,euclidean,height,7,0.423587865813745357
20,ward.D2,euclidean,height,8,0.427689096244315170
20,ward.D2,euclidean,height,9,0.554802860865139080
20,ward.D2,euclidean,height,10,0.747753611798933959
20,ward.D2,euclidean,height,11,0.800360560877358740
20,ward.D2,euclidean,height,12,0.964343589794404044
20,ward.D2,euclidean,height,13,1.027834921923776346
20,ward.D2,euclidean,height,14,1.254752519700400804
20,ward.D2,euclidean,height,15,1.608909742651684960
20,ward.D2,euclidean,height,16,1.910953736505053957
20,ward.D2,euclidean,height,17,2.130903665137931835
20,ward.D2,euclidean,height,18,5.670026194417503440
20,ward.D2,euclidean,cut,2,0;0;0;0;0;0;0;0;0;0;1;0;1;1;1;1;1;1;1;1
20,ward.D2,euclidean,cut,3,0;0;0;1;0;1;1;0;0;1;2;0;2;2;2;2;2;2;2;2
20,ward.D2,euclidean,cut,4,0;0;0;1;0;1;1;0;0;1;2;0;3;2;3;3;3;3;3;2
20,ward.D2,euclidean,cut,5,0;0;0;1;0;2;2;0;0;1;3;0;4;3;4;4;4;4;4;3
20,ward.D2,euclidean,cut,6,0;0;0;1;0;2;2;0;0;1;3;0;4;3;5;5;5;5;4;3
20,single,euclidean,height,0,0.072761509956276352
20,single,euclidean,height,1,0.102357258938706439
20,single,euclidean,height,2,0.108947578859525135
20,single,euclidean,height,3,0.245331847051698748
20,single,euclidean,height,4,0.250678276770647246
20,single,euclidean,height,5,0.251828236883716472
20,single,euclidean,height,6,0.374138071322874466
20,single,euclidean,height,7,0.411839365458926854
20,single,euclidean,height,8,0.423587865813745357
20,single,euclidean,height,9,0.427689096244315170
20,single,euclidean,height,10,0.449442487517531075
20,single,euclidean,height,11,0.519793102953105435
20,single,euclidean,height,12,0.520695199067891079
20,single,euclidean,height,13,0.554802860865139080
20,single,euclidean,height,14,0.568521364840763321
20,single,euclidean,height,15,0.606396916910875494
20,single,euclidean,height,16,0.614340972473864322
20,single,euclidean,height,17,0.656754171496166106
20,single,euclidean,height,18,0.764131351490522581
20,single,euclidean,cut,2,0;0;0;0;0;0;0;0;0;0;1;0;1;1;1;1;1;1;1;1
20,single,euclidean,cut,3,0;0;0;0;0;0;0;0;0;0;1;0;1;1;1;1;1;1;1;2
20,single,euclidean,cut,4,0;0;0;1;0;0;0;0;0;1;2;0;2;2;2;2;2;2;2;3
20,single,euclidean,cut,5,0;0;0;1;0;2;2;0;0;1;3;0;3;3;3;3;3;3;3;4
20,single,euclidean,cut,6,0;0;0;1;0;2;2;0;0;1;3;0;3;3;4;3;4;3;3;5
20,centroid,euclidean,height,0,0.072761509956276352
20,centroid,euclidean,height,1,0.102357258938706439
20,centroid,euclidean,height,2,0.134940993451212465
20,centroid,euclidean,height,3,0.250678276770647246
20,centroid,euclidean,height,4,0.251828236883716472
20,centroid,euclidean,height,5,0.273112573889674914
20,centroid,euclidean,height,6,0.374138071322874466
20,centroid,euclidean,height,7,0.414102483493195783
20,centroid,euclidean,height,8,0.423587865813745357
20,centroid,euclidean,height,9,0.554802860865139080
20,centroid,euclidean,height,10,0.590660781784160815
20,centroid,euclidean,height,11,0.632233540549593243
20,centroid,euclidean,height,12,0.642213285070365125
20,centroid,euclidean,height,13,0.794117336190602985
20,centroid,euclidean,height,14,0.758136308482132759
20,centroid,euclidean,height,15,0.953806794452162210
20,centroid,euclidean,height,16,1.057793419079665398
20,centroid,euclidean,height,17,1.146118730070548875
20,centroid,euclidean,height,18,1.802052618806548212
20,centroid,euclidean,cut,2,0;0;0;0;0;0;0;0;0;0;1;0;1;1;1;1;1;1;1;1
20,centroid,euclidean,cut,3,0;0;0;0;0;1;1;0;0;0;2;0;2;2;2;2;2;2;2;2
20,centroid,euclidean,cut,4,0;0;0;0;0;1;1;0;0;0;2;0;3;2;2;2;2;2;3;2
20,centroid,euclidean,cut,5,0;0;0;1;0;2;2;0;0;1;3;0;4;3;3;3;3;3;4;3
20,centroid,euclidean,cut,6,0;0;0;1;0;2;2;0;0;1;3;0;4;3;5;3;5;3;4;3
20,average,manhattan,height,0,0.08518257068084234
20,average,manhattan,height,1,0.13740215854956944
20,average,manhattan,height,2,0.17681847594411601
20,average,manhattan,height,3,0.29606329205514736
20,average,manhattan,height,4,0.33446674019786471
20,average,manhattan,height,5,0.35504821286373422
20,average,manhattan,height,6,0.47263997881667552
20,average,manhattan,height,7,0.51687726291565173
20,average,manhattan,height,8,0.53739426495940479
20,average,manhattan,height,9,0.68126235058555529
20,average,manhattan,height,10,0.77418856519165935
20,average,manhattan,height,11,0.78052861063476620
20,average,manhattan,height,12,0.90048242032792669
20,average,manhattan,height,13,0.97265939623567743
20,average,manhattan,height,14,1.13513610137608612
20,average,manhattan,height,15,1.32909963257040720
20,average,manhattan,height,16,1.36069290324247327
20,average,manhattan,height,17,1.40053911446873847
20,average,manhattan,height,18,2.36266540559265392
20,average,manhattan,cut,2,0;0;0;0;0;0;0;0;0;0;1;0;1;1;1;1;1;1;1;1
20,average,manhattan,cut,3,0;0;1;1;0;1;1;0;0;1;2;0;2;2;2;2;2;2;2;2
20,average,manhattan,cut,4,0;0;1;1;0;1;1;0;0;1;2;0;3;2;2;2;2;2;3;2
20,average,manhattan,cut,5,0;0;1;2;0;1;1;0;0;2;3;0;4;3;3;3;3;3;4;3
20,average,manhattan,cut,6,0;0;1;2;0;1;1;0;0;2;3;0;4;3;5;3;5;3;4;5
20,complete,manhattan,height,0,0.08518257068084234
20,complete,manhattan,height,1,0.13740215854956944
20,complete,manhattan,height,2,0.19959271435514625
20,complete,manhattan,height,3,0.29606329205514736
20,complete,manhattan,height,4,0.35504821286373422
20,complete,manhattan,height,5,0.37471952304914219
20,complete,manhattan,height,6,0.47263997881667552
20,complete,manhattan,height,7,0.53739426495940479
20,complete,manhattan,height,8,0.54574075332498162
20,complete,manhattan,height,9,0.68126235058555529
20,complete,manhattan,height,10,0.90855229177870678
20,complete,manhattan,height,11,0.93479880841004848
20,complete,manhattan,height,12,1.00573404846654935
20,complete,manhattan,height,13,1.23309943316964921
20,complete,manhattan,height,14,1.67128587778745508
20,complete,manhattan,height,15,2.03084861180585996
20,complete,manhattan,height,16,2.13311939640473369
20,complete,manhattan,height,17,2.17988283742542599
20,complete,manhattan,height,18,4.26396653760876010
20,complete,manhattan,cut,2,0;0;0;0;0;0;0;0;0;0;1;0;1;1;1;1;1;1;1;1
20,complete,manhattan,cut,3,0;0;0;0;0;0;0;0;0;0;1;0;2;1;1;1;1;1;2;1
20,complete,manhattan,cut,4,0;0;1;0;0;1;1;0;0;0;2;0;3;2;2;2;2;2;3;2
20,complete,manhattan,cut,5,0;0;1;2;0;1;1;0;0;2;3;0;4;3;3;3;3;3;4;3
20,complete,manhattan,cut,6,0;0;1;2;0;1;1;0;0;2;3;0;4;3;5;3;5;3;4;5
20,ward.D2,manhattan,height,0,0.08518257068084234
20,ward.D2,manhattan,height,1,0.13740215854956944
20,ward.D2,manhattan,height,2,0.18995999956791648
20,ward.D2,manhattan,height,3,0.29606329205514736
20,ward.D2,manhattan,height,4,0.35504821286373422
20,ward.D2,manhattan,height,5,0.39432997131571107
20,ward.D2,manhattan,height,6,0.47263997881667552
20,ward.D2,manhattan,height,7,0.53739426495940479
20,ward.D2,manhattan,height,8,0.59064368269840684
20,ward.D2,manhattan,height,9,0.68126235058555529
20,ward.D2,manhattan,height,10,0.91740921792113928
20,ward.D2,manhattan,height,11,1.03281694171480276
20,ward.D2,manhattan,height,12,1.09414546037376104
20,ward.D2,manhattan,height,13,1.18989254718287563
20,ward.D2,manhattan,height,14,1.89327049564811478
20,ward.D2,manhattan,height,15,2.02822507401927954
20,ward.D2,manhattan,height,16,2.19121265151165634
20,ward.D2,manhattan,height,17,2.74770531676322571
20,ward.D2,manhattan,height,18,6.90552756175049876
20,ward.D2,manhattan,cut,2,0;0;0;0;0;0;0;0;0;0;1;0;1;1;1;1;1;1;1;1
20,ward.D2,manhattan,cut,3,0;0;1;1;0;1;1;0;0;1;2;0;2;2;2;2;2;2;2;2
20,ward.D2,manhattan,cut,4,0;0;1;1;0;1;1;0;0;1;2;0;3;2;2;2;2;2;3;2
20,ward.D2,manhattan,cut,5,0;0;1;2;0;1;1;0;0;2;3;0;4;3;3;3;3;3;4;3
20,ward.D2,manhattan,cut,6,0;0;1;2;0;1;1;0;0;2;3;0;4;3;5;3;5;3;4;5
20,single,manhattan,height,0,0.08518257068084234
20,single,manhattan,height,1,0.13740215854956944
20,single,manhattan,height,2,0.15404423753308577
20,single,manhattan,height,3,0.29606329205514736
20,single,manhattan,height,4,0.29950965131737034
20,single,manhattan,height,5,0.35504821286373422
20,single,manhattan,height,6,0.47263997881667552
20,single,manhattan,height,7,0.48801377250632194
20,single,manhattan,height,8,0.51727496943578521
20,single,manhattan,height,9,0.53739426495940479
20,single,manhattan,height,10,0.59064368269840684
20,single,manhattan,height,11,0.62363869107890324
20,single,manhattan,height,12,0.67663539089930347
20,single,manhattan,height,13,0.68126235058555529
20,single,manhattan,height,14,0.68341999352854188
20,single,manhattan,height,15,0.71221935930170566
20,single,manhattan,height,16,0.75164713506778469
20,single,manhattan,height,17,0.76273358600874830
20,single,manhattan,height,18,1.01074208377469299
20,single,manhattan,cut,2,0;0;0;0;0;0;0;0;0;0;1;0;1;1;1;1;1;1;1;1
20,single,manhattan,cut,3,0;0;0;0;0;0;0;0;0;0;1;0;1;1;1;1;1;1;1;2
20,single,manhattan,cut,4,0;0;0;0;0;0;0;0;0;0;1;0;1;1;2;1;2;1;1;3
20,single,manhattan,cut,5,0;0;0;0;0;0;1;0;0;0;2;0;2;2;3;2;3;2;2;4
20,single,manhattan,cut,6,0;0;0;0;0;0;1;0;0;0;2;0;3;2;4;2;4;2;3;5
20,centroid,manhattan,height,0,0.08518257068084234
20,centroid,manhattan,height,1,0.13740215854956944
20,centroid,manhattan,height,2,0.16451018532869668
20,centroid,manhattan,height,3,0.29606329205514736
20,centroid,manhattan,height,4,0.32196907333660635
20,centroid,manhattan,height,5,0.35504821286373422
20,centroid,manhattan,height,6,0.47263997881667552
20,centroid,manhattan,height,7,0.51592750305719903
20,centroid,manhattan,height,8,0.53739426495940479
20,centroid,manhattan,height,9,0.68126235058555529
20,centroid,manhattan,height,10,0.72865739733465074
20,centroid,manhattan,height,11,0.74636513933586346
20,centroid,manhattan,height,12,0.89444570898397113
20,centroid,manhattan,height,13,0.94755776411909687
20,centroid,manhattan,height,14,1.02248292952013009
20,centroid,manhattan,height,15,1.24230080261963205
20,centroid,manhattan,height,16,1.29903963614242901
20,centroid,manhattan,height,17,1.22530292274224850
20,centroid,manhattan,height,18,2.19472072971114418
20,centroid,manhattan,cut,2,0;0;0;0;0;0;0;0;0;0;1;0;1;1;1;1;1;1;1;1
20,centroid,manhattan,cut,3,0;0;0;1;0;0;0;0;0;1;2;0;2;2;2;2;2;2;2;2
20,centroid,manhattan,cut,4,0;0;1;2;0;1;1;0;0;2;3;0;3;3;3;3;3;3;3;3
20,centroid,manhattan,cut,5,0;0;1;2;0;1;1;0;0;2;3;0;4;3;3;3;3;3;4;3
20,centroid,manhattan,cut,6,0;0;1;2;0;1;1;0;0;2;3;0;4;3;5;3;5;3;4;5
21,average,euclidean,height,0,0.12133639438423528
21,average,euclidean,height,1,0.18306478476273680
21,average,euclidean,height,2,0.18456173483398461
21,average,euclidean,height,3,0.18644451150643865
21,average,euclidean,height,4,0.21311299791217522
21,average,euclidean,height,5,0.23646669989934921
21,average,euclidean,height,6,0.32756251864733960
21,average,euclidean,height,7,0.52645864869377013
21,average,euclidean,height,8,0.57426123554514064
21,average,euclidean,height,9,0.58472499951134638
21,average,euclidean,height,10,0.61422716482817075
21,average,euclidean,height,11,0.67002166585283518
21,average,euclidean,height,12,0.76739854193672841
21,average,euclidean,height,13,0.86033742398353774
21,average,euclidean,height,14,0.89318653548418125
21,average,euclidean,height,15,0.97870411689134507
21,average,euclidean,height,16,1.14757340164611410
21,average,euclidean,height,17,1.76435915151587253
21,average,euclidean,height,18,2.52296465150783611
21,average,euclidean,cut,2,0;0;0;0;0;0;0;0;0;0;1;1;1;1;1;1;0;1;1;1
21,average,euclidean,cut,3,0;0;0;0;0;0;0;0;0;0;1;1;2;1;1;1;0;1;1;2
21,average,euclidean,cut,4,0;0;0;0;0;0;0;0;0;0;1;2;3;1;1;1;0;2;1;3
21,average,euclidean,cut,5,0;0;0;0;0;0;1;0;0;0;2;3;4;2;2;2;1;3;2;4
21,average,euclidean,cut,6,0;1;0;0;0;0;2;0;0;0;3;4;5;3;3;3;2;4;3;5
21,complete,euclidean,height,0,0.12133639438423528
21,complete,euclidean,height,1,0.18456173483398461
21,complete,euclidean,height,2,0.18644451150643865
21,complete,euclidean,height,3,0.21918214683304091
21,complete,euclidean,height,4,0.23666046118533154
21,complete,euclidean,height,5,0.25934433457674894
21,complete,euclidean,height,6,0.36462254259515015
21,complete,euclidean,height,7,0.57426123554514064
21,complete,euclidean,height,8,0.61422716482817075
21,complete,euclidean,height,9,0.67741867287648483
21,complete,euclidean,height,10,0.75426864527813275
21,complete,euclidean,height,11,0.77851375230617736
21,complete,euclidean,height,12,0.86033742398353774
21,complete,euclidean,height,13,0.97607518857685804
21,complete,euclidean,height,14,1.24749014234306088
21,complete,euclidean,height,15,1.56714051618655237
21,complete,euclidean,height,16,1.66787325533956432
21,complete,euclidean,height,17,2.37606519800544058
21,complete,euclidean,height,18,4.67783226775862282
21,complete,euclidean,cut,2,0;0;0;0;0;0;0;0;0;0;1;1;1;1;1;1;0;1;1;1
21,complete,euclidean,cut,3,0;0;0;0;0;0;0;0;0;0;1;1;2;1;1;1;0;1;1;2
21,complete,euclidean,cut,4,0;0;0;0;0;0;0;0;0;0;1;2;3;1;1;1;0;2;1;3
21,complete,euclidean,cut,5,0;0;0;0;0;0;1;0;0;0;2;3;4;2;2;2;1;3;2;4
21,complete,euclidean,cut,6,0;1;0;0;0;0;2;0;0;0;3;4;5;3;3;3;2;4;3;5
21,ward.D2,euclidean,height,0,0.12133639438423528
21,ward.D2,euclidean,height,1,0.18456173483398461
21,ward.D2,euclidean,height,2,0.18644451150643865
21,ward.D2,euclidean,height,3,0.20375327927865089
21,ward.D2,euclidean,height,4,0.22347520194862169
21,ward.D2,euclidean,height,5,0.25232121686982728
21,ward.D2,euclidean,height,6,0.36462254259515015
21,ward.D2,euclidean,height,7,0.57426123554514064
21,ward.D2,euclidean,height,8,0.61422716482817075
21,ward.D2,euclidean,height,9,0.74313825831443436
21,ward.D2,euclidean,height,10,0.81150412456351817
21,ward.D2,euclidean,height,11,0.86033742398353774
21,ward.D2,euclidean,height,12,0.89936608991084754
21,ward.D2,euclidean,height,13,0.90910100114751879
21,ward.D2,euclidean,height,14,1.14583522534991911
21,ward.D2,euclidean,height,15,1.58255202038770815
21,ward.D2,euclidean,height,16,1.73797790239596894
21,ward.D2,euclidean,height,17,2.95101389711892104
21,ward.D2,euclidean,height,18,7.72507594815031862
21,ward.D2,euclidean,cut,2,0;0;0;0;0;0;0;0;0;0;1;1;1;1;1;1;0;1;1;1
21,ward.D2,euclidean,cut,3,0;0;0;0;0;0;0;0;0;0;1;1;2;1;1;1;0;1;1;2
21,ward.D2,euclidean,cut,4,0;0;0;0;0;0;0;0;0;0;1;2;3;1;1;1;0;2;1;3
21,ward.D2,euclidean,cut,5,0;0;0;0;0;0;1;0;0;0;2;3;4;2;2;2;1;3;2;4
21,ward.D2,euclidean,cut,6,0;1;0;0;0;0;2;0;0;0;3;4;5;3;3;3;2;4;3;5
21,single,euclidean,height,0,0.12133639438423528
21,single,euclidean,height,1,0.14694742269243272
21,single,euclidean,height,2,0.18456173483398461
21,single,euclidean,height,3,0.18644451150643865
21,single,euclidean,height,4,0.18956553463901890
21,single,euclidean,height,5,0.21358906522194951
21,single,euclidean,height,6,0.25002527129543800
21,single,euclidean,height,7,0.28310854934228596
21,single,euclidean,height,8,0.36462254259515015
21,single,euclidean,height,9,0.56134655672367029
21,single,euclidean,height,10,0.57426123554514064
21,single,euclidean,height,11,0.57548221716500858
21,single,euclidean,height,12,0.59382129231429570
21,single,euclidean,height,13,0.61422716482817075
21,single,euclidean,height,14,0.63130660736045108
21,single,euclidean,height,15,0.84402601997436455
21,single,euclidean,height,16,0.84481983131965610
21,single,euclidean,height,17,0.86033742398353774
21,single,euclidean,height,18,1.06288496451849235
21,single,euclidean,cut,2,0;0;0;0;0;0;0;0;0;0;0;0;1;0;0;0;0;0;0;1
21,single,euclidean,cut,3,0;0;0;0;0;0;0;0;0;0;0;0;1;0;0;0;0;2;0;1
21,single,euclidean,cut,4,0;0;0;0;0;0;0;0;0;0;0;1;2;0;0;0;0;3;0;2
21,single,euclidean,cut,5,0;0;0;0;0;0;0;0;0;0;1;2;3;1;1;1;0;4;1;3
21,single,euclidean,cut,6,0;0;0;0;0;0;1;0;0;0;2;3;4;2;2;2;1;5;2;4
21,centroid,euclidean,height,0,0.12133639438423528
21,centroid,euclidean,height,1,0.17645551595969713
21,centroid,euclidean,height,2,0.18456173483398461
21,centroid,euclidean,height,3,0.18644451150643865
21,centroid,euclidean,height,4,0.19353520200336408
21,centroid,euclidean,height,5,0.21851658372307312
21,centroid,euclidean,height,6,0.31472149448115233
21,centroid,euclidean,height,7,0.50276385976616222
21,centroid,euclidean,height,8,0.52309183363791945
21,centroid,euclidean,height,9,0.57426123554514064
21,centroid,euclidean,height,10,0.61422716482817075
21,centroid,euclidean,height,11,0.66259034311486009
21,centroid,euclidean,height,12,0.71870744669137676
21,centroid,euclidean,height,13,0.84640020307219210
21,centroid,euclidean,height,14,0.86033742398353774
21,centroid,euclidean,height,15,0.91581814726970434
21,centroid,euclidean,height,16,1.02820159318386684
21,centroid,euclidean,height,17,1.67306761870118836
21,centroid,euclidean,height,18,2.45519030521408332
21,centroid,euclidean,cut,2,0;0;0;0;0;0;0;0;0;0;1;1;1;1;1;1;0;1;1;1
21,centroid,euclidean,cut,3,0;0;0;0;0;0;0;0;0;0;1;1;2;1;1;1;0;1;1;2
21,centroid,euclidean,cut,4,0;0;0;0;0;0;0;0;0;0;1;2;3;1;1;1;0;2;1;3
21,centroid,euclidean,cut,5,0;1;0;0;0;0;0;0;0;0;2;3;4;2;2;2;0;3;2;4
21,centroid,euclidean,cut,6,0;1;0;0;0;0;0;0;0;0;2;3;4;2;2;2;0;5;2;4
21,average,manhattan,height,0,0.13889685113774064
21,average,manhattan,height,1,0.19066062238100240
21,average,manhattan,height,2,0.23755731027057544
21,average,manhattan,height,3,0.24936444283555864
21,average,manhattan,height,4,0.27943618622658684
21,average,manhattan,height,5,0.30514026372457181
21,average,manhattan,height,6,0.41699177334714049
21,average,manhattan,height,7,0.59579884762726709
21,average,manhattan,height,8,0.63807190150295978
21,average,manhattan,height,9,0.80783755448105787
21,average,manhattan,height,10,0.86644603405096965
21,average,manhattan,height,11,0.93544430077922103
21,average,manhattan,height,12,0.99414667789695987
21,average,manhattan,height,13,1.00688057081630400
21,average,manhattan,height,14,1.21339359212821662
21,average,manhattan,height,15,1.23766360741226311
21,average,manhattan,height,16,1.47112405709894745
21,average,manhattan,height,17,2.19511421121049910
21,average,manhattan,height,18,2.90966239118333814
21,average,manhattan,cut,2,0;0;0;0;0;0;0;0;0;0;1;1;1;1;1;1;0;1;1;1
21,average,manhattan,cut,3,0;0;0;0;0;0;0;0;0;0;1;1;2;1;1;1;0;1;1;2
21,average,manhattan,cut,4,0;0;0;0;0;0;0;0;0;0;1;2;3;1;1;1;0;2;1;3
21,average,manhattan,cut,5,0;0;0;0;0;0;1;0;0;0;2;3;4;2;2;2;1;3;2;4
21,average,manhattan,cut,6,0;0;0;0;0;0;1;0;0;0;2;3;4;2;2;2;1;5;2;4
21,complete,manhattan,height,0,0.13889685113774064
21,complete,manhattan,height,1,0.19066062238100240
21,complete,manhattan,height,2,0.23755731027057544
21,complete,manhattan,height,3,0.29759551107874582
21,complete,manhattan,height,4,0.29974476128521138
21,complete,manhattan,height,5,0.36046966742490200
21,complete,manhattan,height,6,0.51035420856438252
21,complete,manhattan,height,7,0.80783755448105787
21,complete,manhattan,height,8,0.86251601242869802
21,complete,manhattan,height,9,0.86644603405096965
21,complete,manhattan,height,10,1.00086684473235588
21,complete,manhattan,height,11,1.03519769148089180
21,complete,manhattan,height,12,1.16417310330428414
21,complete,manhattan,height,13,1.21339359212821662
21,complete,manhattan,height,14,1.59270397399822161
21,complete,manhattan,height,15,1.78706047454049055
21,complete,manhattan,height,16,2.28780878109999053
21,complete,manhattan,height,17,2.98315970922860840
21,complete,manhattan,height,18,4.95236323409651735
21,complete,manhattan,cut,2,0;0;0;0;0;0;0;0;0;0;1;1;1;1;1;1;0;1;1;1
21,complete,manhattan,cut,3,0;0;0;0;0;0;0;0;0;0;1;1;2;1;1;1;0;1;1;2
21,complete,manhattan,cut,4,0;0;0;0;0;0;0;0;0;0;1;2;3;1;1;1;0;2;1;3
21,complete,manhattan,cut,5,0;1;1;0;0;0;1;0;0;1;2;3;4;2;2;2;1;3;2;4
21,complete,manhattan,cut,6,0;1;2;0;0;0;2;0;0;2;3;4;5;3;3;3;2;4;3;5
21,ward.D2,manhattan,height,0,0.13889685113774064
21,ward.D2,manhattan,height,1,0.19066062238100240
21,ward.D2,manhattan,height,2,0.23755731027057544
21,ward.D2,manhattan,height,3,0.28260152871438871
21,ward.D2,manhattan,height,4,0.29281615241466979
21,ward.D2,manhattan,height,5,0.34075221736242611
21,ward.D2,manhattan,height,6,0.49730393467369260
21,ward.D2,manhattan,height,7,0.59579884762726709
21,ward.D2,manhattan,height,8,0.80783755448105787
21,ward.D2,manhattan,height,9,0.86644603405096965
21,ward.D2,manhattan,height,10,1.03519769148089180
21,ward.D2,manhattan,height,11,1.12591106591708257
21,ward.D2,manhattan,height,12,1.21339359212821662
21,ward.D2,manhattan,height,13,1.24058113112115098
21,ward.D2,manhattan,height,14,1.64344313590550595
21,ward.D2,manhattan,height,15,1.99313938367423371
21,ward.D2,manhattan,height,16,2.19688848811203830
21,ward.D2,manhattan,height,17,3.62911158691398850
21,ward.D2,manhattan,height,18,8.69251131074968875
21,ward.D2,manhattan,cut,2,0;0;0;0;0;0;0;0;0;0;1;1;1;1;1;1;0;1;1;1
21,ward.D2,manhattan,cut,3,0;0;0;0;0;0;0;0;0;0;1;1;2;1;1;1;0;1;1;2
21,ward.D2,manhattan,cut,4,0;0;0;0;0;0;0;0;0;0;1;2;3;1;1;1;0;2;1;3
21,ward.D2,manhattan,cut,5,0;1;1;0;0;0;1;0;0;0;2;3;4;2;2;2;1;3;2;4
21,ward.D2,manhattan,cut,6,0;1;1;0;0;0;2;0;0;0;3;4;5;3;3;3;2;4;3;5
21,single,manhattan,height,0,0.13889685113774064
21,single,manhattan,height,1,0.19066062238100240
21,single,manhattan,height,2,0.19898412438590590
21,single,manhattan,height,3,0.23755731027057544
21,single,manhattan,height,4,0.24981086002424169
21,single,manhattan,height,5,0.26127686137442785
21,single,manhattan,height,6,0.30149438976905879
21,single,manhattan,height,7,0.31420837869683987
21,single,manhattan,height,8,0.51035420856438252
21,single,manhattan,height,9,0.59579884762726709
21,single,manhattan,height,10,0.79146373782347412
21,single,manhattan,height,11,0.80370343587938198
21,single,manhattan,height,12,0.80783755448105787
21,single,manhattan,height,13,0.80979636042036529
21,single,manhattan,height,14,0.86644603405096965
21,single,manhattan,height,15,1.03398660197535963
21,single,manhattan,height,16,1.09527572801633433
21,single,manhattan,height,17,1.12363567779570661
21,single,manhattan,height,18,1.41260788516403468
21,single,manhattan,cut,2,0;0;0;0;0;0;0;0;0;0;0;0;1;0;0;0;0;0;0;1
21,single,manhattan,cut,3,0;0;0;0;0;0;0;0;0;0;0;0;1;0;0;0;0;2;0;1
21,single,manhattan,cut,4,0;0;0;0;0;0;0;0;0;0;1;1;2;1;1;1;0;3;1;2
21,single,manhattan,cut,5,0;0;0;0;0;0;0;0;0;0;1;2;3;1;1;1;0;4;1;3
21,single,manhattan,cut,6,0;0;0;0;0;0;0;0;0;0;1;2;3;1;1;1;4;5;1;3
21,centroid,manhattan,height,0,0.13889685113774064
21,centroid,manhattan,height,1,0.19066062238100240
21,centroid,manhattan,height,2,0.23755731027057544
21,centroid,manhattan,height,3,0.24474010301497809
21,centroid,manhattan,height,4,0.25358622662952013
21,centroid,manhattan,height,5,0.29510007663173787
21,centroid,manhattan,height,6,0.40604696234297522
21,centroid,manhattan,height,7,0.59579884762726709
21,centroid,manhattan,height,8,0.60806147230638430
21,centroid,manhattan,height,9,0.80783755448105787
21,centroid,manhattan,height,10,0.86644603405096965
21,centroid,manhattan,height,11,0.92777911224832033
21,centroid,manhattan,height,12,0.90812811653105285
21,centroid,manhattan,height,13,0.95347442522397163
21,centroid,manhattan,height,14,1.08393221726116140
21,centroid,manhattan,height,15,1.21339359212821662
21,centroid,manhattan,height,16,1.29969675702439091
21,centroid,manhattan,height,17,2.05751287265943894
21,centroid,manhattan,height,18,2.76266144713133199
21,centroid,manhattan,cut,2,0;0;0;0;0;0;0;0;0;0;1;1;1;1;1;1;0;1;1;1
21,centroid,manhattan,cut,3,0;0;0;0;0;0;0;0;0;0;1;1;2;1;1;1;0;1;1;2
21,centroid,manhattan,cut,4,0;0;0;0;0;0;0;0;0;0;1;2;3;1;1;1;0;2;1;3
21,centroid,manhattan,cut,5,0;0;0;0;0;0;0;0;0;0;1;2;3;1;1;1;0;4;1;3
21,centroid,manhattan,cut,6,0;0;0;0;0;0;1;0;0;0;2;3;4;2;2;2;1;5;2;4
22,average,euclidean,height,0,0.044192078279415507
22,average,euclidean,height,1,0.097468228072964361
22,average,euclidean,height,2,0.117039624016805635
22,average,euclidean,height,3,0.155109153670388078
22,average,euclidean,height,4,0.191536047930494058
22,average,euclidean,height,5,0.192142662517319485
22,average,euclidean,height,6,0.238953371798214326
22,average,euclidean,height,7,0.362614023478009806
22,average,euclidean,height,8,0.387017616144805732
22,average,euclidean,height,9,0.418983731065990184
22,average,euclidean,height,10,0.426058952081702191
22,average,euclidean,height,11,0.500440581278551289
22,average,euclidean,height,12,0.559688983802201778
22,average,euclidean,height,13,0.615191631743011835
22,average,euclidean,height,14,0.648159557799802610
22,average,euclidean,height,15,0.711559213452253481
22,average,euclidean,height,16,1.028747542232389511
22,average,euclidean,height,17,1.252831684041278759
22,average,euclidean,height,18,2.056876867988480129
22,average,euclidean,cut,2,0;0;0;0;0;0;0;0;0;0;1;1;1;1;1;0;1;0;1;1
22,average,euclidean,cut,3,0;0;1;0;1;0;1;0;1;1;2;2;2;2;2;0;2;0;2;2
22,average,euclidean,cut,4,0;0;1;0;1;0;1;0;1;1;2;2;2;2;2;3;2;0;2;2
22,average,euclidean,cut,5,0;0;1;0;1;0;1;0;2;2;3;3;3;3;3;4;3;0;3;3
22,average,euclidean,cut,6,0;0;1;0;1;0;1;0;2;2;3;4;3;3;3;5;4;0;3;3
22,complete,euclidean,height,0,0.044192078279415507
22,complete,euclidean,height,1,0.097468228072964361
22,complete,euclidean,height,2,0.117039624016805635
22,complete,euclidean,height,3,0.155109153670388078
22,complete,euclidean,height,4,0.191536047930494058
22,complete,euclidean,height,5,0.238953371798214326
22,complete,euclidean,height,6,0.249227346016572621
22,complete,euclidean,height,7,0.419979728318305767
22,complete,euclidean,height,8,0.432905912302916529
22,complete,euclidean,height,9,0.448424193152276607
22,complete,euclidean,height,10,0.511098387867607640
22,complete,euclidean,height,11,0.527372456750980878
22,complete,euclidean,height,12,0.770583042859772860
22,complete,euclidean,height,13,0.796696497820111094
22,complete,euclidean,height,14,0.870203635848605384
22,complete,euclidean,height,15,0.976468007420276618
22,complete,euclidean,height,16,1.451076269758414528
22,complete,euclidean,height,17,2.322369233615166007
22,complete,euclidean,height,18,3.340307999569859465
22,complete,euclidean,cut,2,0;0;1;0;1;0;1;0;1;1;0;0;0;0;0;0;0;0;0;0
22,complete,euclidean,cut,3,0;0;1;0;1;0;1;0;1;1;2;2;2;2;2;0;2;0;2;2
22,complete,euclidean,cut,4,0;0;1;0;1;0;1;0;1;1;2;2;2;2;2;3;2;0;2;2
22,complete,euclidean,cut,5,0;0;1;0;1;0;1;0;1;1;2;3;3;3;2;4;3;0;3;2
22,complete,euclidean,cut,6,0;0;1;0;1;0;1;2;1;1;3;4;4;4;3;5;4;0;4;3
22,ward.D2,euclidean,height,0,0.044192078279415507
22,ward.D2,euclidean,height,1,0.097468228072964361
22,ward.D2,euclidean,height,2,0.117039624016805635
22,ward.D2,euclidean,height,3,0.155109153670388078
22,ward.D2,euclidean,height,4,0.191536047930494058
22,ward.D2,euclidean,height,5,0.221368156252446352
22,ward.D2,euclidean,height,6,0.238953371798214326
22,ward.D2,euclidean,height,7,0.428989051465220705
22,ward.D2,euclidean,height,8,0.438758686131643427
22,ward.D2,euclidean,height,9,0.472297128285143752
22,ward.D2,euclidean,height,10,0.495066411714681853
22,ward.D2,euclidean,height,11,0.577426623662886440
22,ward.D2,euclidean,height,12,0.776268483971904288
22,ward.D2,euclidean,height,13,0.892985527910794108
22,ward.D2,euclidean,height,14,0.991699570983487044
22,ward.D2,euclidean,height,15,1.041818765757612342
22,ward.D2,euclidean,height,16,1.328335123629006187
22,ward.D2,euclidean,height,17,2.872366242380895773
22,ward.D2,euclidean,height,18,6.095241631760911716
22,ward.D2,euclidean,cut,2,0;0;0;0;0;0;0;0;0;0;1;1;1;1;1;0;1;0;1;1
22,ward.D2,euclidean,cut,3,0;0;1;0;1;0;1;0;1;1;2;2;2;2;2;0;2;0;2;2
22,ward.D2,euclidean,cut,4,0;0;1;0;1;0;1;0;1;1;2;2;2;2;2;3;2;0;2;2
22,ward.D2,euclidean,cut,5,0;0;1;0;1;0;1;0;2;2;3;3;3;3;3;4;3;0;3;3
22,ward.D2,euclidean,cut,6,0;0;1;0;1;0;1;0;2;2;3;4;3;3;3;5;4;0;3;3
22,single,euclidean,height,0,0.044192078279415507
22,single,euclidean,height,1,0.097468228072964361
22,single,euclidean,height,2,0.117039624016805635
22,single,euclidean,height,3,0.135057979018066376
22,single,euclidean,height,4,0.155109153670388078
22,single,euclidean,height,5,0.191536047930494058
22,single,euclidean,height,6,0.238953371798214326
22,single,euclidean,height,7,0.258491631325231952
22,single,euclidean,height,8,0.280778600699538694
22,single,euclidean,height,9,0.325611039137334857
22,single,euclidean,height,10,0.331559099822300363
22,single,euclidean,height,11,0.361168411592447336
22,single,euclidean,height,12,0.419211991860487798
22,single,euclidean,height,13,0.422666408274700367
22,single,euclidean,height,14,0.489782774689494937
22,single,euclidean,height,15,0.589974635376002254
22,single,euclidean,height,16,0.622089681416001072
22,single,euclidean,height,17,0.672067010921863051
22,single,euclidean,height,18,0.732956508404078111
22,single,euclidean,cut,2,0;0;0;0;0;0;0;0;0;0;1;1;1;1;1;0;1;0;1;1
22,single,euclidean,cut,3,0;0;1;0;1;0;1;0;1;1;2;2;2;2;2;0;2;0;2;2
22,single,euclidean,cut,4,0;0;1;0;1;0;1;0;1;1;2;2;2;2;2;3;2;0;2;2
22,single,euclidean,cut,5,0;0;1;0;1;0;1;0;2;2;3;3;3;3;3;4;3;0;3;3
22,single,euclidean,cut,6,0;0;1;0;2;0;1;0;3;3;4;4;4;4;4;5;4;0;4;4
22,centroid,euclidean,height,0,0.044192078279415507
22,centroid,euclidean,height,1,0.097468228072964361
22,centroid,euclidean,height,2,0.117039624016805635
22,centroid,euclidean,height,3,0.155109153670388078
22,centroid,euclidean,height,4,0.191536047930494058
22,centroid,euclidean,height,5,0.191710446903541554
22,centroid,euclidean,height,6,0.238953371798214326
22,centroid,euclidean,height,7,0.350268093776781031
22,centroid,euclidean,height,8,0.379976168321086272
22,centroid,euclidean,height,9,0.390315898712315201
22,centroid,euclidean,height,10,0.391384363516264933
22,centroid,euclidean,height,11,0.500066124913536303
22,centroid,euclidean,height,12,0.601294982121772903
22,centroid,euclidean,height,13,0.612234042648802768
22,centroid,euclidean,height,14,0.551011224811409961
22,centroid,euclidean,height,15,0.672491121590933050
22,centroid,euclidean,height,16,1.014532708716407550
22,centroid,euclidean,height,17,1.189272610610801806
22,centroid,euclidean,height,18,1.967230777576677525
22,centroid,euclidean,cut,2,0;0;0;0;0;0;0;0;0;0;1;1;1;1;1;0;1;0;1;1
22,centroid,euclidean,cut,3,0;0;1;0;1;0;1;0;1;1;2;2;2;2;2;0;2;0;2;2
22,centroid,euclidean,cut,4,0;0;1;0;1;0;1;0;1;1;2;2;2;2;2;3;2;0;2;2
22,centroid,euclidean,cut,5,0;0;1;0;1;0;1;0;2;2;3;3;3;3;3;4;3;0;3;3
22,centroid,euclidean,cut,6,0;0;1;0;1;0;1;0;2;2;3;4;4;3;3;5;4;0;3;3
22,average,manhattan,height,0,0.057459663477942749
22,average,manhattan,height,1,0.099169279910210628
22,average,manhattan,height,2,0.164675668052497004
22,average,manhattan,height,3,0.187477707776934593
22,average,manhattan,height,4,0.246614163009123477
22,average,manhattan,height,5,0.254177359879106890
22,average,manhattan,height,6,0.269459756593872335
22,average,manhattan,height,7,0.470247374428181375
22,average,manhattan,height,8,0.515659911599049448
22,average,manhattan,height,9,0.528230546272518198
22,average,manhattan,height,10,0.554931716073380876
22,average,manhattan,height,11,0.703703297951582485
22,average,manhattan,height,12,0.707435649799919353
22,average,manhattan,height,13,0.800086295832267425
22,average,manhattan,height,14,0.838588387148737957
22,average,manhattan,height,15,0.859445283689985406
22,average,manhattan,height,16,1.379610577213532752
22,average,manhattan,height,17,1.660410360175527344
22,average,manhattan,height,18,2.420556814729703632
22,average,manhattan,cut,2,0;0;0;0;0;0;0;0;0;0;1;1;1;1;1;0;1;0;1;1
22,average,manhattan,cut,3,0;0;1;0;1;0;1;0;1;1;2;2;2;2;2;0;2;0;2;2
22,average,manhattan,cut,4,0;0;1;0;1;0;1;0;1;1;2;2;2;2;2;3;2;0;2;2
22,average,manhattan,cut,5,0;0;1;0;1;0;1;0;1;1;2;3;2;2;2;4;3;0;2;2
22,average,manhattan,cut,6,0;0;1;0;1;0;1;0;2;2;3;4;3;3;3;5;4;0;3;3
22,complete,manhattan,height,0,0.057459663477942749
22,complete,manhattan,height,1,0.099169279910210628
22,complete,manhattan,height,2,0.164675668052497004
22,complete,manhattan,height,3,0.187477707776934593
22,complete,manhattan,height,4,0.246614163009123477
22,complete,manhattan,height,5,0.254177359879106890
22,complete,manhattan,height,6,0.351797590620120837
22,complete,manhattan,height,7,0.490216578276800208
22,complete,manhattan,height,8,0.533565798356657628
22,complete,manhattan,height,9,0.571681268948221355
22,complete,manhattan,height,10,0.715994215719486737
22,complete,manhattan,height,11,0.745078177469657321
22,complete,manhattan,height,12,0.932936254060906744
22,complete,manhattan,height,13,0.974139769961669622
22,complete,manhattan,height,14,1.083400349180465128
22,complete,manhattan,height,15,1.380840711698261059
22,complete,manhattan,height,16,1.570130618606588202
22,complete,manhattan,height,17,2.966070672341317493
22,complete,manhattan,height,18,3.663061343536159420
22,complete,manhattan,cut,2,0;0;1;0;1;0;1;1;1;1;0;0;0;0;0;0;0;0;0;0
22,complete,manhattan,cut,3,0;0;1;0;1;0;1;1;1;1;2;2;2;2;2;0;2;0;2;2
22,complete,manhattan,cut,4,0;0;1;0;1;0;1;1;1;1;2;2;2;2;2;3;2;0;2;2
22,complete,manhattan,cut,5,0;0;1;0;1;0;1;1;1;1;2;3;3;3;2;4;3;0;3;2
22,complete,manhattan,cut,6,0;0;1;0;1;0;1;2;1;1;3;4;4;4;3;5;4;0;4;3
22,ward.D2,manhattan,height,0,0.057459663477942749
22,ward.D2,manhattan,height,1,0.099169279910210628
22,ward.D2,manhattan,height,2,0.164675668052497004
22,ward.D2,manhattan,height,3,0.187477707776934593
22,ward.D2,manhattan,height,4,0.246614163009123477
22,ward.D2,manhattan,height,5,0.254177359879106890
22,ward.D2,manhattan,height,6,0.311145326010486445
22,ward.D2,manhattan,height,7,0.523411845072296655
22,ward.D2,manhattan,height,8,0.581766162142385634
22,ward.D2,manhattan,height,9,0.592063557805957208
22,ward.D2,manhattan,height,10,0.678348592662469052
22,ward.D2,manhattan,height,11,0.812013132057818776
22,ward.D2,manhattan,height,12,1.012190191522625238
22,ward.D2,manhattan,height,13,1.116384077042294809
22,ward.D2,manhattan,height,14,1.194019019278898641
22,ward.D2,manhattan,height,15,1.350330152506077575
22,ward.D2,manhattan,height,16,1.797937908100682769
22,ward.D2,manhattan,height,17,3.882873149885030628
22,ward.D2,manhattan,height,18,6.933192815746913595
22,ward.D2,manhattan,cut,2,0;0;0;0;0;0;0;0;0;0;1;1;1;1;1;0;1;0;1;1
22,ward.D2,manhattan,cut,3,0;0;1;0;1;0;1;0;1;1;2;2;2;2;2;0;2;0;2;2
22,ward.D2,manhattan,cut,4,0;0;1;0;1;0;1;0;1;1;2;2;2;2;2;3;2;0;2;2
22,ward.D2,manhattan,cut,5,0;0;1;0;1;0;1;0;1;1;2;3;2;2;2;4;3;0;2;2
22,ward.D2,manhattan,cut,6,0;0;1;0;1;0;1;0;2;2;3;4;3;3;3;5;4;0;3;3
22,single,manhattan,height,0,0.057459663477942749
22,single,manhattan,height,1,0.099169279910210628
22,single,manhattan,height,2,0.164675668052497004
22,single,manhattan,height,3,0.187121922567623861
22,single,manhattan,height,4,0.187477707776934593
22,single,manhattan,height,5,0.246614163009123477
22,single,manhattan,height,6,0.254177359879106890
22,single,manhattan,height,7,0.323758586213130917
22,single,manhattan,height,8,0.393280586849536429
22,single,manhattan,height,9,0.451919039354761298
22,single,manhattan,height,10,0.459638554249877429
22,single,manhattan,height,11,0.476218538467167329
22,single,manhattan,height,12,0.522895294188378768
22,single,manhattan,height,13,0.563971026190112523
22,single,manhattan,height,14,0.691412380183678121
22,single,manhattan,height,15,0.747183534238590075
22,single,manhattan,height,16,0.812435353409042493
22,single,manhattan,height,17,0.825052441136930881
22,single,manhattan,height,18,1.033303166838659859
22,single,manhattan,cut,2,0;0;0;0;0;0;0;0;0;0;1;1;1;1;1;0;1;0;1;1
22,single,manhattan,cut,3,0;0;0;0;0;0;0;0;0;0;1;1;1;1;1;2;1;0;1;1
22,single,manhattan,cut,4,0;0;1;0;1;0;1;0;1;1;2;2;2;2;2;3;2;0;2;2
22,single,manhattan,cut,5,0;0;1;0;1;0;1;0;2;2;3;3;3;3;3;4;3;0;3;3
22,single,manhattan,cut,6,0;0;1;0;2;0;1;0;3;3;4;4;4;4;4;5;4;0;4;4
22,centroid,manhattan,height,0,0.057459663477942749
22,centroid,manhattan,height,1,0.099169279910210628
22,centroid,manhattan,height,2,0.164675668052497004
22,centroid,manhattan,height,3,0.187477707776934593
22,centroid,manhattan,height,4,0.246614163009123477
22,centroid,manhattan,height,5,0.254177359879106890
22,centroid,manhattan,height,6,0.269459756593872335
22,centroid,manhattan,height,7,0.448021734634860946
22,centroid,manhattan,height,8,0.503824275477482764
22,centroid,manhattan,height,9,0.512742081714955500
22,centroid,manhattan,height,10,0.520235259685037699
22,centroid,manhattan,height,11,0.644544647399380777
22,centroid,manhattan,height,12,0.703224000568639096
22,centroid,manhattan,height,13,0.770735962787014506
22,centroid,manhattan,height,14,0.779613477044252323
22,centroid,manhattan,height,15,0.784039150992324685
22,centroid,manhattan,height,16,1.373197759783655769
22,centroid,manhattan,height,17,1.607662219218493505
22,centroid,manhattan,height,18,2.237678359286058516
22,centroid,manhattan,cut,2,0;0;0;0;0;0;0;0;0;0;1;1;1;1;1;0;1;0;1;1
22,centroid,manhattan,cut,3,0;0;1;0;1;0;1;0;1;1;2;2;2;2;2;0;2;0;2;2
22,centroid,manhattan,cut,4,0;0;1;0;1;0;1;0;1;1;2;2;2;2;2;3;2;0;2;2
22,centroid,manhattan,cut,5,0;0;1;0;1;0;1;2;1;1;3;3;3;3;3;4;3;0;3;3
22,centroid,manhattan,cut,6,0;0;1;0;1;0;1;2;1;1;3;4;3;3;3;5;4;0;3;3
23,average,euclidean,height,0,0.13481351346197040
23,average,euclidean,height,1,0.14679275629498520
23,average,euclidean,height,2,0.17481752427408437
23,average,euclidean,height,3,0.18882099096858049
23,average,euclidean,height,4,0.19165955789829198
23,average,euclidean,height,5,0.21279391330351816
23,average,euclidean,height,6,0.23809011594483648
23,average,euclidean,height,7,0.23941496782888524
23,average,euclidean,height,8,0.36161227846072225
23,average,euclidean,height,9,0.39512888927762391
23,average,euclidean,height,10,0.51589100544369582
23,average,euclidean,height,11,0.62541829853334763
23,average,euclidean,height,12,0.66794353206388324
23,average,euclidean,height,13,0.72499291842438096
23,average,euclidean,height,14,0.83257671986002790
23,average,euclidean,height,15,0.93586158790483376
23,average,euclidean,height,16,1.01382306779203146
23,average,euclidean,height,17,1.10264519589297993
23,average,euclidean,height,18,1.93601371946544920
23,average,euclidean,cut,2,0;1;0;1;0;0;0;0;0;0;1;1;1;1;1;1;1;1;1;1
23,average,euclidean,cut,3,0;1;0;1;0;0;0;0;0;0;2;2;2;2;2;1;2;2;1;1
23,average,euclidean,cut,4,0;1;0;1;0;0;0;0;0;0;2;3;3;2;2;1;2;2;1;1
23,average,euclidean,cut,5,0;1;0;2;0;0;0;0;0;0;3;4;4;3;3;2;3;3;2;2
23,average,euclidean,cut,6,0;1;0;2;3;0;3;3;0;3;4;5;5;4;4;2;4;4;2;2
23,complete,euclidean,height,0,0.13481351346197040
23,complete,euclidean,height,1,0.14679275629498520
23,complete,euclidean,height,2,0.17481752427408437
23,complete,euclidean,height,3,0.18882099096858049
23,complete,euclidean,height,4,0.19165955789829198
23,complete,euclidean,height,5,0.21279391330351816
23,complete,euclidean,height,6,0.23809011594483648
23,complete,euclidean,height,7,0.30395163642450568
23,complete,euclidean,height,8,0.36161227846072225
23,complete,euclidean,height,9,0.50056544456848850
23,complete,euclidean,height,10,0.60540943123893542
23,complete,euclidean,height,11,0.72967881274900281
23,complete,euclidean,height,12,0.78268206575340760
23,complete,euclidean,height,13,1.03040693905248881
23,complete,euclidean,height,14,1.17776900105582527
23,complete,euclidean,height,15,1.21194258871829263
23,complete,euclidean,height,16,1.67465185902840186
23,complete,euclidean,height,17,1.70917218341395682
23,complete,euclidean,height,18,3.47735923954408888
23,complete,euclidean,cut,2,0;0;0;1;0;0;0;0;0;0;1;1;1;1;1;1;1;1;1;1
23,complete,euclidean,cut,3,0;0;0;1;0;0;0;0;0;0;2;1;1;2;2;1;2;2;1;1
23,complete,euclidean,cut,4,0;1;0;2;0;0;0;0;0;0;3;2;2;3;3;2;3;3;2;2
23,complete,euclidean,cut,5,0;1;0;2;3;0;3;3;0;3;4;2;2;4;4;2;4;4;2;2
23,complete,euclidean,cut,6,0;1;0;2;3;0;3;3;0;3;4;5;5;4;4;2;4;4;2;2
23,ward.D2,euclidean,height,0,0.13481351346197040
23,ward.D2,euclidean,height,1,0.14679275629498520
23,ward.D2,euclidean,height,2,0.17481752427408437
23,ward.D2,euclidean,height,3,0.18882099096858049
23,ward.D2,euclidean,height,4,0.19165955789829198
23,ward.D2,euclidean,height,5,0.21279391330351816
23,ward.D2,euclidean,height,6,0.23809011594483648
23,ward.D2,euclidean,height,7,0.27348974408255816
23,ward.D2,euclidean,height,8,0.36161227846072225
23,ward.D2,euclidean,height,9,0.45176982414457612
23,ward.D2,euclidean,height,10,0.71770109971485208
23,ward.D2,euclidean,height,11,0.80504325007220723
23,ward.D2,euclidean,height,12,0.87869891168417558
23,ward.D2,euclidean,height,13,1.08209991764750257
23,ward.D2,euclidean,height,14,1.15637096555848351
23,ward.D2,euclidean,height,15,1.48494194120607026
23,ward.D2,euclidean,height,16,1.59529957941100564
23,ward.D2,euclidean,height,17,2.22460662031152445
23,ward.D2,euclidean,height,18,5.75561758325967343
23,ward.D2,euclidean,cut,2,0;1;0;1;0;0;0;0;0;0;1;1;1;1;1;1;1;1;1;1
23,ward.D2,euclidean,cut,3,0;1;0;1;0;0;0;0;0;0;2;2;2;2;2;1;2;2;1;1
23,ward.D2,euclidean,cut,4,0;1;0;1;0;0;0;0;0;0;2;3;3;2;2;1;2;2;1;1
23,ward.D2,euclidean,cut,5,0;1;0;1;2;0;2;2;0;2;3;4;4;3;3;1;3;3;1;1
23,ward.D2,euclidean,cut,6,0;1;0;2;3;0;3;3;0;3;4;5;5;4;4;2;4;4;2;2
23,single,euclidean,height,0,0.13481351346197040
23,single,euclidean,height,1,0.14679275629498520
23,single,euclidean,height,2,0.17481752427408437
23,single,euclidean,height,3,0.17487829923326481
23,single,euclidean,height,4,0.18882099096858049
23,single,euclidean,height,5,0.19165955789829198
23,single,euclidean,height,6,0.21279391330351816
23,single,euclidean,height,7,0.23809011594483648
23,single,euclidean,height,8,0.28969233398675925
23,single,euclidean,height,9,0.36161227846072225
23,single,euclidean,height,10,0.41781196050843977
23,single,euclidean,height,11,0.44513321564433345
23,single,euclidean,height,12,0.45798900942470694
23,single,euclidean,height,13,0.46730536369610892
23,single,euclidean,height,14,0.56624274263718388
23,single,euclidean,height,15,0.62709861044526838
23,single,euclidean,height,16,0.70999423971988351
23,single,euclidean,height,17,0.71482024500452412
23,single,euclidean,height,18,0.77351921576745575
23,single,euclidean,cut,2,0;0;0;0;0;0;0;0;0;0;0;1;1;0;0;0;0;0;0;0
23,single,euclidean,cut,3,0;1;0;1;0;0;0;0;0;0;1;2;2;1;1;1;1;1;1;1
23,single,euclidean,cut,4,0;1;0;2;0;0;0;0;0;0;2;3;3;2;2;2;2;2;2;2
23,single,euclidean,cut,5,0;1;0;2;0;0;0;0;0;0;2;3;3;2;2;2;2;2;2;4
23,single,euclidean,cut,6,0;1;0;2;3;0;3;3;0;3;2;4;4;2;2;2;2;2;2;5
23,centroid,euclidean,height,0,0.13481351346197040
23,centroid,euclidean,height,1,0.14679275629498520
23,centroid,euclidean,height,2,0.17481752427408437
23,centroid,euclidean,height,3,0.18882099096858049
23,centroid,euclidean,height,4,0.19165955789829198
23,centroid,euclidean,height,5,0.21279391330351816
23,centroid,euclidean,height,6,0.23684906605000022
23,centroid,euclidean,height,7,0.23809011594483648
23,centroid,euclidean,height,8,0.36161227846072225
23,centroid,euclidean,height,9,0.39124414437243138
23,centroid,euclidean,height,10,0.50749131447341445
23,centroid,euclidean,height,11,0.62133395907311983
23,centroid,euclidean,height,12,0.64537216304665157
23,centroid,euclidean,height,13,0.74247097060303513
23,centroid,euclidean,height,14,0.86859279546770385
23,centroid,euclidean,height,15,0.93839952363398571
23,centroid,euclidean,height,16,0.93537520480061620
23,centroid,euclidean,height,17,0.98869645293737718
23,centroid,euclidean,height,18,1.85761758725860759
23,centroid,euclidean,cut,2,0;1;0;1;0;0;0;0;0;0;1;1;1;1;1;1;1;1;1;1
23,centroid,euclidean,cut,3,0;1;0;1;0;0;0;0;0;0;1;1;1;1;2;1;2;1;1;1
23,centroid,euclidean,cut,4,0;1;0;1;0;0;0;0;0;0;1;2;2;1;3;1;3;1;1;2
23,centroid,euclidean,cut,5,0;1;0;1;0;0;0;0;0;0;1;2;2;1;3;1;3;1;1;4
23,centroid,euclidean,cut,6,0;1;0;2;0;0;0;0;0;0;2;3;3;2;4;2;4;2;2;5
23,average,manhattan,height,0,0.18687536387312992
23,average,manhattan,height,1,0.19810061895512646
23,average,manhattan,height,2,0.24113369413663729
23,average,manhattan,height,3,0.26348297873684123
23,average,manhattan,height,4,0.26499044901209012
23,average,manhattan,height,5,0.27085346383573172
23,average,manhattan,height,6,0.28000907854942175
23,average,manhattan,height,7,0.32849879086893446
23,average,manhattan,height,8,0.48639124146223300
23,average,manhattan,height,9,0.50094925306761118
23,average,manhattan,height,10,0.70575114638814662
23,average,manhattan,height,11,0.79117890151091075
23,average,manhattan,height,12,0.80260108812614128
23,average,manhattan,height,13,0.86986175888951800
23,average,manhattan,height,14,1.05506863084361568
23,average,manhattan,height,15,1.26131019000856215
23,average,manhattan,height,16,1.28311283728292258
23,average,manhattan,height,17,1.42548334426567758
23,average,manhattan,height,18,2.27769656961711808
23,average,manhattan,cut,2,0;1;0;1;0;0;0;0;0;0;1;1;1;1;1;1;1;1;1;1
23,average,manhattan,cut,3,0;1;0;1;0;0;0;0;0;0;2;2;2;2;2;1;2;2;1;1
23,average,manhattan,cut,4,0;1;0;1;0;0;0;0;0;0;2;3;3;2;2;1;2;2;1;1
23,average,manhattan,cut,5,0;1;0;2;0;0;0;0;0;0;3;4;4;3;3;2;3;3;2;2
23,average,manhattan,cut,6,0;1;0;2;3;0;3;3;0;3;4;5;5;4;4;2;4;4;2;2
23,complete,manhattan,height,0,0.18687536387312992
23,complete,manhattan,height,1,0.19810061895512646
23,complete,manhattan,height,2,0.24113369413663729
23,complete,manhattan,height,3,0.26348297873684123
23,complete,manhattan,height,4,0.26499044901209012
23,complete,manhattan,height,5,0.28000907854942175
23,complete,manhattan,height,6,0.32849879086893446
23,complete,manhattan,height,7,0.33725265242437852
23,complete,manhattan,height,8,0.48639124146223300
23,complete,manhattan,height,9,0.66519864850207844
23,complete,manhattan,height,10,0.82088821297425163
23,complete,manhattan,height,11,0.94278642117783107
23,complete,manhattan,height,12,0.96988600101751477
23,complete,manhattan,height,13,1.36343185214705609
23,complete,manhattan,height,14,1.36591209207385167
23,complete,manhattan,height,15,1.57721017809601260
23,complete,manhattan,height,16,2.07901918959189036
23,complete,manhattan,height,17,2.34260879382826559
23,complete,manhattan,height,18,3.68354279336241897
23,complete,manhattan,cut,2,0;0;0;1;0;0;0;0;0;0;1;1;1;1;1;1;1;1;1;1
23,complete,manhattan,cut,3,0;0;0;1;0;0;0;0;0;0;2;1;1;2;2;1;2;2;1;1
23,complete,manhattan,cut,4,0;1;0;2;0;0;0;0;0;0;3;2;2;3;3;2;3;3;2;2
23,complete,manhattan,cut,5,0;1;0;2;0;0;0;0;0;0;3;4;4;3;3;2;3;3;2;2
23,complete,manhattan,cut,6,0;1;0;2;0;0;0;0;0;0;3;4;4;3;5;2;5;3;2;2
23,ward.D2,manhattan,height,0,0.18687536387312992
23,ward.D2,manhattan,height,1,0.19810061895512646
23,ward.D2,manhattan,height,2,0.24113369413663729
23,ward.D2,manhattan,height,3,0.26348297873684123
23,ward.D2,manhattan,height,4,0.26499044901209012
23,ward.D2,manhattan,height,5,0.28000907854942175
23,ward.D2,manhattan,height,6,0.30101935111538081
23,ward.D2,manhattan,height,7,0.32849879086893446
23,ward.D2,manhattan,height,8,0.48639124146223300
23,ward.D2,manhattan,height,9,0.57844637221785455
23,ward.D2,manhattan,height,10,0.96155067463249222
23,ward.D2,manhattan,height,11,0.98101959603398570
23,ward.D2,manhattan,height,12,1.12283245485151117
23,ward.D2,manhattan,height,13,1.29371808267371491
23,ward.D2,manhattan,height,14,1.56015764101910004
23,ward.D2,manhattan,height,15,1.84479773148726522
23,ward.D2,manhattan,height,16,2.03422169567042888
23,ward.D2,manhattan,height,17,2.91456249534993184
23,ward.D2,manhattan,height,18,6.59522784521870520
23,ward.D2,manhattan,cut,2,0;1;0;1;0;0;0;0;0;0;1;1;1;1;1;1;1;1;1;1
23,ward.D2,manhattan,cut,3,0;1;0;1;0;0;0;0;0;0;2;2;2;2;2;1;2;2;1;1
23,ward.D2,manhattan,cut,4,0;1;0;1;0;0;0;0;0;0;2;3;3;2;2;1;2;2;1;1
23,ward.D2,manhattan,cut,5,0;1;0;1;2;0;2;2;0;2;3;4;4;3;3;1;3;3;1;1
23,ward.D2,manhattan,cut,6,0;1;0;2;3;0;3;3;0;3;4;5;5;4;4;2;4;4;2;2
23,single,manhattan,height,0,0.18687536387312992
23,single,manhattan,height,1,0.19810061895512646
23,single,manhattan,height,2,0.20445427524708495
23,single,manhattan,height,3,0.24113369413663729
23,single,manhattan,height,4,0.26348297873684123
23,single,manhattan,height,5,0.26499044901209012
23,single,manhattan,height,6,0.28000907854942175
23,single,manhattan,height,7,0.32849879086893446
23,single,manhattan,height,8,0.33669985763314392
23,single,manhattan,height,9,0.48639124146223300
23,single,manhattan,height,10,0.59061407980204161
23,single,manhattan,height,11,0.59190637183818751
23,single,manhattan,height,12,0.63531617523476780
23,single,manhattan,height,13,0.64731080688008946
23,single,manhattan,height,14,0.68606448113219676
23,single,manhattan,height,15,0.70438381520195414
23,single,manhattan,height,16,0.78067595605343154
23,single,manhattan,height,17,0.87597556924303133
23,single,manhattan,height,18,0.97205006351695611
23,single,manhattan,cut,2,0;1;0;0;0;0;0;0;0;0;0;0;0;0;0;0;0;0;0;0
23,single,manhattan,cut,3,0;1;0;0;0;0;0;0;0;0;0;2;2;0;0;0;0;0;0;0
23,single,manhattan,cut,4,0;1;0;2;0;0;0;0;0;0;2;3;3;2;2;2;2;2;2;2
23,single,manhattan,cut,5,0;1;0;2;3;0;3;3;0;3;2;4;4;2;2;2;2;2;2;2
23,single,manhattan,cut,6,0;1;0;2;3;0;3;3;0;3;2;4;4;2;2;2;2;2;2;5
23,centroid,manhattan,height,0,0.18687536387312992
23,centroid,manhattan,height,1,0.19810061895512646
23,centroid,manhattan,height,2,0.24113369413663729
23,centroid,manhattan,height,3,0.26069040509662739
23,centroid,manhattan,height,4,0.26348297873684123
23,centroid,manhattan,height,5,0.26499044901209012
23,centroid,manhattan,height,6,0.28000907854942175
23,centroid,manhattan,height,7,0.32849879086893446
23,centroid,manhattan,height,8,0.48639124146223300
23,centroid,manhattan,height,9,0.50094925306761118
23,centroid,manhattan,height,10,0.69368560883251873
23,centroid,manhattan,height,11,0.78510283822617821
23,centroid,manhattan,height,12,0.79396244296184149
23,centroid,manhattan,height,13,0.83509143148044795
23,centroid,manhattan,height,14,0.92239886574363250
23,centroid,manhattan,height,15,1.20346178480984434
23,centroid,manhattan,height,16,1.14965837616006472
23,centroid,manhattan,height,17,1.41457410105034609
23,centroid,manhattan,height,18,2.11152920514923803
23,centroid,manhattan,cut,2,0;0;0;1;0;0;0;0;0;0;1;1;1;1;1;1;1;1;1;1
23,centroid,manhattan,cut,3,0;1;0;2;0;0;0;0;0;0;2;2;2;2;2;2;2;2;2;2
23,centroid,manhattan,cut,4,0;1;0;2;0;0;0;0;0;0;3;3;3;3;3;2;3;3;2;2
23,centroid,manhattan,cut,5,0;1;0;2;0;0;0;0;0;0;3;4;4;3;3;2;3;3;2;2
23,centroid,manhattan,cut,6,0;1;0;2;3;0;3;3;0;3;4;5;5;4;4;2;4;4;2;2
24,average,euclidean,height,0,0.044864567818552192
24,average,euclidean,height,1,0.060443940301286719
24,average,euclidean,height,2,0.084353188730894743
24,average,euclidean,height,3,0.123502337995505862
24,average,euclidean,height,4,0.215884726945290817
24,average,euclidean,height,5,0.220216427466883219
24,average,euclidean,height,6,0.234235176277744872
24,average,euclidean,height,7,0.306424469179344461
24,average,euclidean,height,8,0.396308508654899083
24,average,euclidean,height,9,0.445251952596767531
24,average,euclidean,height,10,0.471790860068877049
24,average,euclidean,height,11,0.500727994905810991
24,average,euclidean,height,12,0.627458413705842877
24,average,euclidean,height,13,0.642718371035396974
24,average,euclidean,height,14,0.699452094266303392
24,average,euclidean,height,15,0.741926259547234457
24,average,euclidean,height,16,0.986925407381252451
24,average,euclidean,height,17,1.028594603912633243
24,average,euclidean,height,18,2.605590968010039088
24,average,euclidean,cut,2,0;0;0;0;0;0;0;0;0;0;1;1;1;1;1;1;1;1;1;1
24,average,euclidean,cut,3,0;1;1;0;0;0;0;0;0;0;2;2;2;2;2;2;2;2;2;2
24,average,euclidean,cut,4,0;1;1;0;0;0;0;0;0;0;2;3;2;2;2;3;2;3;2;2
24,average,euclidean,cut,5,0;1;1;0;0;0;0;0;0;0;2;3;2;2;2;3;2;3;4;4
24,average,euclidean,cut,6,0;1;1;2;2;0;0;2;2;0;3;4;3;3;3;4;3;4;5;5
24,complete,euclidean,height,0,0.044864567818552192
24,complete,euclidean,height,1,0.060443940301286719
24,complete,euclidean,height,2,0.084353188730894743
24,complete,euclidean,height,3,0.136063815631466772
24,complete,euclidean,height,4,0.215884726945290817
24,complete,euclidean,height,5,0.220216427466883219
24,complete,euclidean,height,6,0.246537446859263210
24,complete,euclidean,height,7,0.306424469179344461
24,complete,euclidean,height,8,0.428488620087841998
24,complete,euclidean,height,9,0.471790860068877049
24,complete,euclidean,height,10,0.521401427807776541
24,complete,euclidean,height,11,0.630317681574528055
24,complete,euclidean,height,12,0.658175131085844689
24,complete,euclidean,height,13,0.725407436153704621
24,complete,euclidean,height,14,1.045483640382184776
24,complete,euclidean,height,15,1.203704012230744080
24,complete,euclidean,height,16,1.526364441359719271
24,complete,euclidean,height,17,1.678190003375170880
24,complete,euclidean,height,18,3.817141937237474192
24,complete,euclidean,cut,2,0;0;0;0;0;0;0;0;0;0;1;1;1;1;1;1;1;1;1;1
24,complete,euclidean,cut,3,0;0;0;0;0;0;0;0;0;0;1;2;1;1;1;2;1;2;1;1
24,complete,euclidean,cut,4,0;1;1;0;0;0;0;0;0;0;2;3;2;2;2;3;2;3;2;2
24,complete,euclidean,cut,5,0;1;1;0;0;0;0;0;0;0;2;3;2;2;2;3;2;3;4;4
24,complete,euclidean,cut,6,0;1;1;2;2;0;0;2;2;0;3;4;3;3;3;4;3;4;5;5
24,ward.D2,euclidean,height,0,0.044864567818552192
24,ward.D2,euclidean,height,1,0.060443940301286719
24,ward.D2,euclidean,height,2,0.084353188730894743
24,ward.D2,euclidean,height,3,0.140984211169754986
24,ward.D2,euclidean,height,4,0.215884726945290817
24,ward.D2,euclidean,height,5,0.220216427466883219
24,ward.D2,euclidean,height,6,0.268586661836959006
24,ward.D2,euclidean,height,7,0.306424469179344461
24,ward.D2,euclidean,height,8,0.457261798908793149
24,ward.D2,euclidean,height,9,0.471790860068877049
24,ward.D2,euclidean,height,10,0.498122707329862524
24,ward.D2,euclidean,height,11,0.737810122027316995
24,ward.D2,euclidean,height,12,0.752920290801441627
24,ward.D2,euclidean,height,13,0.765375853113326454
24,ward.D2,euclidean,height,14,1.177959990775473198
24,ward.D2,euclidean,height,15,1.239608184920802714
24,ward.D2,euclidean,height,16,1.736194300428299364
24,ward.D2,euclidean,height,17,1.851513775988475441
24,ward.D2,euclidean,height,18,8.063791887405264092
24,ward.D2,euclidean,cut,2,0;0;0;0;0;0;0;0;0;0;1;1;1;1;1;1;1;1;1;1
24,ward.D2,euclidean,cut,3,0;0;0;0;0;0;0;0;0;0;1;2;1;1;1;2;1;2;1;1
24,ward.D2,euclidean,cut,4,0;1;1;0;0;0;0;0;0;0;2;3;2;2;2;3;2;3;2;2
24,ward.D2,euclidean,cut,5,0;1;1;2;2;0;0;2;2;0;3;4;3;3;3;4;3;4;3;3
24,ward.D2,euclidean,cut,6,0;1;1;2;2;0;0;2;2;0;3;4;3;3;3;4;3;4;5;5
24,single,euclidean,height,0,0.044864567818552192
24,single,euclidean,height,1,0.060443940301286719
24,single,euclidean,height,2,0.084353188730894743
24,single,euclidean,height,3,0.110940860359544952
24,single,euclidean,height,4,0.215884726945290817
24,single,euclidean,height,5,0.220216427466883219
24,single,euclidean,height,6,0.221932905696226535
24,single,euclidean,height,7,0.306424469179344461
24,single,euclidean,height,8,0.322276150870513922
24,single,euclidean,height,9,0.357133317066644640
24,single,euclidean,height,10,0.385865809894684164
24,single,euclidean,height,11,0.404902785597766102
24,single,euclidean,height,12,0.461982303026435004
24,single,euclidean,height,13,0.471790860068877049
24,single,euclidean,height,14,0.541855479187607236
24,single,euclidean,height,15,0.560029305917089326
24,single,euclidean,height,16,0.574887317191003389
24,single,euclidean,height,17,0.609179523922418698
24,single,euclidean,height,18,1.057744716290142994
24,single,euclidean,cut,2,0;0;0;0;0;0;0;0;0;0;1;1;1;1;1;1;1;1;1;1
24,single,euclidean,cut,3,0;1;1;0;0;0;0;0;0;0;2;2;2;2;2;2;2;2;2;2
24,single,euclidean,cut,4,0;1;1;2;2;0;2;2;2;0;3;3;3;3;3;3;3;3;3;3
24,single,euclidean,cut,5,0;1;1;2;2;0;2;2;2;0;3;3;3;3;3;3;3;4;3;3
24,single,euclidean,cut,6,0;1;1;2;2;0;2;2;2;0;3;4;3;3;3;4;3;5;3;3
24,centroid,euclidean,height,0,0.044864567818552192
24,centroid,euclidean,height,1,0.060443940301286719
24,centroid,euclidean,height,2,0.084353188730894743
24,centroid,euclidean,height,3,0.122095908405517636
24,centroid,euclidean,height,4,0.215884726945290817
24,centroid,euclidean,height,5,0.220216427466883219
24,centroid,euclidean,height,6,0.232602872268466904
24,centroid,euclidean,height,7,0.306424469179344461
24,centroid,euclidean,height,8,0.396000334035186363
24,centroid,euclidean,height,9,0.406715487417295130
24,centroid,euclidean,height,10,0.471790860068877049
24,centroid,euclidean,height,11,0.486007957882604813
24,centroid,euclidean,height,12,0.624926767191672505
24,centroid,euclidean,height,13,0.619804092460401357
24,centroid,euclidean,height,14,0.638962308844953086
24,centroid,euclidean,height,15,0.696890528672698739
24,centroid,euclidean,height,16,0.903446214526183677
24,centroid,euclidean,height,17,0.970562119476342411
24,centroid,euclidean,height,18,2.549994894178868154
24,centroid,euclidean,cut,2,0;0;0;0;0;0;0;0;0;0;1;1;1;1;1;1;1;1;1;1
24,centroid,euclidean,cut,3,0;1;1;0;0;0;0;0;0;0;2;2;2;2;2;2;2;2;2;2
24,centroid,euclidean,cut,4,0;1;1;0;0;0;0;0;0;0;2;3;2;2;2;3;2;3;2;2
24,centroid,euclidean,cut,5,0;1;1;0;0;0;0;0;0;0;2;3;2;2;2;3;2;3;4;4
24,centroid,euclidean,cut,6,0;1;1;0;0;0;0;0;0;0;2;3;2;2;2;3;2;4;5;5
24,average,manhattan,height,0,0.058772579378661149
24,average,manhattan,height,1,0.081428539846962050
24,average,manhattan,height,2,0.090343312811508952
24,average,manhattan,height,3,0.168662443376681265
24,average,manhattan,height,4,0.272209448237180518
24,average,manhattan,height,5,0.307434928412778974
24,average,manhattan,height,6,0.311433051762143920
24,average,manhattan,height,7,0.326843680123007907
24,average,manhattan,height,8,0.496323030065875415
24,average,manhattan,height,9,0.588947852298871588
24,average,manhattan,height,10,0.591746829554481990
24,average,manhattan,height,11,0.664644538942992469
24,average,manhattan,height,12,0.828823997650936173
24,average,manhattan,height,13,0.837845582632017694
24,average,manhattan,height,14,0.865267152535985962
24,average,manhattan,height,15,0.897265018890085697
24,average,manhattan,height,16,1.267160578849758412
24,average,manhattan,height,17,1.365277047071076444
24,average,manhattan,height,18,3.019331822212248717
24,average,manhattan,cut,2,0;0;0;0;0;0;0;0;0;0;1;1;1;1;1;1;1;1;1;1
24,average,manhattan,cut,3,0;1;1;0;0;0;0;0;0;0;2;2;2;2;2;2;2;2;2;2
24,average,manhattan,cut,4,0;1;1;0;0;0;0;0;0;0;2;3;2;2;2;3;2;3;2;2
24,average,manhattan,cut,5,0;1;1;0;0;0;0;0;0;0;2;3;2;2;2;3;2;3;4;4
24,average,manhattan,cut,6,0;1;1;0;0;0;2;0;0;0;3;4;3;3;3;4;3;4;5;5
24,complete,manhattan,height,0,0.058772579378661149
24,complete,manhattan,height,1,0.081428539846962050
24,complete,manhattan,height,2,0.090343312811508952
24,complete,manhattan,height,3,0.180614878319716010
24,complete,manhattan,height,4,0.272209448237180518
24,complete,manhattan,height,5,0.307434928412778974
24,complete,manhattan,height,6,0.311433051762143920
24,complete,manhattan,height,7,0.339846879120588641
24,complete,manhattan,height,8,0.535274945064953878
24,complete,manhattan,height,9,0.664644538942992469
24,complete,manhattan,height,10,0.680611900726256547
24,complete,manhattan,height,11,0.714726939194322397
24,complete,manhattan,height,12,0.897951501126208695
24,complete,manhattan,height,13,0.924647683156998745
24,complete,manhattan,height,14,1.222320373901400581
24,complete,manhattan,height,15,1.268271370061462733
24,complete,manhattan,height,16,2.029383144877966227
24,complete,manhattan,height,17,2.373065282987964153
24,complete,manhattan,height,18,4.676297773001673264
24,complete,manhattan,cut,2,0;0;0;0;0;0;0;0;0;0;1;1;1;1;1;1;1;1;1;1
24,complete,manhattan,cut,3,0;0;0;0;0;0;0;0;0;0;1;2;1;1;1;2;1;2;1;1
24,complete,manhattan,cut,4,0;1;1;0;0;0;0;0;0;0;2;3;2;2;2;3;2;3;2;2
24,complete,manhattan,cut,5,0;1;1;2;2;0;0;2;2;0;3;4;3;3;3;4;3;4;3;3
24,complete,manhattan,cut,6,0;1;1;2;2;0;0;2;2;0;3;4;3;3;3;4;3;4;5;5
24,ward.D2,manhattan,height,0,0.058772579378661149
24,ward.D2,manhattan,height,1,0.081428539846962050
24,ward.D2,manhattan,height,2,0.090343312811508952
24,ward.D2,manhattan,height,3,0.192271774614838464
24,ward.D2,manhattan,height,4,0.272209448237180518
24,ward.D2,manhattan,height,5,0.307434928412778974
24,ward.D2,manhattan,height,6,0.311433051762143920
24,ward.D2,manhattan,height,7,0.374767879529217807
24,ward.D2,manhattan,height,8,0.572495500201737006
24,ward.D2,manhattan,height,9,0.664644538942992469
24,ward.D2,manhattan,height,10,0.666823295921748938
24,ward.D2,manhattan,height,11,0.867401703634169907
24,ward.D2,manhattan,height,12,0.947419889237012813
24,ward.D2,manhattan,height,13,1.042840262157472386
24,ward.D2,manhattan,height,14,1.371409333690280397
24,ward.D2,manhattan,height,15,1.450285585333945138
24,ward.D2,manhattan,height,16,2.360651340597634373
24,ward.D2,manhattan,height,17,2.426027343418773796
24,ward.D2,manhattan,height,18,9.268157809537214575
24,ward.D2,manhattan,cut,2,0;0;0;0;0;0;0;0;0;0;1;1;1;1;1;1;1;1;1;1
24,ward.D2,manhattan,cut,3,0;0;0;0;0;0;0;0;0;0;1;2;1;1;1;2;1;2;1;1
24,ward.D2,manhattan,cut,4,0;1;1;0;0;0;0;0;0;0;2;3;2;2;2;3;2;3;2;2
24,ward.D2,manhattan,cut,5,0;1;1;2;2;0;2;2;2;0;3;4;3;3;3;4;3;4;3;3
24,ward.D2,manhattan,cut,6,0;1;1;2;2;0;2;2;2;0;3;4;3;3;3;4;3;4;5;5
24,single,manhattan,height,0,0.058772579378661149
24,single,manhattan,height,1,0.081428539846962050
24,single,manhattan,height,2,0.090343312811508952
24,single,manhattan,height,3,0.156710008433646519
24,single,manhattan,height,4,0.272209448237180518
24,single,manhattan,height,5,0.307434928412778974
24,single,manhattan,height,6,0.311433051762143920
24,single,manhattan,height,7,0.313840481125427173
24,single,manhattan,height,8,0.399746822659614365
24,single,manhattan,height,9,0.457371115066796952
24,single,manhattan,height,10,0.497944171679424619
24,single,manhattan,height,11,0.567603523002544352
24,single,manhattan,height,12,0.603102872874445195
24,single,manhattan,height,13,0.606213138545574570
24,single,manhattan,height,14,0.626091711060634326
24,single,manhattan,height,15,0.723401834074985262
24,single,manhattan,height,16,0.759696494175663539
24,single,manhattan,height,17,0.799324794887742218
24,single,manhattan,height,18,1.427348799196427986
24,single,manhattan,cut,2,0;0;0;0;0;0;0;0;0;0;1;1;1;1;1;1;1;1;1;1
24,single,manhattan,cut,3,0;1;1;0;0;0;0;0;0;0;2;2;2;2;2;2;2;2;2;2
24,single,manhattan,cut,4,0;1;1;0;0;0;0;0;0;0;2;2;2;2;2;2;2;3;2;2
24,single,manhattan,cut,5,0;1;1;0;0;0;0;0;0;0;2;3;2;2;2;3;2;4;2;2
24,single,manhattan,cut,6,0;1;1;0;0;0;0;0;0;0;2;3;2;2;2;3;2;4;5;2
24,centroid,manhattan,height,0,0.058772579378661149
24,centroid,manhattan,height,1,0.081428539846962050
24,centroid,manhattan,height,2,0.090343312811508952
24,centroid,manhattan,height,3,0.166512241247166071
24,centroid,manhattan,height,4,0.272209448237180518
24,centroid,manhattan,height,5,0.307434928412778974
24,centroid,manhattan,height,6,0.311433051762143920
24,centroid,manhattan,height,7,0.324558504194728703
24,centroid,manhattan,height,8,0.495795646726983452
24,centroid,manhattan,height,9,0.544458941203065372
24,centroid,manhattan,height,10,0.559905392107846955
24,centroid,manhattan,height,11,0.664644538942992469
24,centroid,manhattan,height,12,0.802259554300961519
24,centroid,manhattan,height,13,0.749912605553929024
24,centroid,manhattan,height,14,0.811336703339918364
24,centroid,manhattan,height,15,0.820489692129892201
24,centroid,manhattan,height,16,1.183780130708758760
24,centroid,manhattan,height,17,1.319644217188080004
24,centroid,manhattan,height,18,2.930848839201464440
24,centroid,manhattan,cut,2,0;0;0;0;0;0;0;0;0;0;1;1;1;1;1;1;1;1;1;1
24,centroid,manhattan,cut,3,0;1;1;0;0;0;0;0;0;0;2;2;2;2;2;2;2;2;2;2
24,centroid,manhattan,cut,4,0;1;1;0;0;0;0;0;0;0;2;3;2;2;2;3;2;3;2;2
24,centroid,manhattan,cut,5,0;1;1;0;0;0;0;0;0;0;2;3;2;2;2;3;2;4;2;2
24,centroid,manhattan,cut,6,0;1;1;0;0;0;0;0;0;0;2;3;2;2;2;3;2;4;5;5
25,average,euclidean,height,0,0.072761509956276352
25,average,euclidean,height,1,0.102357258938706439
25,average,euclidean,height,2,0.140768448471574908
25,average,euclidean,height,3,0.250678276770647301
25,average,euclidean,height,4,0.251828236883716472
25,average,euclidean,height,5,0.282132169355266582
25,average,euclidean,height,6,0.374138071322874466
25,average,euclidean,height,7,0.415679777477256263
25,average,euclidean,height,8,0.554802860865138969
25,average,euclidean,height,9,0.603254131475105981
25,average,euclidean,height,10,0.652700378754389465
25,average,euclidean,height,11,0.675831879175921579
25,average,euclidean,height,12,0.764131351490522581
25,average,euclidean,height,13,0.853175761378690334
25,average,euclidean,height,14,0.918672819984325262
25,average,euclidean,height,15,1.002130816443994599
25,average,euclidean,height,16,1.205643060379527842
25,average,euclidean,height,17,1.208129127417338466
25,average,euclidean,height,18,2.841992643087481785
25,average,euclidean,cut,2,0;0;0;0;0;0;0;0;0;0;1;1;1;1;1;1;1;1;1;1
25,average,euclidean,cut,3,0;0;0;0;0;1;1;0;0;0;2;2;2;2;2;2;2;2;2;2
25,average,euclidean,cut,4,0;0;0;0;0;1;1;0;0;0;2;3;2;2;2;2;2;2;2;3
25,average,euclidean,cut,5,0;0;0;0;0;1;1;0;0;0;2;3;4;2;4;2;4;2;4;3
25,average,euclidean,cut,6,0;0;0;1;0;2;2;0;0;1;3;4;5;3;5;3;5;3;5;4
25,complete,euclidean,height,0,0.072761509956276352
25,complete,euclidean,height,1,0.102357258938706439
25,complete,euclidean,height,2,0.172589318083624682
25,complete,euclidean,height,3,0.250678276770647301
25,complete,euclidean,height,4,0.251828236883716472
25,complete,euclidean,height,5,0.313225653225236100
25,complete,euclidean,height,6,0.374138071322874466
25,complete,euclidean,height,7,0.419520189495585671
25,complete,euclidean,height,8,0.554802860865138969
25,complete,euclidean,height,9,0.693104796670157675
25,complete,euclidean,height,10,0.762033628555882636
25,complete,euclidean,height,11,0.764131351490522581
25,complete,euclidean,height,12,0.777100093212289234
25,complete,euclidean,height,13,0.998013445428779122
25,complete,euclidean,height,14,1.424404621934875825
25,complete,euclidean,height,15,1.582750469489867529
25,complete,euclidean,height,16,1.591901985303785017
25,complete,euclidean,height,17,1.819290725815565724
25,complete,euclidean,height,18,4.217810429509891712
25,complete,euclidean,cut,2,0;0;0;0;0;0;0;0;0;0;1;1;1;1;1;1;1;1;1;1
25,complete,euclidean,cut,3,0;0;0;0;0;0;0;0;0;0;1;1;2;1;1;1;1;1;2;1
25,complete,euclidean,cut,4,0;0;0;0;0;0;0;0;0;0;1;2;3;1;2;1;2;1;3;2
25,complete,euclidean,cut,5,0;0;0;0;0;1;1;0;0;0;2;3;4;2;3;2;3;2;4;3
25,complete,euclidean,cut,6,0;0;0;1;0;2;2;0;0;1;3;4;5;3;4;3;4;3;5;4
25,ward.D2,euclidean,height,0,0.072761509956276352
25,ward.D2,euclidean,height,1,0.102357258938706439
25,ward.D2,euclidean,height,2,0.155816437787546086
25,ward.D2,euclidean,height,3,0.250678276770647301
25,ward.D2,euclidean,height,4,0.251828236883716472
25,ward.D2,euclidean,height,5,0.334493224183935789
25,ward.D2,euclidean,height,6,0.374138071322874466
25,ward.D2,euclidean,height,7,0.427689096244315170
25,ward.D2,euclidean,height,8,0.554802860865138969
25,ward.D2,euclidean,height,9,0.747753611798933959
25,ward.D2,euclidean,height,10,0.764131351490522581
25,ward.D2,euclidean,height,11,0.815095115931469549
25,ward.D2,euclidean,height,12,0.816192913489980909
25,ward.D2,euclidean,height,13,1.139734405202604828
25,ward.D2,euclidean,height,14,1.514408985649151385
25,ward.D2,euclidean,height,15,1.702188607573041468
25,ward.D2,euclidean,height,16,1.975126625976979966
25,ward.D2,euclidean,height,17,1.977053188535567330
25,ward.D2,euclidean,height,18,8.731704216952817177
25,ward.D2,euclidean,cut,2,0;0;0;0;0;0;0;0;0;0;1;1;1;1;1;1;1;1;1;1
25,ward.D2,euclidean,cut,3,0;0;0;0;0;1;1;0;0;0;2;2;2;2;2;2;2;2;2;2
25,ward.D2,euclidean,cut,4,0;0;0;0;0;1;1;0;0;0;2;2;3;2;2;2;2;2;3;2
25,ward.D2,euclidean,cut,5,0;0;0;0;0;1;1;0;0;0;2;3;4;2;3;2;3;2;4;3
25,ward.D2,euclidean,cut,6,0;0;0;1;0;2;2;0;0;1;3;4;5;3;4;3;4;3;5;4
25,single,euclidean,height,0,0.072761509956276352
25,single,euclidean,height,1,0.102357258938706439
25,single,euclidean,height,2,0.108947578859525135
25,single,euclidean,height,3,0.245331847051698748
25,single,euclidean,height,4,0.250678276770647301
25,single,euclidean,height,5,0.251828236883716472
25,single,euclidean,height,6,0.374138071322874466
25,single,euclidean,height,7,0.411839365458926854
25,single,euclidean,height,8,0.427689096244315170
25,single,euclidean,height,9,0.449953983214601450
25,single,euclidean,height,10,0.519793102953105435
25,single,euclidean,height,11,0.520695199067891079
25,single,euclidean,height,12,0.554802860865138969
25,single,euclidean,height,13,0.568521364840763210
25,single,euclidean,height,14,0.606396916910875494
25,single,euclidean,height,15,0.614340972473864322
25,single,euclidean,height,16,0.656754171496166106
25,single,euclidean,height,17,0.764131351490522581
25,single,euclidean,height,18,1.348349350763350385
25,single,euclidean,cut,2,0;0;0;0;0;0;0;0;0;0;1;1;1;1;1;1;1;1;1;1
25,single,euclidean,cut,3,0;0;0;0;0;0;0;0;0;0;1;2;1;1;1;1;1;1;1;1
25,single,euclidean,cut,4,0;0;0;0;0;0;0;0;0;0;1;2;1;1;1;1;1;1;1;3
25,single,euclidean,cut,5,0;0;0;1;0;0;0;0;0;1;2;3;2;2;2;2;2;2;2;4
25,single,euclidean,cut,6,0;0;0;1;0;2;2;0;0;1;3;4;3;3;3;3;3;3;3;5
25,centroid,euclidean,height,0,0.072761509956276352
25,centroid,euclidean,height,1,0.102357258938706439
25,centroid,euclidean,height,2,0.134940993451212465
25,centroid,euclidean,height,3,0.250678276770647301
25,centroid,euclidean,height,4,0.251828236883716472
25,centroid,euclidean,height,5,0.273112573889674914
25,centroid,euclidean,height,6,0.374138071322874466
25,centroid,euclidean,height,7,0.414102483493195783
25,centroid,euclidean,height,8,0.554802860865138969
25,centroid,euclidean,height,9,0.591151135475496914
25,centroid,euclidean,height,10,0.632220312247841365
25,centroid,euclidean,height,11,0.642213285070365125
25,centroid,euclidean,height,12,0.764131351490522581
25,centroid,euclidean,height,13,0.805913926670378311
25,centroid,euclidean,height,14,0.851094303786520734
25,centroid,euclidean,height,15,0.874344435527725561
25,centroid,euclidean,height,16,1.104129349963582252
25,centroid,euclidean,height,17,1.105206331174559020
25,centroid,euclidean,height,18,2.761207318046792647
25,centroid,euclidean,cut,2,0;0;0;0;0;0;0;0;0;0;1;1;1;1;1;1;1;1;1;1
25,centroid,euclidean,cut,3,0;0;0;0;0;1;1;0;0;0;2;2;2;2;2;2;2;2;2;2
25,centroid,euclidean,cut,4,0;0;0;0;0;1;1;0;0;0;2;2;3;2;2;2;2;2;3;2
25,centroid,euclidean,cut,5,0;0;0;1;0;2;2;0;0;1;3;3;4;3;3;3;3;3;4;3
25,centroid,euclidean,cut,6,0;0;0;1;0;2;2;0;0;1;3;4;5;3;4;3;4;3;5;4
25,average,manhattan,height,0,0.08518257068084234
25,average,manhattan,height,1,0.13740215854956944
25,average,manhattan,height,2,0.17681847594411601
25,average,manhattan,height,3,0.29606329205514748
25,average,manhattan,height,4,0.33446674019786471
25,average,manhattan,height,5,0.35504821286373422
25,average,manhattan,height,6,0.47263997881667552
25,average,manhattan,height,7,0.51687726291565173
25,average,manhattan,height,8,0.68126235058555529
25,average,manhattan,height,9,0.73702931392834015
25,average,manhattan,height,10,0.77418856519165935
25,average,manhattan,height,11,0.90048242032792669
25,average,manhattan,height,12,0.97265939623567721
25,average,manhattan,height,13,1.13513610137608612
25,average,manhattan,height,14,1.30476270712886766
25,average,manhattan,height,15,1.32731338459182902
25,average,manhattan,height,16,1.36069290324247327
25,average,manhattan,height,17,1.67815163107145326
25,average,manhattan,height,18,3.31703579450121433
25,average,manhattan,cut,2,0;0;0;0;0;0;0;0;0;0;1;1;1;1;1;1;1;1;1;1
25,average,manhattan,cut,3,0;0;0;0;0;0;0;0;0;0;1;2;1;1;1;1;1;1;1;1
25,average,manhattan,cut,4,0;0;0;0;0;0;0;0;0;0;1;2;3;1;1;1;1;1;3;1
25,average,manhattan,cut,5,0;0;1;0;0;1;1;0;0;0;2;3;4;2;2;2;2;2;4;2
25,average,manhattan,cut,6,0;0;1;2;0;1;1;0;0;2;3;4;5;3;3;3;3;3;5;3
25,complete,manhattan,height,0,0.08518257068084234
25,complete,manhattan,height,1,0.13740215854956944
25,complete,manhattan,height,2,0.19959271435514625
25,complete,manhattan,height,3,0.29606329205514748
25,complete,manhattan,height,4,0.35504821286373422
25,complete,manhattan,height,5,0.37471952304914219
25,complete,manhattan,height,6,0.47263997881667552
25,complete,manhattan,height,7,0.54574075332498162
25,complete,manhattan,height,8,0.68126235058555529
25,complete,manhattan,height,9,0.89199449248492735
25,complete,manhattan,height,10,0.90855229177870678
25,complete,manhattan,height,11,1.00573404846654935
25,complete,manhattan,height,12,1.23309943316964898
25,complete,manhattan,height,13,1.37258573766221748
25,complete,manhattan,height,14,1.76615867221988299
25,complete,manhattan,height,15,1.83209257568784945
25,complete,manhattan,height,16,2.13311939640473369
25,complete,manhattan,height,17,2.56223592653058319
25,complete,manhattan,height,18,5.26396653760875921
25,complete,manhattan,cut,2,0;0;0;0;0;0;0;0;0;0;1;1;1;1;1;1;1;1;1;1
25,complete,manhattan,cut,3,0;0;0;0;0;0;0;0;0;0;1;2;1;1;2;1;2;1;1;2
25,complete,manhattan,cut,4,0;0;1;0;0;1;1;0;0;0;2;3;2;2;3;2;3;2;2;3
25,complete,manhattan,cut,5,0;0;1;0;0;1;1;0;0;0;2;3;4;2;3;2;3;2;4;3
25,complete,manhattan,cut,6,0;0;1;2;0;1;1;0;0;2;3;4;5;3;4;3;4;3;5;4
25,ward.D2,manhattan,height,0, 0.08518257068084234
25,ward.D2,manhattan,height,1, 0.13740215854956944
25,ward.D2,manhattan,height,2, 0.18995999956791648
25,ward.D2,manhattan,height,3, 0.29606329205514748
25,ward.D2,manhattan,height,4, 0.35504821286373422
25,ward.D2,manhattan,height,5, 0.39432997131571107
25,ward.D2,manhattan,height,6, 0.47263997881667552
25,ward.D2,manhattan,height,7, 0.59064368269840684
25,ward.D2,manhattan,height,8, 0.68126235058555529
25,ward.D2,manhattan,height,9, 0.91740921792113928
25,ward.D2,manhattan,height,10, 0.92820008790630337
25,ward.D2,manhattan,height,11, 1.01074208377469299
25,ward.D2,manhattan,height,12, 1.09414546037376081
25,ward.D2,manhattan,height,13, 1.37937220520667747
25,ward.D2,manhattan,height,14, 2.02822507401927954
25,ward.D2,manhattan,height,15, 2.04965414546945324
25,ward.D2,manhattan,height,16, 2.43969502522067572
25,ward.D2,manhattan,height,17, 2.59624341294922756
25,ward.D2,manhattan,height,18,10.10221008629611639
25,ward.D2,manhattan,cut,2,0;0;0;0;0;0;0;0;0;0;1;1;1;1;1;1;1;1;1;1
25,ward.D2,manhattan,cut,3,0;0;0;0;0;0;0;0;0;0;1;2;1;1;2;1;2;1;1;2
25,ward.D2,manhattan,cut,4,0;0;1;1;0;1;1;0;0;1;2;3;2;2;3;2;3;2;2;3
25,ward.D2,manhattan,cut,5,0;0;1;1;0;1;1;0;0;1;2;3;4;2;3;2;3;2;4;3
25,ward.D2,manhattan,cut,6,0;0;1;2;0;1;1;0;0;2;3;4;5;3;4;3;4;3;5;4
25,single,manhattan,height,0,0.08518257068084234
25,single,manhattan,height,1,0.13740215854956944
25,single,manhattan,height,2,0.15404423753308577
25,single,manhattan,height,3,0.29606329205514748
25,single,manhattan,height,4,0.29950965131737034
25,single,manhattan,height,5,0.35504821286373422
25,single,manhattan,height,6,0.47263997881667552
25,single,manhattan,height,7,0.48801377250632194
25,single,manhattan,height,8,0.51727496943578521
25,single,manhattan,height,9,0.59064368269840684
25,single,manhattan,height,10,0.62363869107890324
25,single,manhattan,height,11,0.67663539089930347
25,single,manhattan,height,12,0.68126235058555529
25,single,manhattan,height,13,0.68341999352854188
25,single,manhattan,height,14,0.71221935930170543
25,single,manhattan,height,15,0.75164713506778458
25,single,manhattan,height,16,0.76273358600874830
25,single,manhattan,height,17,1.01074208377469299
25,single,manhattan,height,18,1.53739426495940479
25,single,manhattan,cut,2,0;0;0;0;0;0;0;0;0;0;1;1;1;1;1;1;1;1;1;1
25,single,manhattan,cut,3,0;0;0;0;0;0;0;0;0;0;1;2;1;1;1;1;1;1;1;1
25,single,manhattan,cut,4,0;0;0;0;0;0;0;0;0;0;1;2;1;1;1;1;1;1;1;3
25,single,manhattan,cut,5,0;0;0;0;0;0;0;0;0;0;1;2;1;1;3;1;3;1;1;4
25,single,manhattan,cut,6,0;0;0;0;0;0;1;0;0;0;2;3;2;2;4;2;4;2;2;5
25,centroid,manhattan,height,0,0.08518257068084234
25,centroid,manhattan,height,1,0.13740215854956944
25,centroid,manhattan,height,2,0.16451018532869668
25,centroid,manhattan,height,3,0.29606329205514748
25,centroid,manhattan,height,4,0.32196907333660635
25,centroid,manhattan,height,5,0.35504821286373422
25,centroid,manhattan,height,6,0.47263997881667552
25,centroid,manhattan,height,7,0.51592750305719903
25,centroid,manhattan,height,8,0.68126235058555529
25,centroid,manhattan,height,9,0.73380660053810731
25,centroid,manhattan,height,10,0.74636513933586346
25,centroid,manhattan,height,11,0.89444570898397124
25,centroid,manhattan,height,12,0.94755776411909676
25,centroid,manhattan,height,13,1.02248292952013009
25,centroid,manhattan,height,14,1.24230080261963205
25,centroid,manhattan,height,15,1.25922333445404444
25,centroid,manhattan,height,16,1.13463182276525920
25,centroid,manhattan,height,17,1.56582110635687233
25,centroid,manhattan,height,18,3.19459932742218866
25,centroid,manhattan,cut,2,0;0;0;0;0;0;0;0;0;0;1;1;1;1;1;1;1;1;1;1
25,centroid,manhattan,cut,3,0;0;0;0;0;0;0;0;0;0;1;2;1;1;1;1;1;1;1;1
25,centroid,manhattan,cut,4,0;0;0;1;0;0;0;0;0;1;2;3;2;2;2;2;2;2;2;2
25,centroid,manhattan,cut,5,0;0;1;2;0;1;1;0;0;2;3;4;3;3;3;3;3;3;3;3
25,centroid,manhattan,cut,6,0;0;1;2;0;1;1;0;0;2;3;4;5;3;3;3;3;3;5;3
26,average,euclidean,height,0,0.12133639438423528
26,average,euclidean,height,1,0.18306478476273680
26,average,euclidean,height,2,0.18456173483398461
26,average,euclidean,height,3,0.18644451150643865
26,average,euclidean,height,4,0.21311299791217533
26,average,euclidean,height,5,0.23646669989934921
26,average,euclidean,height,6,0.32756251864733960
26,average,euclidean,height,7,0.52645864869377013
26,average,euclidean,height,8,0.57426123554514064
26,average,euclidean,height,9,0.58472499951134638
26,average,euclidean,height,10,0.67002166585283518
26,average,euclidean,height,11,0.76739854193672841
26,average,euclidean,height,12,0.86033742398353774
26,average,euclidean,height,13,0.89318653548418125
26,average,euclidean,height,14,0.94443215738442787
26,average,euclidean,height,15,1.14757340164611410
26,average,euclidean,height,16,1.43163343179606994
26,average,euclidean,height,17,1.90686967651972572
26,average,euclidean,height,18,3.41251709205327369
26,average,euclidean,cut,2,0;0;0;0;0;0;0;0;0;0;1;1;1;1;1;1;1;1;1;1
26,average,euclidean,cut,3,0;0;0;0;0;0;0;0;0;0;1;1;2;1;1;1;1;1;1;2
26,average,euclidean,cut,4,0;0;0;0;0;0;0;0;0;0;1;1;2;1;1;1;3;1;1;2
26,average,euclidean,cut,5,0;0;0;0;0;0;0;0;0;0;1;2;3;1;1;1;4;2;1;3
26,average,euclidean,cut,6,0;0;0;0;0;0;1;0;0;0;2;3;4;2;2;2;5;3;2;4
26,complete,euclidean,height,0,0.12133639438423528
26,complete,euclidean,height,1,0.18456173483398461
26,complete,euclidean,height,2,0.18644451150643865
26,complete,euclidean,height,3,0.21918214683304091
26,complete,euclidean,height,4,0.23666046118533166
26,complete,euclidean,height,5,0.25934433457674894
26,complete,euclidean,height,6,0.36462254259515009
26,complete,euclidean,height,7,0.57426123554514064
26,complete,euclidean,height,8,0.63194451776913185
26,complete,euclidean,height,9,0.69953293243549963
26,complete,euclidean,height,10,0.75426864527813275
26,complete,euclidean,height,11,0.84402601997436466
26,complete,euclidean,height,12,0.86033742398353774
26,complete,euclidean,height,13,1.16530834794830107
26,complete,euclidean,height,14,1.24749014234306088
26,complete,euclidean,height,15,1.37490850275712262
26,complete,euclidean,height,16,2.28220130531689458
26,complete,euclidean,height,17,3.11129276646530517
26,complete,euclidean,height,18,5.67781674870694264
26,complete,euclidean,cut,2,0;0;0;0;0;0;0;0;0;0;1;1;1;1;1;1;1;1;1;1
26,complete,euclidean,cut,3,0;0;0;0;0;0;0;0;0;0;1;1;2;1;1;1;1;1;1;2
26,complete,euclidean,cut,4,0;0;0;0;0;0;0;0;0;0;1;1;2;3;1;1;3;1;1;2
26,complete,euclidean,cut,5,0;0;0;0;0;0;0;0;0;0;1;2;3;4;1;1;4;2;1;3
26,complete,euclidean,cut,6,0;1;1;0;0;0;1;0;0;1;2;3;4;5;2;2;5;3;2;4
26,ward.D2,euclidean,height,0, 0.12133639438423528
26,ward.D2,euclidean,height,1, 0.18456173483398461
26,ward.D2,euclidean,height,2, 0.18644451150643865
26,ward.D2,euclidean,height,3, 0.20375327927865089
26,ward.D2,euclidean,height,4, 0.22347520194862183
26,ward.D2,euclidean,height,5, 0.25232121686982728
26,ward.D2,euclidean,height,6, 0.36462254259515009
26,ward.D2,euclidean,height,7, 0.57426123554514064
26,ward.D2,euclidean,height,8, 0.69829654958866261
26,ward.D2,euclidean,height,9, 0.81150412456351817
26,ward.D2,euclidean,height,10, 0.84402601997436466
26,ward.D2,euclidean,height,11, 0.86033742398353774
26,ward.D2,euclidean,height,12, 0.89645890718185073
26,ward.D2,euclidean,height,13, 1.05637074779902518
26,ward.D2,euclidean,height,14, 1.28660770722742623
26,ward.D2,euclidean,height,15, 1.45675503115314853
26,ward.D2,euclidean,height,16, 2.07535488526640277
26,ward.D2,euclidean,height,17, 3.24610104935871568
26,ward.D2,euclidean,height,18,10.64755309729722299
26,ward.D2,euclidean,cut,2,0;0;0;0;0;0;0;0;0;0;1;1;1;1;1;1;1;1;1;1
26,ward.D2,euclidean,cut,3,0;0;0;0;0;0;0;0;0;0;1;1;2;1;1;1;1;1;1;2
26,ward.D2,euclidean,cut,4,0;0;0;0;0;0;0;0;0;0;1;1;2;3;1;1;3;1;1;2
26,ward.D2,euclidean,cut,5,0;0;0;0;0;0;0;0;0;0;1;2;3;4;1;1;4;2;1;3
26,ward.D2,euclidean,cut,6,0;1;1;0;0;0;1;0;0;1;2;3;4;5;2;2;5;3;2;4
26,single,euclidean,height,0,0.12133639438423528
26,single,euclidean,height,1,0.14694742269243272
26,single,euclidean,height,2,0.18456173483398461
26,single,euclidean,height,3,0.18644451150643865
26,single,euclidean,height,4,0.18956553463901901
26,single,euclidean,height,5,0.21358906522194951
26,single,euclidean,height,6,0.25002527129543811
26,single,euclidean,height,7,0.28310854934228596
26,single,euclidean,height,8,0.36462254259515009
26,single,euclidean,height,9,0.56134655672367029
26,single,euclidean,height,10,0.57426123554514064
26,single,euclidean,height,11,0.57548221716500847
26,single,euclidean,height,12,0.59382129231429570
26,single,euclidean,height,13,0.63130660736045108
26,single,euclidean,height,14,0.84402601997436466
26,single,euclidean,height,15,0.84481983131965610
26,single,euclidean,height,16,0.86033742398353774
26,single,euclidean,height,17,1.06288496451849235
26,single,euclidean,height,18,1.51839969324049795
26,single,euclidean,cut,2,0;0;0;0;0;0;0;0;0;0;1;1;1;1;1;1;1;1;1;1
26,single,euclidean,cut,3,0;0;0;0;0;0;0;0;0;0;1;1;2;1;1;1;1;1;1;2
26,single,euclidean,cut,4,0;0;0;0;0;0;0;0;0;0;1;1;2;1;1;1;1;3;1;2
26,single,euclidean,cut,5,0;0;0;0;0;0;0;0;0;0;1;2;3;1;1;1;1;4;1;3
26,single,euclidean,cut,6,0;0;0;0;0;0;0;0;0;0;1;2;3;1;1;1;4;5;1;3
26,centroid,euclidean,height,0,0.12133639438423528
26,centroid,euclidean,height,1,0.17645551595969713
26,centroid,euclidean,height,2,0.18456173483398461
26,centroid,euclidean,height,3,0.18644451150643865
26,centroid,euclidean,height,4,0.19353520200336419
26,centroid,euclidean,height,5,0.21851658372307312
26,centroid,euclidean,height,6,0.31472149448115239
26,centroid,euclidean,height,7,0.50276385976616222
26,centroid,euclidean,height,8,0.52309183363791945
26,centroid,euclidean,height,9,0.57426123554514064
26,centroid,euclidean,height,10,0.66259034311486009
26,centroid,euclidean,height,11,0.71870744669137654
26,centroid,euclidean,height,12,0.85937641901243933
26,centroid,euclidean,height,13,0.86033742398353774
26,centroid,euclidean,height,14,0.87828209661777235
26,centroid,euclidean,height,15,1.02820159318386684
26,centroid,euclidean,height,16,1.37208521673687578
26,centroid,euclidean,height,17,1.81462565204987225
26,centroid,euclidean,height,18,3.36705192950396448
26,centroid,euclidean,cut,2,0;0;0;0;0;0;0;0;0;0;1;1;1;1;1;1;1;1;1;1
26,centroid,euclidean,cut,3,0;0;0;0;0;0;0;0;0;0;1;1;2;1;1;1;1;1;1;2
26,centroid,euclidean,cut,4,0;0;0;0;0;0;0;0;0;0;1;1;2;1;1;1;3;1;1;2
26,centroid,euclidean,cut,5,0;0;0;0;0;0;0;0;0;0;1;2;3;1;1;1;4;2;1;3
26,centroid,euclidean,cut,6,0;0;0;0;0;0;1;0;0;0;2;3;4;2;2;2;5;3;2;4
26,average,manhattan,height,0,0.13889685113774064
26,average,manhattan,height,1,0.19066062238100240
26,average,manhattan,height,2,0.23755731027057544
26,average,manhattan,height,3,0.24936444283555864
26,average,manhattan,height,4,0.27943618622658695
26,average,manhattan,height,5,0.30514026372457181
26,average,manhattan,height,6,0.41699177334714060
26,average,manhattan,height,7,0.59579884762726709
26,average,manhattan,height,8,0.63807190150295978
26,average,manhattan,height,9,0.80783755448105787
26,average,manhattan,height,10,0.93544430077922103
26,average,manhattan,height,11,0.99414667789695976
26,average,manhattan,height,12,1.00688057081630400
26,average,manhattan,height,13,1.20080734373966180
26,average,manhattan,height,14,1.21339359212821662
26,average,manhattan,height,15,1.39395619623788836
26,average,manhattan,height,16,1.67884736068014528
26,average,manhattan,height,17,2.31117720649253444
26,average,manhattan,height,18,3.81741756515669994
26,average,manhattan,cut,2,0;0;0;0;0;0;0;0;0;0;1;1;1;1;1;1;1;1;1;1
26,average,manhattan,cut,3,0;0;0;0;0;0;0;0;0;0;1;1;2;1;1;1;1;1;1;2
26,average,manhattan,cut,4,0;0;0;0;0;0;0;0;0;0;1;2;3;1;1;1;1;2;1;3
26,average,manhattan,cut,5,0;0;0;0;0;0;0;0;0;0;1;2;3;1;1;1;4;2;1;3
26,average,manhattan,cut,6,0;0;0;0;0;0;0;0;0;0;1;2;3;1;1;1;4;5;1;3
26,complete,manhattan,height,0,0.13889685113774064
26,complete,manhattan,height,1,0.19066062238100240
26,complete,manhattan,height,2,0.23755731027057544
26,complete,manhattan,height,3,0.29759551107874593
26,complete,manhattan,height,4,0.29974476128521138
26,complete,manhattan,height,5,0.36046966742490200
26,complete,manhattan,height,6,0.51035420856438241
26,complete,manhattan,height,7,0.80783755448105787
26,complete,manhattan,height,8,0.86251601242869813
26,complete,manhattan,height,9,0.88353765778979687
26,complete,manhattan,height,10,1.03519769148089180
26,complete,manhattan,height,11,1.16417310330428392
26,complete,manhattan,height,12,1.21339359212821662
26,complete,manhattan,height,13,1.47933650541706396
26,complete,manhattan,height,14,1.63865273870060091
26,complete,manhattan,height,15,1.72524389017147528
26,complete,manhattan,height,16,2.70937064947074324
26,complete,manhattan,height,17,3.16530275955602614
26,complete,manhattan,height,18,5.95236323409651735
26,complete,manhattan,cut,2,0;0;0;0;0;0;0;0;0;0;1;1;1;1;1;1;1;1;1;1
26,complete,manhattan,cut,3,0;0;0;0;0;0;0;0;0;0;1;2;2;1;1;1;1;2;1;2
26,complete,manhattan,cut,4,0;0;0;0;0;0;0;0;0;0;1;2;3;1;1;1;1;2;1;3
26,complete,manhattan,cut,5,0;1;1;0;0;0;1;0;0;1;2;3;4;2;2;2;2;3;2;4
26,complete,manhattan,cut,6,0;1;1;0;0;0;1;0;0;1;2;3;4;2;2;2;5;3;2;4
26,ward.D2,manhattan,height,0, 0.13889685113774064
26,ward.D2,manhattan,height,1, 0.19066062238100240
26,ward.D2,manhattan,height,2, 0.23755731027057544
26,ward.D2,manhattan,height,3, 0.28260152871438871
26,ward.D2,manhattan,height,4, 0.29281615241466991
26,ward.D2,manhattan,height,5, 0.34075221736242611
26,ward.D2,manhattan,height,6, 0.49730393467369266
26,ward.D2,manhattan,height,7, 0.59579884762726709
26,ward.D2,manhattan,height,8, 0.80783755448105787
26,ward.D2,manhattan,height,9, 1.03519769148089180
26,ward.D2,manhattan,height,10, 1.12591106591708257
26,ward.D2,manhattan,height,11, 1.21339359212821662
26,ward.D2,manhattan,height,12, 1.24058113112115098
26,ward.D2,manhattan,height,13, 1.36420603418869280
26,ward.D2,manhattan,height,14, 1.68451781502270781
26,ward.D2,manhattan,height,15, 1.80442430120619379
26,ward.D2,manhattan,height,16, 2.65007512485957220
26,ward.D2,manhattan,height,17, 3.83207528966602551
26,ward.D2,manhattan,height,18,11.73314996831844326
26,ward.D2,manhattan,cut,2,0;0;0;0;0;0;0;0;0;0;1;1;1;1;1;1;1;1;1;1
26,ward.D2,manhattan,cut,3,0;0;0;0;0;0;0;0;0;0;1;1;2;1;1;1;1;1;1;2
26,ward.D2,manhattan,cut,4,0;0;0;0;0;0;0;0;0;0;1;2;3;1;1;1;1;2;1;3
26,ward.D2,manhattan,cut,5,0;1;1;0;0;0;1;0;0;0;2;3;4;2;2;2;2;3;2;4
26,ward.D2,manhattan,cut,6,0;1;1;0;0;0;1;0;0;0;2;3;4;2;2;2;5;3;2;4
26,single,manhattan,height,0,0.13889685113774064
26,single,manhattan,height,1,0.19066062238100240
26,single,manhattan,height,2,0.19898412438590590
26,single,manhattan,height,3,0.23755731027057544
26,single,manhattan,height,4,0.24981086002424169
26,single,manhattan,height,5,0.26127686137442796
26,single,manhattan,height,6,0.30149438976905879
26,single,manhattan,height,7,0.31420837869683976
26,single,manhattan,height,8,0.51035420856438241
26,single,manhattan,height,9,0.59579884762726709
26,single,manhattan,height,10,0.79146373782347412
26,single,manhattan,height,11,0.80370343587938198
26,single,manhattan,height,12,0.80783755448105787
26,single,manhattan,height,13,0.80979636042036529
26,single,manhattan,height,14,1.03398660197535963
26,single,manhattan,height,15,1.09527572801633433
26,single,manhattan,height,16,1.12363567779570661
26,single,manhattan,height,17,1.41260788516403468
26,single,manhattan,height,18,1.86644603405096987
26,single,manhattan,cut,2,0;0;0;0;0;0;0;0;0;0;1;1;1;1;1;1;1;1;1;1
26,single,manhattan,cut,3,0;0;0;0;0;0;0;0;0;0;1;1;2;1;1;1;1;1;1;2
26,single,manhattan,cut,4,0;0;0;0;0;0;0;0;0;0;1;1;2;1;1;1;1;3;1;2
26,single,manhattan,cut,5,0;0;0;0;0;0;0;0;0;0;1;1;2;1;1;1;3;4;1;2
26,single,manhattan,cut,6,0;0;0;0;0;0;0;0;0;0;1;2;3;1;1;1;4;5;1;3
26,centroid,manhattan,height,0,0.13889685113774064
26,centroid,manhattan,height,1,0.19066062238100240
26,centroid,manhattan,height,2,0.23755731027057544
26,centroid,manhattan,height,3,0.24474010301497809
26,centroid,manhattan,height,4,0.25358622662952024
26,centroid,manhattan,height,5,0.29510007663173787
26,centroid,manhattan,height,6,0.40604696234297527
26,centroid,manhattan,height,7,0.59579884762726709
26,centroid,manhattan,height,8,0.60806147230638441
26,centroid,manhattan,height,9,0.80783755448105787
26,centroid,manhattan,height,10,0.92777911224832033
26,centroid,manhattan,height,11,0.90812811653105274
26,centroid,manhattan,height,12,0.95347442522397163
26,centroid,manhattan,height,13,1.12759629177196019
26,centroid,manhattan,height,14,1.21339359212821662
26,centroid,manhattan,height,15,1.29969675702439091
26,centroid,manhattan,height,16,1.69607604400428746
26,centroid,manhattan,height,17,2.14219521064760787
26,centroid,manhattan,height,18,3.71034780282187437
26,centroid,manhattan,cut,2,0;0;0;0;0;0;0;0;0;0;1;1;1;1;1;1;1;1;1;1
26,centroid,manhattan,cut,3,0;0;0;0;0;0;0;0;0;0;1;1;2;1;1;1;1;1;1;2
26,centroid,manhattan,cut,4,0;0;0;0;0;0;0;0;0;0;1;1;2;1;1;1;3;1;1;2
26,centroid,manhattan,cut,5,0;0;0;0;0;0;0;0;0;0;1;2;3;1;1;1;4;2;1;3
26,centroid,manhattan,cut,6,0;0;0;0;0;0;0;0;0;0;1;2;3;1;1;1;4;5;1;3
27,average,euclidean,height,0,0.044192078279415507
27,average,euclidean,height,1,0.097468228072964361
27,average,euclidean,height,2,0.155109153670388078
27,average,euclidean,height,3,0.191536047930494058
27,average,euclidean,height,4,0.238953371798214326
27,average,euclidean,height,5,0.249227346016572621
27,average,euclidean,height,6,0.375769414070303065
27,average,euclidean,height,7,0.387017616144805732
27,average,euclidean,height,8,0.426058230894545087
27,average,euclidean,height,9,0.426058952081702191
27,average,euclidean,height,10,0.500440581278551400
27,average,euclidean,height,11,0.559688983802201778
27,average,euclidean,height,12,0.645279591331188507
27,average,euclidean,height,13,0.648159557799802610
27,average,euclidean,height,14,0.711559213452253592
27,average,euclidean,height,15,1.013601040852631252
27,average,euclidean,height,16,1.118219270577333280
27,average,euclidean,height,17,1.474273079037486278
27,average,euclidean,height,18,2.918529165473624509
27,average,euclidean,cut,2,0;0;0;0;0;0;0;0;0;0;1;1;1;1;1;1;1;1;1;1
27,average,euclidean,cut,3,0;0;0;0;0;0;0;0;0;0;1;1;1;1;1;2;1;2;1;1
27,average,euclidean,cut,4,0;0;1;0;1;0;1;0;1;1;2;2;2;2;2;3;2;3;2;2
27,average,euclidean,cut,5,0;0;1;0;1;0;1;0;1;1;2;2;2;2;2;3;2;4;2;2
27,average,euclidean,cut,6,0;0;1;0;1;0;1;0;2;2;3;3;3;3;3;4;3;5;3;3
27,complete,euclidean,height,0,0.044192078279415507
27,complete,euclidean,height,1,0.097468228072964361
27,complete,euclidean,height,2,0.155109153670388078
27,complete,euclidean,height,3,0.191536047930494058
27,complete,euclidean,height,4,0.238953371798214326
27,complete,euclidean,height,5,0.249227346016572621
27,complete,euclidean,height,6,0.419979728318305767
27,complete,euclidean,height,7,0.432905912302916529
27,complete,euclidean,height,8,0.448424193152276607
27,complete,euclidean,height,9,0.511098387867607751
27,complete,euclidean,height,10,0.527372456750980878
27,complete,euclidean,height,11,0.770583042859772860
27,complete,euclidean,height,12,0.796696497820111094
27,complete,euclidean,height,13,0.870203635848605384
27,complete,euclidean,height,14,0.976468007420276618
27,complete,euclidean,height,15,1.013601040852631252
27,complete,euclidean,height,16,1.712973937083469789
27,complete,euclidean,height,17,2.092917307406358063
27,complete,euclidean,height,18,4.337079820033429733
27,complete,euclidean,cut,2,0;0;0;0;0;0;0;0;0;0;1;1;1;1;1;1;1;1;1;1
27,complete,euclidean,cut,3,0;0;0;0;0;0;0;0;0;0;1;1;1;1;1;2;1;2;1;1
27,complete,euclidean,cut,4,0;0;1;0;1;0;1;0;1;1;2;2;2;2;2;3;2;3;2;2
27,complete,euclidean,cut,5,0;0;1;0;1;0;1;0;1;1;2;2;2;2;2;3;2;4;2;2
27,complete,euclidean,cut,6,0;0;1;0;1;0;1;0;1;1;2;3;3;3;2;4;3;5;3;2
27,ward.D2,euclidean,height,0,0.044192078279415507
27,ward.D2,euclidean,height,1,0.097468228072964361
27,ward.D2,euclidean,height,2,0.155109153670388078
27,ward.D2,euclidean,height,3,0.191536047930494058
27,ward.D2,euclidean,height,4,0.238953371798214326
27,ward.D2,euclidean,height,5,0.249227346016572621
27,ward.D2,euclidean,height,6,0.412518503724022767
27,ward.D2,euclidean,height,7,0.438758686131643427
27,ward.D2,euclidean,height,8,0.472297128285143752
27,ward.D2,euclidean,height,9,0.480488114041088321
27,ward.D2,euclidean,height,10,0.577426623662886662
27,ward.D2,euclidean,height,11,0.794291330914402294
27,ward.D2,euclidean,height,12,0.892985527910794108
27,ward.D2,euclidean,height,13,0.991699570983487044
27,ward.D2,euclidean,height,14,1.013601040852631252
27,ward.D2,euclidean,height,15,1.041818765757612342
27,ward.D2,euclidean,height,16,2.335028125983824587
27,ward.D2,euclidean,height,17,2.461385306737016165
27,ward.D2,euclidean,height,18,9.046740789798779048
27,ward.D2,euclidean,cut,2,0;0;0;0;0;0;0;0;0;0;1;1;1;1;1;1;1;1;1;1
27,ward.D2,euclidean,cut,3,0;0;0;0;0;0;0;0;0;0;1;1;1;1;1;2;1;2;1;1
27,ward.D2,euclidean,cut,4,0;0;1;0;1;0;1;0;1;1;2;2;2;2;2;3;2;3;2;2
27,ward.D2,euclidean,cut,5,0;0;1;0;1;0;1;0;2;2;3;3;3;3;3;4;3;4;3;3
27,ward.D2,euclidean,cut,6,0;0;1;0;1;0;1;0;2;2;3;3;3;3;3;4;3;5;3;3
27,single,euclidean,height,0,0.044192078279415507
27,single,euclidean,height,1,0.097468228072964361
27,single,euclidean,height,2,0.155109153670388078
27,single,euclidean,height,3,0.191536047930494058
27,single,euclidean,height,4,0.238953371798214326
27,single,euclidean,height,5,0.249227346016572621
27,single,euclidean,height,6,0.258491631325231952
27,single,euclidean,height,7,0.280778600699538694
27,single,euclidean,height,8,0.325611039137334857
27,single,euclidean,height,9,0.331559099822300363
27,single,euclidean,height,10,0.361168411592447391
27,single,euclidean,height,11,0.419211991860487798
27,single,euclidean,height,12,0.422666408274700367
27,single,euclidean,height,13,0.489782774689495104
27,single,euclidean,height,14,0.589974635376002476
27,single,euclidean,height,15,0.672067010921862940
27,single,euclidean,height,16,0.727161702241850172
27,single,euclidean,height,17,0.732956508404078111
27,single,euclidean,height,18,1.013601040852631252
27,single,euclidean,cut,2,0;0;0;0;0;0;0;0;0;0;1;1;1;1;1;1;1;0;1;1
27,single,euclidean,cut,3,0;0;0;0;0;0;0;0;0;0;1;1;1;1;1;2;1;0;1;1
27,single,euclidean,cut,4,0;0;0;0;0;0;0;0;0;0;1;1;1;1;1;2;1;3;1;1
27,single,euclidean,cut,5,0;0;1;0;1;0;1;0;1;1;2;2;2;2;2;3;2;4;2;2
27,single,euclidean,cut,6,0;0;1;0;1;0;1;0;2;2;3;3;3;3;3;4;3;5;3;3
27,centroid,euclidean,height,0,0.044192078279415507
27,centroid,euclidean,height,1,0.097468228072964361
27,centroid,euclidean,height,2,0.155109153670388078
27,centroid,euclidean,height,3,0.191536047930494058
27,centroid,euclidean,height,4,0.238953371798214326
27,centroid,euclidean,height,5,0.249227346016572621
27,centroid,euclidean,height,6,0.357251503756149280
27,centroid,euclidean,height,7,0.379976168321086272
27,centroid,euclidean,height,8,0.390315898712315201
27,centroid,euclidean,height,9,0.392316902290959946
27,centroid,euclidean,height,10,0.500066124913536525
27,centroid,euclidean,height,11,0.612234042648802768
27,centroid,euclidean,height,12,0.551011224811409961
27,centroid,euclidean,height,13,0.627942432854005972
27,centroid,euclidean,height,14,0.672491121590933161
27,centroid,euclidean,height,15,1.008283866539936069
27,centroid,euclidean,height,16,1.190827114048356394
27,centroid,euclidean,height,17,1.193373028882371401
27,centroid,euclidean,height,18,2.885361172496653914
27,centroid,euclidean,cut,2,0;0;0;0;0;0;0;0;0;0;1;1;1;1;1;1;1;0;1;1
27,centroid,euclidean,cut,3,0;0;0;0;0;0;0;0;0;0;1;1;1;1;1;2;1;0;1;1
27,centroid,euclidean,cut,4,0;0;1;0;1;0;1;0;1;1;2;2;2;2;2;3;2;0;2;2
27,centroid,euclidean,cut,5,0;0;1;0;1;0;1;0;1;1;2;2;2;2;2;3;2;4;2;2
27,centroid,euclidean,cut,6,0;0;1;0;1;0;1;0;2;2;3;3;3;3;3;4;3;5;3;3
27,average,manhattan,height,0,0.057459663477942749
27,average,manhattan,height,1,0.099169279910210628
27,average,manhattan,height,2,0.187477707776934593
27,average,manhattan,height,3,0.246614163009123477
27,average,manhattan,height,4,0.254177359879106890
27,average,manhattan,height,5,0.351797590620120837
27,average,manhattan,height,6,0.479411541964891386
27,average,manhattan,height,7,0.515659911599049448
27,average,manhattan,height,8,0.528230546272518198
27,average,manhattan,height,9,0.553923536463830080
27,average,manhattan,height,10,0.703703297951582707
27,average,manhattan,height,11,0.707435649799919353
27,average,manhattan,height,12,0.834272754531636518
27,average,manhattan,height,13,0.838588387148737957
27,average,manhattan,height,14,0.859445283689985406
27,average,manhattan,height,15,1.242840230188284156
27,average,manhattan,height,16,1.635410886103058514
27,average,manhattan,height,17,1.680904195681105273
27,average,manhattan,height,18,3.346019395302380239
27,average,manhattan,cut,2,0;0;0;0;0;0;0;0;0;0;1;1;1;1;1;1;1;0;1;1
27,average,manhattan,cut,3,0;0;0;0;0;0;0;0;0;0;1;1;1;1;1;2;1;0;1;1
27,average,manhattan,cut,4,0;0;1;0;1;0;1;0;1;1;2;2;2;2;2;3;2;0;2;2
27,average,manhattan,cut,5,0;0;1;0;1;0;1;0;1;1;2;2;2;2;2;3;2;4;2;2
27,average,manhattan,cut,6,0;0;1;0;1;0;1;0;1;1;2;3;2;2;2;4;3;5;2;2
27,complete,manhattan,height,0,0.057459663477942749
27,complete,manhattan,height,1,0.099169279910210628
27,complete,manhattan,height,2,0.187477707776934593
27,complete,manhattan,height,3,0.246614163009123477
27,complete,manhattan,height,4,0.254177359879106890
27,complete,manhattan,height,5,0.351797590620120837
27,complete,manhattan,height,6,0.490216578276800208
27,complete,manhattan,height,7,0.533565798356657628
27,complete,manhattan,height,8,0.571681268948221355
27,complete,manhattan,height,9,0.715994215719486959
27,complete,manhattan,height,10,0.745078177469657321
27,complete,manhattan,height,11,0.932936254060906967
27,complete,manhattan,height,12,0.974139769961669622
27,complete,manhattan,height,13,1.083400349180465128
27,complete,manhattan,height,14,1.380840711698261059
27,complete,manhattan,height,15,1.383008696038964480
27,complete,manhattan,height,16,2.304697065117290222
27,complete,manhattan,height,17,2.514151632986556528
27,complete,manhattan,height,18,4.663061343536159420
27,complete,manhattan,cut,2,0;0;0;0;0;0;0;0;0;0;1;1;1;1;1;1;1;1;1;1
27,complete,manhattan,cut,3,0;0;0;0;0;0;0;0;0;0;1;1;1;1;1;2;1;2;1;1
27,complete,manhattan,cut,4,0;0;1;0;1;0;1;1;1;1;2;2;2;2;2;3;2;3;2;2
27,complete,manhattan,cut,5,0;0;1;0;1;0;1;1;1;1;2;2;2;2;2;3;2;4;2;2
27,complete,manhattan,cut,6,0;0;1;0;1;0;1;1;1;1;2;3;3;3;2;4;3;5;3;2
27,ward.D2,manhattan,height,0,0.057459663477942749
27,ward.D2,manhattan,height,1,0.099169279910210628
27,ward.D2,manhattan,height,2,0.187477707776934593
27,ward.D2,manhattan,height,3,0.246614163009123477
27,ward.D2,manhattan,height,4,0.254177359879106890
27,ward.D2,manhattan,height,5,0.351797590620120837
27,ward.D2,manhattan,height,6,0.515120424997658199
27,ward.D2,manhattan,height,7,0.581766162142385634
27,ward.D2,manhattan,height,8,0.592063557805957208
27,ward.D2,manhattan,height,9,0.628178227730101568
27,ward.D2,manhattan,height,10,0.812013132057818887
27,ward.D2,manhattan,height,11,1.033582173594512099
27,ward.D2,manhattan,height,12,1.116384077042294809
27,ward.D2,manhattan,height,13,1.194019019278898863
27,ward.D2,manhattan,height,14,1.350330152506077575
27,ward.D2,manhattan,height,15,1.383008696038964480
27,ward.D2,manhattan,height,16,2.957372453346516217
27,ward.D2,manhattan,height,17,4.552457793238527728
27,ward.D2,manhattan,height,18,9.556851811446774647
27,ward.D2,manhattan,cut,2,0;0;0;0;0;0;0;0;0;0;1;1;1;1;1;0;1;0;1;1
27,ward.D2,manhattan,cut,3,0;0;1;0;1;0;1;0;1;1;2;2;2;2;2;0;2;0;2;2
27,ward.D2,manhattan,cut,4,0;0;1;0;1;0;1;0;1;1;2;2;2;2;2;3;2;3;2;2
27,ward.D2,manhattan,cut,5,0;0;1;0;1;0;1;0;1;1;2;2;2;2;2;3;2;4;2;2
27,ward.D2,manhattan,cut,6,0;0;1;0;1;0;1;0;1;1;2;3;2;2;2;4;3;5;2;2
27,single,manhattan,height,0,0.057459663477942749
27,single,manhattan,height,1,0.099169279910210628
27,single,manhattan,height,2,0.187477707776934593
27,single,manhattan,height,3,0.246614163009123477
27,single,manhattan,height,4,0.254177359879106890
27,single,manhattan,height,5,0.323758586213130917
27,single,manhattan,height,6,0.351797590620120837
27,single,manhattan,height,7,0.393280586849536429
27,single,manhattan,height,8,0.459638554249877429
27,single,manhattan,height,9,0.468606505652982563
27,single,manhattan,height,10,0.476218538467167440
27,single,manhattan,height,11,0.522895294188378768
27,single,manhattan,height,12,0.563971026190112523
27,single,manhattan,height,13,0.691412380183678343
27,single,manhattan,height,14,0.747183534238590075
27,single,manhattan,height,15,0.812435353409042493
27,single,manhattan,height,16,0.928507194282464532
27,single,manhattan,height,17,1.033303166838659859
27,single,manhattan,height,18,1.383008696038964480
27,single,manhattan,cut,2,0;0;0;0;0;0;0;0;0;0;1;1;1;1;1;1;1;0;1;1
27,single,manhattan,cut,3,0;0;0;0;0;0;0;0;0;0;1;1;1;1;1;2;1;0;1;1
27,single,manhattan,cut,4,0;0;0;0;0;0;0;0;0;0;1;1;1;1;1;2;1;3;1;1
27,single,manhattan,cut,5,0;0;1;0;1;0;1;0;1;1;2;2;2;2;2;3;2;4;2;2
27,single,manhattan,cut,6,0;0;1;0;1;0;1;0;2;2;3;3;3;3;3;4;3;5;3;3
27,centroid,manhattan,height,0,0.057459663477942749
27,centroid,manhattan,height,1,0.099169279910210628
27,centroid,manhattan,height,2,0.187477707776934593
27,centroid,manhattan,height,3,0.246614163009123477
27,centroid,manhattan,height,4,0.254177359879106890
27,centroid,manhattan,height,5,0.351797590620120837
27,centroid,manhattan,height,6,0.446107374056208539
27,centroid,manhattan,height,7,0.503824275477482764
27,centroid,manhattan,height,8,0.512742081714955500
27,centroid,manhattan,height,9,0.512905375154866450
27,centroid,manhattan,height,10,0.644544647399380777
27,centroid,manhattan,height,11,0.703224000568639318
27,centroid,manhattan,height,12,0.770735962787014617
27,centroid,manhattan,height,13,0.779613477044252323
27,centroid,manhattan,height,14,0.817118454376550285
27,centroid,manhattan,height,15,1.198920572663181305
27,centroid,manhattan,height,16,1.558624738295049994
27,centroid,manhattan,height,17,1.641012433811682270
27,centroid,manhattan,height,18,3.214285740370642408
27,centroid,manhattan,cut,2,0;0;0;0;0;0;0;0;0;0;1;1;1;1;1;1;1;0;1;1
27,centroid,manhattan,cut,3,0;0;0;0;0;0;0;0;0;0;1;1;1;1;1;2;1;0;1;1
27,centroid,manhattan,cut,4,0;0;1;0;1;0;1;0;1;1;2;2;2;2;2;3;2;0;2;2
27,centroid,manhattan,cut,5,0;0;1;0;1;0;1;0;1;1;2;2;2;2;2;3;2;4;2;2
27,centroid,manhattan,cut,6,0;0;1;0;1;0;1;2;1;1;3;3;3;3;3;4;3;5;3;3
28,average,euclidean,height,0,0.13481351346197040
28,average,euclidean,height,1,0.14679275629498520
28,average,euclidean,height,2,0.17481752427408437
28,average,euclidean,height,3,0.18882099096858049
28,average,euclidean,height,4,0.19165955789829198
28,average,euclidean,height,5,0.21279391330351793
28,average,euclidean,height,6,0.23809011594483634
28,average,euclidean,height,7,0.36161227846072225
28,average,euclidean,height,8,0.39512888927762385
28,average,euclidean,height,9,0.51589100544369582
28,average,euclidean,height,10,0.61640099809996951
28,average,euclidean,height,11,0.62541829853334752
28,average,euclidean,height,12,0.70999423971988351
28,average,euclidean,height,13,0.83257671986002779
28,average,euclidean,height,14,0.89903111319243467
28,average,euclidean,height,15,0.93951535701107580
28,average,euclidean,height,16,1.05829297790146803
28,average,euclidean,height,17,1.23358144898157618
28,average,euclidean,height,18,2.83987926693068005
28,average,euclidean,cut,2,0;0;0;0;0;0;0;0;0;0;1;1;1;1;1;1;1;1;1;1
28,average,euclidean,cut,3,0;1;0;1;0;0;0;0;0;0;2;2;2;2;2;2;2;2;2;2
28,average,euclidean,cut,4,0;1;0;1;0;0;0;0;0;0;2;3;3;2;2;2;2;2;2;3
28,average,euclidean,cut,5,0;1;0;1;0;0;0;0;0;0;2;3;3;2;2;2;2;2;2;4
28,average,euclidean,cut,6,0;1;0;1;0;0;0;0;0;0;2;3;3;2;4;2;4;2;2;5
28,complete,euclidean,height,0,0.13481351346197040
28,complete,euclidean,height,1,0.14679275629498520
28,complete,euclidean,height,2,0.17481752427408437
28,complete,euclidean,height,3,0.18882099096858049
28,complete,euclidean,height,4,0.19165955789829198
28,complete,euclidean,height,5,0.21279391330351793
28,complete,euclidean,height,6,0.23809011594483634
28,complete,euclidean,height,7,0.36161227846072225
28,complete,euclidean,height,8,0.50056544456848839
28,complete,euclidean,height,9,0.60540943123893542
28,complete,euclidean,height,10,0.70999423971988351
28,complete,euclidean,height,11,0.72967881274900281
28,complete,euclidean,height,12,0.78268206575340737
28,complete,euclidean,height,13,1.02370506202471967
28,complete,euclidean,height,14,1.03040693905248881
28,complete,euclidean,height,15,1.21194258871829241
28,complete,euclidean,height,16,1.70917218341395682
28,complete,euclidean,height,17,1.97181385542915777
28,complete,euclidean,height,18,4.47710905226320133
28,complete,euclidean,cut,2,0;0;0;0;0;0;0;0;0;0;1;1;1;1;1;1;1;1;1;1
28,complete,euclidean,cut,3,0;1;0;1;0;0;0;0;0;0;2;2;2;2;2;2;2;2;2;2
28,complete,euclidean,cut,4,0;1;0;1;0;0;0;0;0;0;2;3;3;2;2;3;2;2;3;3
28,complete,euclidean,cut,5,0;1;0;1;2;0;2;2;0;2;3;4;4;3;3;4;3;3;4;4
28,complete,euclidean,cut,6,0;1;0;1;2;0;2;2;0;2;3;4;4;3;5;4;5;3;4;4
28,ward.D2,euclidean,height,0,0.13481351346197040
28,ward.D2,euclidean,height,1,0.14679275629498520
28,ward.D2,euclidean,height,2,0.17481752427408437
28,ward.D2,euclidean,height,3,0.18882099096858049
28,ward.D2,euclidean,height,4,0.19165955789829198
28,ward.D2,euclidean,height,5,0.21279391330351793
28,ward.D2,euclidean,height,6,0.23809011594483634
28,ward.D2,euclidean,height,7,0.36161227846072225
28,ward.D2,euclidean,height,8,0.45176982414457600
28,ward.D2,euclidean,height,9,0.70999423971988351
28,ward.D2,euclidean,height,10,0.71770109971485208
28,ward.D2,euclidean,height,11,0.78098646183180465
28,ward.D2,euclidean,height,12,0.87869891168417547
28,ward.D2,euclidean,height,13,1.08209991764750257
28,ward.D2,euclidean,height,14,1.36450391402649629
28,ward.D2,euclidean,height,15,1.48494194120607004
28,ward.D2,euclidean,height,16,1.90201325960312206
28,ward.D2,euclidean,height,17,2.04054119078856777
28,ward.D2,euclidean,height,18,8.80918860276291760
28,ward.D2,euclidean,cut,2,0;0;0;0;0;0;0;0;0;0;1;1;1;1;1;1;1;1;1;1
28,ward.D2,euclidean,cut,3,0;1;0;1;0;0;0;0;0;0;2;2;2;2;2;2;2;2;2;2
28,ward.D2,euclidean,cut,4,0;1;0;1;0;0;0;0;0;0;2;3;3;2;2;3;2;2;3;3
28,ward.D2,euclidean,cut,5,0;1;0;1;2;0;2;2;0;2;3;4;4;3;3;4;3;3;4;4
28,ward.D2,euclidean,cut,6,0;1;0;1;2;0;2;2;0;2;3;4;4;3;3;5;3;3;5;5
28,single,euclidean,height,0,0.13481351346197040
28,single,euclidean,height,1,0.14679275629498520
28,single,euclidean,height,2,0.17481752427408437
28,single,euclidean,height,3,0.18882099096858049
28,single,euclidean,height,4,0.19165955789829198
28,single,euclidean,height,5,0.21279391330351793
28,single,euclidean,height,6,0.23809011594483634
28,single,euclidean,height,7,0.28969233398675931
28,single,euclidean,height,8,0.36161227846072225
28,single,euclidean,height,9,0.41781196050843977
28,single,euclidean,height,10,0.44513321564433350
28,single,euclidean,height,11,0.45798900942470699
28,single,euclidean,height,12,0.46730536369610892
28,single,euclidean,height,13,0.56624274263718388
28,single,euclidean,height,14,0.62709861044526838
28,single,euclidean,height,15,0.70999423971988351
28,single,euclidean,height,16,0.71482024500452412
28,single,euclidean,height,17,0.77351921576745586
28,single,euclidean,height,18,1.17225796148247863
28,single,euclidean,cut,2,0;0;0;0;0;0;0;0;0;0;1;1;1;1;1;1;1;1;1;1
28,single,euclidean,cut,3,0;0;0;0;0;0;0;0;0;0;1;2;2;1;1;1;1;1;1;1
28,single,euclidean,cut,4,0;1;0;1;0;0;0;0;0;0;2;3;3;2;2;2;2;2;2;2
28,single,euclidean,cut,5,0;1;0;2;0;0;0;0;0;0;3;4;4;3;3;3;3;3;3;3
28,single,euclidean,cut,6,0;1;0;2;0;0;0;0;0;0;3;4;4;3;3;3;3;3;3;5
28,centroid,euclidean,height,0,0.13481351346197040
28,centroid,euclidean,height,1,0.14679275629498520
28,centroid,euclidean,height,2,0.17481752427408437
28,centroid,euclidean,height,3,0.18882099096858049
28,centroid,euclidean,height,4,0.19165955789829198
28,centroid,euclidean,height,5,0.21279391330351793
28,centroid,euclidean,height,6,0.23809011594483634
28,centroid,euclidean,height,7,0.36161227846072225
28,centroid,euclidean,height,8,0.39124414437243127
28,centroid,euclidean,height,9,0.50749131447341445
28,centroid,euclidean,height,10,0.58613964259936968
28,centroid,euclidean,height,11,0.62133395907311972
28,centroid,euclidean,height,12,0.70999423971988351
28,centroid,euclidean,height,13,0.74247097060303502
28,centroid,euclidean,height,14,0.86165647721576455
28,centroid,euclidean,height,15,0.87161460878333996
28,centroid,euclidean,height,16,1.04110587507727348
28,centroid,euclidean,height,17,1.14069720337290126
28,centroid,euclidean,height,18,2.78571003227270753
28,centroid,euclidean,cut,2,0;0;0;0;0;0;0;0;0;0;1;1;1;1;1;1;1;1;1;1
28,centroid,euclidean,cut,3,0;1;0;1;0;0;0;0;0;0;2;2;2;2;2;2;2;2;2;2
28,centroid,euclidean,cut,4,0;1;0;1;0;0;0;0;0;0;2;2;2;2;2;2;2;2;2;3
28,centroid,euclidean,cut,5,0;1;0;1;0;0;0;0;0;0;2;3;3;2;2;2;2;2;2;4
28,centroid,euclidean,cut,6,0;1;0;1;0;0;0;0;0;0;2;3;3;2;4;2;4;2;2;5
28,average,manhattan,height,0,0.18687536387312992
28,average,manhattan,height,1,0.19810061895512646
28,average,manhattan,height,2,0.24113369413663729
28,average,manhattan,height,3,0.26348297873684123
28,average,manhattan,height,4,0.26499044901209012
28,average,manhattan,height,5,0.28000907854942153
28,average,manhattan,height,6,0.32849879086893458
28,average,manhattan,height,7,0.48639124146223300
28,average,manhattan,height,8,0.50094925306761096
28,average,manhattan,height,9,0.70575114638814662
28,average,manhattan,height,10,0.80260108812614117
28,average,manhattan,height,11,0.82884708865807832
28,average,manhattan,height,12,0.97205006351695611
28,average,manhattan,height,13,1.00847079374907622
28,average,manhattan,height,14,1.05506863084361546
28,average,manhattan,height,15,1.08987471156840643
28,average,manhattan,height,16,1.39602558892483453
28,average,manhattan,height,17,1.51156671069394499
28,average,manhattan,height,18,3.22199145013774535
28,average,manhattan,cut,2,0;0;0;0;0;0;0;0;0;0;1;1;1;1;1;1;1;1;1;1
28,average,manhattan,cut,3,0;1;0;1;0;0;0;0;0;0;2;2;2;2;2;2;2;2;2;2
28,average,manhattan,cut,4,0;1;0;1;0;0;0;0;0;0;2;3;3;2;2;2;2;2;2;3
28,average,manhattan,cut,5,0;1;0;1;0;0;0;0;0;0;2;3;3;2;4;2;4;2;2;3
28,average,manhattan,cut,6,0;1;0;1;2;0;2;2;0;2;3;4;4;3;5;3;5;3;3;4
28,complete,manhattan,height,0,0.18687536387312992
28,complete,manhattan,height,1,0.19810061895512646
28,complete,manhattan,height,2,0.24113369413663729
28,complete,manhattan,height,3,0.26348297873684123
28,complete,manhattan,height,4,0.26499044901209012
28,complete,manhattan,height,5,0.28000907854942153
28,complete,manhattan,height,6,0.32849879086893458
28,complete,manhattan,height,7,0.48639124146223300
28,complete,manhattan,height,8,0.66519864850207822
28,complete,manhattan,height,9,0.82088821297425163
28,complete,manhattan,height,10,0.94278642117783107
28,complete,manhattan,height,11,0.96988600101751454
28,complete,manhattan,height,12,0.97205006351695611
28,complete,manhattan,height,13,1.36343185214705587
28,complete,manhattan,height,14,1.36591209207385167
28,complete,manhattan,height,15,1.37275590284892757
28,complete,manhattan,height,16,2.10633261526640636
28,complete,manhattan,height,17,2.34260879382826559
28,complete,manhattan,height,18,4.68354279336241852
28,complete,manhattan,cut,2,0;0;0;0;0;0;0;0;0;0;1;1;1;1;1;1;1;1;1;1
28,complete,manhattan,cut,3,0;0;0;0;0;0;0;0;0;0;1;2;2;1;1;2;1;1;2;2
28,complete,manhattan,cut,4,0;1;0;1;0;0;0;0;0;0;2;3;3;2;2;3;2;2;3;3
28,complete,manhattan,cut,5,0;1;0;1;0;0;0;0;0;0;2;3;3;2;2;4;2;2;4;4
28,complete,manhattan,cut,6,0;1;0;1;0;0;0;0;0;0;2;3;3;2;4;5;4;2;5;5
28,ward.D2,manhattan,height,0,0.18687536387312992
28,ward.D2,manhattan,height,1,0.19810061895512646
28,ward.D2,manhattan,height,2,0.24113369413663729
28,ward.D2,manhattan,height,3,0.26348297873684123
28,ward.D2,manhattan,height,4,0.26499044901209012
28,ward.D2,manhattan,height,5,0.28000907854942153
28,ward.D2,manhattan,height,6,0.32849879086893458
28,ward.D2,manhattan,height,7,0.48639124146223300
28,ward.D2,manhattan,height,8,0.57844637221785433
28,ward.D2,manhattan,height,9,0.97205006351695611
28,ward.D2,manhattan,height,10,0.97426254243031563
28,ward.D2,manhattan,height,11,0.98101959603398570
28,ward.D2,manhattan,height,12,1.12283245485151095
28,ward.D2,manhattan,height,13,1.29371808267371491
28,ward.D2,manhattan,height,14,1.77547562447612761
28,ward.D2,manhattan,height,15,1.84479773148726500
28,ward.D2,manhattan,height,16,2.43708381358033277
28,ward.D2,manhattan,height,17,2.51726973547865995
28,ward.D2,manhattan,height,18,9.83343627821704658
28,ward.D2,manhattan,cut,2,0;0;0;0;0;0;0;0;0;0;1;1;1;1;1;1;1;1;1;1
28,ward.D2,manhattan,cut,3,0;0;0;0;0;0;0;0;0;0;1;2;2;1;1;2;1;1;2;2
28,ward.D2,manhattan,cut,4,0;1;0;1;0;0;0;0;0;0;2;3;3;2;2;3;2;2;3;3
28,ward.D2,manhattan,cut,5,0;1;0;1;2;0;2;2;0;2;3;4;4;3;3;4;3;3;4;4
28,ward.D2,manhattan,cut,6,0;1;0;1;2;0;2;2;0;2;3;4;4;3;3;5;3;3;5;5
28,single,manhattan,height,0,0.18687536387312992
28,single,manhattan,height,1,0.19810061895512646
28,single,manhattan,height,2,0.24113369413663729
28,single,manhattan,height,3,0.26348297873684123
28,single,manhattan,height,4,0.26499044901209012
28,single,manhattan,height,5,0.28000907854942153
28,single,manhattan,height,6,0.32849879086893458
28,single,manhattan,height,7,0.33669985763314370
28,single,manhattan,height,8,0.48639124146223300
28,single,manhattan,height,9,0.59061407980204161
28,single,manhattan,height,10,0.59190637183818762
28,single,manhattan,height,11,0.63531617523476780
28,single,manhattan,height,12,0.64731080688008968
28,single,manhattan,height,13,0.70438381520195414
28,single,manhattan,height,14,0.74468580222270464
28,single,manhattan,height,15,0.78067595605343154
28,single,manhattan,height,16,0.87597556924303133
28,single,manhattan,height,17,0.97205006351695611
28,single,manhattan,height,18,1.20445427524708504
28,single,manhattan,cut,2,0;0;0;0;0;0;0;0;0;0;1;1;1;1;1;1;1;1;1;1
28,single,manhattan,cut,3,0;1;0;0;0;0;0;0;0;0;2;2;2;2;2;2;2;2;2;2
28,single,manhattan,cut,4,0;1;0;0;0;0;0;0;0;0;2;3;3;2;2;2;2;2;2;2
28,single,manhattan,cut,5,0;1;0;2;0;0;0;0;0;0;3;4;4;3;3;3;3;3;3;3
28,single,manhattan,cut,6,0;1;0;2;0;0;0;0;0;0;3;4;4;3;3;3;3;3;3;5
28,centroid,manhattan,height,0,0.18687536387312992
28,centroid,manhattan,height,1,0.19810061895512646
28,centroid,manhattan,height,2,0.24113369413663729
28,centroid,manhattan,height,3,0.26348297873684123
28,centroid,manhattan,height,4,0.26499044901209012
28,centroid,manhattan,height,5,0.28000907854942153
28,centroid,manhattan,height,6,0.32849879086893458
28,centroid,manhattan,height,7,0.48639124146223300
28,centroid,manhattan,height,8,0.50094925306761096
28,centroid,manhattan,height,9,0.69368560883251873
28,centroid,manhattan,height,10,0.79146145522377676
28,centroid,manhattan,height,11,0.79396244296184126
28,centroid,manhattan,height,12,0.92239886574363250
28,centroid,manhattan,height,13,0.97205006351695611
28,centroid,manhattan,height,14,1.00847079374907644
28,centroid,manhattan,height,15,1.02633574972108965
28,centroid,manhattan,height,16,1.21917569253156000
28,centroid,manhattan,height,17,1.36237126850751222
28,centroid,manhattan,height,18,3.10960558652950558
28,centroid,manhattan,cut,2,0;0;0;0;0;0;0;0;0;0;1;1;1;1;1;1;1;1;1;1
28,centroid,manhattan,cut,3,0;1;0;1;0;0;0;0;0;0;2;2;2;2;2;2;2;2;2;2
28,centroid,manhattan,cut,4,0;1;0;1;0;0;0;0;0;0;2;3;3;2;2;2;2;2;2;3
28,centroid,manhattan,cut,5,0;1;0;1;0;0;0;0;0;0;2;3;3;2;4;2;4;2;2;3
28,centroid,manhattan,cut,6,0;1;0;1;0;0;0;0;0;0;2;3;3;2;4;2;4;2;2;5
29,average,euclidean,height,0,0.044864567818552192
29,average,euclidean,height,1,0.060443940301286719
29,average,euclidean,height,2,0.084353188730894743
29,average,euclidean,height,3,0.123502337995505779
29,average,euclidean,height,4,0.215884726945290706
29,average,euclidean,height,5,0.220216427466883219
29,average,euclidean,height,6,0.234235176277744872
29,average,euclidean,height,7,0.306424469179344461
29,average,euclidean,height,8,0.396308508654899083
29,average,euclidean,height,9,0.445251952596767531
29,average,euclidean,height,10,0.471790860068877049
29,average,euclidean,height,11,0.500727994905810991
29,average,euclidean,height,12,0.627458413705842877
29,average,euclidean,height,13,0.642718371035396974
29,average,euclidean,height,14,0.699452094266303392
29,average,euclidean,height,15,0.741926259547234457
29,average,euclidean,height,16,0.986925407381252451
29,average,euclidean,height,17,1.028594603912633243
29,average,euclidean,height,18,3.586314591905643390
29,average,euclidean,cut,2,0;0;0;0;0;0;0;0;0;0;1;1;1;1;1;1;1;1;1;1
29,average,euclidean,cut,3,0;1;1;0;0;0;0;0;0;0;2;2;2;2;2;2;2;2;2;2
29,average,euclidean,cut,4,0;1;1;0;0;0;0;0;0;0;2;3;2;2;2;3;2;3;2;2
29,average,euclidean,cut,5,0;1;1;0;0;0;0;0;0;0;2;3;2;2;2;3;2;3;4;4
29,average,euclidean,cut,6,0;1;1;2;2;0;0;2;2;0;3;4;3;3;3;4;3;4;5;5
29,complete,euclidean,height,0,0.044864567818552192
29,complete,euclidean,height,1,0.060443940301286719
29,complete,euclidean,height,2,0.084353188730894743
29,complete,euclidean,height,3,0.136063815631466689
29,complete,euclidean,height,4,0.215884726945290706
29,complete,euclidean,height,5,0.220216427466883219
29,complete,euclidean,height,6,0.246537446859263210
29,complete,euclidean,height,7,0.306424469179344461
29,complete,euclidean,height,8,0.428488620087841998
29,complete,euclidean,height,9,0.471790860068877049
29,complete,euclidean,height,10,0.521401427807776541
29,complete,euclidean,height,11,0.630317681574528055
29,complete,euclidean,height,12,0.658175131085844578
29,complete,euclidean,height,13,0.725407436153704621
29,complete,euclidean,height,14,1.045483640382184776
29,complete,euclidean,height,15,1.203704012230744080
29,complete,euclidean,height,16,1.526364441359719271
29,complete,euclidean,height,17,1.678190003375170880
29,complete,euclidean,height,18,4.803446582140542986
29,complete,euclidean,cut,2,0;0;0;0;0;0;0;0;0;0;1;1;1;1;1;1;1;1;1;1
29,complete,euclidean,cut,3,0;0;0;0;0;0;0;0;0;0;1;2;1;1;1;2;1;2;1;1
29,complete,euclidean,cut,4,0;1;1;0;0;0;0;0;0;0;2;3;2;2;2;3;2;3;2;2
29,complete,euclidean,cut,5,0;1;1;0;0;0;0;0;0;0;2;3;2;2;2;3;2;3;4;4
29,complete,euclidean,cut,6,0;1;1;2;2;0;0;2;2;0;3;4;3;3;3;4;3;4;5;5
29,ward.D2,euclidean,height,0, 0.044864567818552192
29,ward.D2,euclidean,height,1, 0.060443940301286719
29,ward.D2,euclidean,height,2, 0.084353188730894743
29,ward.D2,euclidean,height,3, 0.140984211169754875
29,ward.D2,euclidean,height,4, 0.215884726945290706
29,ward.D2,euclidean,height,5, 0.220216427466883219
29,ward.D2,euclidean,height,6, 0.268586661836959006
29,ward.D2,euclidean,height,7, 0.306424469179344461
29,ward.D2,euclidean,height,8, 0.457261798908793149
29,ward.D2,euclidean,height,9, 0.471790860068877049
29,ward.D2,euclidean,height,10, 0.498122707329862524
29,ward.D2,euclidean,height,11, 0.737810122027316995
29,ward.D2,euclidean,height,12, 0.752920290801441627
29,ward.D2,euclidean,height,13, 0.765375853113326343
29,ward.D2,euclidean,height,14, 1.177959990775473198
29,ward.D2,euclidean,height,15, 1.239608184920802714
29,ward.D2,euclidean,height,16, 1.736194300428299364
29,ward.D2,euclidean,height,17, 1.851513775988475441
29,ward.D2,euclidean,height,18,11.216291170375990660
29,ward.D2,euclidean,cut,2,0;0;0;0;0;0;0;0;0;0;1;1;1;1;1;1;1;1;1;1
29,ward.D2,euclidean,cut,3,0;0;0;0;0;0;0;0;0;0;1;2;1;1;1;2;1;2;1;1
29,ward.D2,euclidean,cut,4,0;1;1;0;0;0;0;0;0;0;2;3;2;2;2;3;2;3;2;2
29,ward.D2,euclidean,cut,5,0;1;1;2;2;0;0;2;2;0;3;4;3;3;3;4;3;4;3;3
29,ward.D2,euclidean,cut,6,0;1;1;2;2;0;0;2;2;0;3;4;3;3;3;4;3;4;5;5
29,single,euclidean,height,0,0.044864567818552192
29,single,euclidean,height,1,0.060443940301286719
29,single,euclidean,height,2,0.084353188730894743
29,single,euclidean,height,3,0.110940860359544854
29,single,euclidean,height,4,0.215884726945290706
29,single,euclidean,height,5,0.220216427466883219
29,single,euclidean,height,6,0.221932905696226535
29,single,euclidean,height,7,0.306424469179344461
29,single,euclidean,height,8,0.322276150870513922
29,single,euclidean,height,9,0.357133317066644640
29,single,euclidean,height,10,0.385865809894684164
29,single,euclidean,height,11,0.404902785597766102
29,single,euclidean,height,12,0.461982303026434948
29,single,euclidean,height,13,0.471790860068877049
29,single,euclidean,height,14,0.541855479187607236
29,single,euclidean,height,15,0.560029305917089326
29,single,euclidean,height,16,0.574887317191003389
29,single,euclidean,height,17,0.609179523922418698
29,single,euclidean,height,18,1.998436252286031278
29,single,euclidean,cut,2,0;0;0;0;0;0;0;0;0;0;1;1;1;1;1;1;1;1;1;1
29,single,euclidean,cut,3,0;1;1;0;0;0;0;0;0;0;2;2;2;2;2;2;2;2;2;2
29,single,euclidean,cut,4,0;1;1;2;2;0;2;2;2;0;3;3;3;3;3;3;3;3;3;3
29,single,euclidean,cut,5,0;1;1;2;2;0;2;2;2;0;3;3;3;3;3;3;3;4;3;3
29,single,euclidean,cut,6,0;1;1;2;2;0;2;2;2;0;3;4;3;3;3;4;3;5;3;3
29,centroid,euclidean,height,0,0.044864567818552192
29,centroid,euclidean,height,1,0.060443940301286719
29,centroid,euclidean,height,2,0.084353188730894743
29,centroid,euclidean,height,3,0.122095908405517525
29,centroid,euclidean,height,4,0.215884726945290706
29,centroid,euclidean,height,5,0.220216427466883219
29,centroid,euclidean,height,6,0.232602872268466904
29,centroid,euclidean,height,7,0.306424469179344461
29,centroid,euclidean,height,8,0.396000334035186363
29,centroid,euclidean,height,9,0.406715487417295130
29,centroid,euclidean,height,10,0.471790860068877049
29,centroid,euclidean,height,11,0.486007957882604813
29,centroid,euclidean,height,12,0.624926767191672505
29,centroid,euclidean,height,13,0.619804092460401357
29,centroid,euclidean,height,14,0.638962308844953086
29,centroid,euclidean,height,15,0.696890528672698739
29,centroid,euclidean,height,16,0.903446214526183677
29,centroid,euclidean,height,17,0.970562119476342411
29,centroid,euclidean,height,18,3.546902699802384262
29,centroid,euclidean,cut,2,0;0;0;0;0;0;0;0;0;0;1;1;1;1;1;1;1;1;1;1
29,centroid,euclidean,cut,3,0;1;1;0;0;0;0;0;0;0;2;2;2;2;2;2;2;2;2;2
29,centroid,euclidean,cut,4,0;1;1;0;0;0;0;0;0;0;2;3;2;2;2;3;2;3;2;2
29,centroid,euclidean,cut,5,0;1;1;0;0;0;0;0;0;0;2;3;2;2;2;3;2;3;4;4
29,centroid,euclidean,cut,6,0;1;1;0;0;0;0;0;0;0;2;3;2;2;2;3;2;4;5;5
29,average,manhattan,height,0,0.058772579378661149
29,average,manhattan,height,1,0.081428539846962050
29,average,manhattan,height,2,0.090343312811508952
29,average,manhattan,height,3,0.168662443376681154
29,average,manhattan,height,4,0.272209448237180407
29,average,manhattan,height,5,0.307434928412778974
29,average,manhattan,height,6,0.311433051762143920
29,average,manhattan,height,7,0.326843680123007907
29,average,manhattan,height,8,0.496323030065875415
29,average,manhattan,height,9,0.588947852298871588
29,average,manhattan,height,10,0.591746829554481990
29,average,manhattan,height,11,0.664644538942992469
29,average,manhattan,height,12,0.828823997650936173
29,average,manhattan,height,13,0.837845582632017694
29,average,manhattan,height,14,0.865267152535985962
29,average,manhattan,height,15,0.897265018890085697
29,average,manhattan,height,16,1.267160578849758412
29,average,manhattan,height,17,1.365277047071076444
29,average,manhattan,height,18,4.019331822212249605
29,average,manhattan,cut,2,0;0;0;0;0;0;0;0;0;0;1;1;1;1;1;1;1;1;1;1
29,average,manhattan,cut,3,0;1;1;0;0;0;0;0;0;0;2;2;2;2;2;2;2;2;2;2
29,average,manhattan,cut,4,0;1;1;0;0;0;0;0;0;0;2;3;2;2;2;3;2;3;2;2
29,average,manhattan,cut,5,0;1;1;0;0;0;0;0;0;0;2;3;2;2;2;3;2;3;4;4
29,average,manhattan,cut,6,0;1;1;0;0;0;2;0;0;0;3;4;3;3;3;4;3;4;5;5
29,complete,manhattan,height,0,0.058772579378661149
29,complete,manhattan,height,1,0.081428539846962050
29,complete,manhattan,height,2,0.090343312811508952
29,complete,manhattan,height,3,0.180614878319715899
29,complete,manhattan,height,4,0.272209448237180407
29,complete,manhattan,height,5,0.307434928412778974
29,complete,manhattan,height,6,0.311433051762143920
29,complete,manhattan,height,7,0.339846879120588641
29,complete,manhattan,height,8,0.535274945064953878
29,complete,manhattan,height,9,0.664644538942992469
29,complete,manhattan,height,10,0.680611900726256547
29,complete,manhattan,height,11,0.714726939194322397
29,complete,manhattan,height,12,0.897951501126208695
29,complete,manhattan,height,13,0.924647683156998634
29,complete,manhattan,height,14,1.222320373901400581
29,complete,manhattan,height,15,1.268271370061462733
29,complete,manhattan,height,16,2.029383144877966227
29,complete,manhattan,height,17,2.373065282987964153
29,complete,manhattan,height,18,5.676297773001673264
29,complete,manhattan,cut,2,0;0;0;0;0;0;0;0;0;0;1;1;1;1;1;1;1;1;1;1
29,complete,manhattan,cut,3,0;0;0;0;0;0;0;0;0;0;1;2;1;1;1;2;1;2;1;1
29,complete,manhattan,cut,4,0;1;1;0;0;0;0;0;0;0;2;3;2;2;2;3;2;3;2;2
29,complete,manhattan,cut,5,0;1;1;2;2;0;0;2;2;0;3;4;3;3;3;4;3;4;3;3
29,complete,manhattan,cut,6,0;1;1;2;2;0;0;2;2;0;3;4;3;3;3;4;3;4;5;5
29,ward.D2,manhattan,height,0, 0.058772579378661149
29,ward.D2,manhattan,height,1, 0.081428539846962050
29,ward.D2,manhattan,height,2, 0.090343312811508952
29,ward.D2,manhattan,height,3, 0.192271774614838353
29,ward.D2,manhattan,height,4, 0.272209448237180407
29,ward.D2,manhattan,height,5, 0.307434928412778974
29,ward.D2,manhattan,height,6, 0.311433051762143920
29,ward.D2,manhattan,height,7, 0.374767879529217807
29,ward.D2,manhattan,height,8, 0.572495500201737006
29,ward.D2,manhattan,height,9, 0.664644538942992469
29,ward.D2,manhattan,height,10, 0.666823295921748938
29,ward.D2,manhattan,height,11, 0.867401703634169907
29,ward.D2,manhattan,height,12, 0.947419889237012813
29,ward.D2,manhattan,height,13, 1.042840262157472164
29,ward.D2,manhattan,height,14, 1.371409333690280397
29,ward.D2,manhattan,height,15, 1.450285585333945138
29,ward.D2,manhattan,height,16, 2.360651340597634373
29,ward.D2,manhattan,height,17, 2.426027343418773796
29,ward.D2,manhattan,height,18,12.501415344941175789
29,ward.D2,manhattan,cut,2,0;0;0;0;0;0;0;0;0;0;1;1;1;1;1;1;1;1;1;1
29,ward.D2,manhattan,cut,3,0;0;0;0;0;0;0;0;0;0;1;2;1;1;1;2;1;2;1;1
29,ward.D2,manhattan,cut,4,0;1;1;0;0;0;0;0;0;0;2;3;2;2;2;3;2;3;2;2
29,ward.D2,manhattan,cut,5,0;1;1;2;2;0;2;2;2;0;3;4;3;3;3;4;3;4;3;3
29,ward.D2,manhattan,cut,6,0;1;1;2;2;0;2;2;2;0;3;4;3;3;3;4;3;4;5;5
29,single,manhattan,height,0,0.058772579378661149
29,single,manhattan,height,1,0.081428539846962050
29,single,manhattan,height,2,0.090343312811508952
29,single,manhattan,height,3,0.156710008433646408
29,single,manhattan,height,4,0.272209448237180407
29,single,manhattan,height,5,0.307434928412778974
29,single,manhattan,height,6,0.311433051762143920
29,single,manhattan,height,7,0.313840481125427173
29,single,manhattan,height,8,0.399746822659614365
29,single,manhattan,height,9,0.457371115066796952
29,single,manhattan,height,10,0.497944171679424619
29,single,manhattan,height,11,0.567603523002544352
29,single,manhattan,height,12,0.603102872874445195
29,single,manhattan,height,13,0.606213138545574459
29,single,manhattan,height,14,0.626091711060634326
29,single,manhattan,height,15,0.723401834074985262
29,single,manhattan,height,16,0.759696494175663650
29,single,manhattan,height,17,0.799324794887742218
29,single,manhattan,height,18,2.427348799196427986
29,single,manhattan,cut,2,0;0;0;0;0;0;0;0;0;0;1;1;1;1;1;1;1;1;1;1
29,single,manhattan,cut,3,0;1;1;0;0;0;0;0;0;0;2;2;2;2;2;2;2;2;2;2
29,single,manhattan,cut,4,0;1;1;0;0;0;0;0;0;0;2;2;2;2;2;2;2;3;2;2
29,single,manhattan,cut,5,0;1;1;0;0;0;0;0;0;0;2;3;2;2;2;3;2;4;2;2
29,single,manhattan,cut,6,0;1;1;0;0;0;0;0;0;0;2;3;2;2;2;3;2;4;5;2
29,centroid,manhattan,height,0,0.058772579378661149
29,centroid,manhattan,height,1,0.081428539846962050
29,centroid,manhattan,height,2,0.090343312811508952
29,centroid,manhattan,height,3,0.166512241247165960
29,centroid,manhattan,height,4,0.272209448237180407
29,centroid,manhattan,height,5,0.307434928412778974
29,centroid,manhattan,height,6,0.311433051762143920
29,centroid,manhattan,height,7,0.324558504194728703
29,centroid,manhattan,height,8,0.495795646726983452
29,centroid,manhattan,height,9,0.544458941203065372
29,centroid,manhattan,height,10,0.559905392107846955
29,centroid,manhattan,height,11,0.664644538942992469
29,centroid,manhattan,height,12,0.802259554300961519
29,centroid,manhattan,height,13,0.749912605553928913
29,centroid,manhattan,height,14,0.811336703339918364
29,centroid,manhattan,height,15,0.820489692129892201
29,centroid,manhattan,height,16,1.183780130708758760
29,centroid,manhattan,height,17,1.319644217188080004
29,centroid,manhattan,height,18,3.953294646579364358
29,centroid,manhattan,cut,2,0;0;0;0;0;0;0;0;0;0;1;1;1;1;1;1;1;1;1;1
29,centroid,manhattan,cut,3,0;1;1;0;0;0;0;0;0;0;2;2;2;2;2;2;2;2;2;2
29,centroid,manhattan,cut,4,0;1;1;0;0;0;0;0;0;0;2;3;2;2;2;3;2;3;2;2
29,centroid,manhattan,cut,5,0;1;1;0;0;0;0;0;0;0;2;3;2;2;2;3;2;4;2;2
29,centroid,manhattan,cut,6,0;1;1;0;0;0;0;0;0;0;2;3;2;2;2;3;2;4;5;5
30,average,euclidean,height,0,0.07276150995627613
30,average,euclidean,height,1,0.10235725893870644
30,average,euclidean,height,2,0.14076844847157483
30,average,euclidean,height,3,0.25067827677064730
30,average,euclidean,height,4,0.25182823688371664
30,average,euclidean,height,5,0.28213216935526658
30,average,euclidean,height,6,0.37413807132287452
30,average,euclidean,height,7,0.41567977747725615
30,average,euclidean,height,8,0.55480286086513897
30,average,euclidean,height,9,0.60325413147510609
30,average,euclidean,height,10,0.65270037875438935
30,average,euclidean,height,11,0.67583187917592158
30,average,euclidean,height,12,0.76413135149052258
30,average,euclidean,height,13,0.85317576137869033
30,average,euclidean,height,14,0.91867281998432526
30,average,euclidean,height,15,1.00213081644399460
30,average,euclidean,height,16,1.20564306037952784
30,average,euclidean,height,17,1.20812912741733847
30,average,euclidean,height,18,3.81925543397550049
30,average,euclidean,cut,2,0;0;0;0;0;0;0;0;0;0;1;1;1;1;1;1;1;1;1;1
30,average,euclidean,cut,3,0;0;0;0;0;1;1;0;0;0;2;2;2;2;2;2;2;2;2;2
30,average,euclidean,cut,4,0;0;0;0;0;1;1;0;0;0;2;3;2;2;2;2;2;2;2;3
30,average,euclidean,cut,5,0;0;0;0;0;1;1;0;0;0;2;3;4;2;4;2;4;2;4;3
30,average,euclidean,cut,6,0;0;0;1;0;2;2;0;0;1;3;4;5;3;5;3;5;3;5;4
30,complete,euclidean,height,0,0.07276150995627613
30,complete,euclidean,height,1,0.10235725893870644
30,complete,euclidean,height,2,0.17258931808362457
30,complete,euclidean,height,3,0.25067827677064730
30,complete,euclidean,height,4,0.25182823688371664
30,complete,euclidean,height,5,0.31322565322523610
30,complete,euclidean,height,6,0.37413807132287452
30,complete,euclidean,height,7,0.41952018949558550
30,complete,euclidean,height,8,0.55480286086513897
30,complete,euclidean,height,9,0.69310479667015779
30,complete,euclidean,height,10,0.76203362855588264
30,complete,euclidean,height,11,0.76413135149052258
30,complete,euclidean,height,12,0.77710009321228912
30,complete,euclidean,height,13,0.99801344542877912
30,complete,euclidean,height,14,1.42440462193487583
30,complete,euclidean,height,15,1.58275046948986753
30,complete,euclidean,height,16,1.59190198530378502
30,complete,euclidean,height,17,1.81929072581556572
30,complete,euclidean,height,18,5.21019871539187474
30,complete,euclidean,cut,2,0;0;0;0;0;0;0;0;0;0;1;1;1;1;1;1;1;1;1;1
30,complete,euclidean,cut,3,0;0;0;0;0;0;0;0;0;0;1;1;2;1;1;1;1;1;2;1
30,complete,euclidean,cut,4,0;0;0;0;0;0;0;0;0;0;1;2;3;1;2;1;2;1;3;2
30,complete,euclidean,cut,5,0;0;0;0;0;1;1;0;0;0;2;3;4;2;3;2;3;2;4;3
30,complete,euclidean,cut,6,0;0;0;1;0;2;2;0;0;1;3;4;5;3;4;3;4;3;5;4
30,ward.D2,euclidean,height,0, 0.07276150995627613
30,ward.D2,euclidean,height,1, 0.10235725893870644
30,ward.D2,euclidean,height,2, 0.15581643778754597
30,ward.D2,euclidean,height,3, 0.25067827677064730
30,ward.D2,euclidean,height,4, 0.25182823688371664
30,ward.D2,euclidean,height,5, 0.33449322418393579
30,ward.D2,euclidean,height,6, 0.37413807132287452
30,ward.D2,euclidean,height,7, 0.42768909624431495
30,ward.D2,euclidean,height,8, 0.55480286086513897
30,ward.D2,euclidean,height,9, 0.74775361179893418
30,ward.D2,euclidean,height,10, 0.76413135149052258
30,ward.D2,euclidean,height,11, 0.81509511593146955
30,ward.D2,euclidean,height,12, 0.81619291348998091
30,ward.D2,euclidean,height,13, 1.13973440520260483
30,ward.D2,euclidean,height,14, 1.51440898564915138
30,ward.D2,euclidean,height,15, 1.70218860757304125
30,ward.D2,euclidean,height,16, 1.97512662597698019
30,ward.D2,euclidean,height,17, 1.97705318853556733
30,ward.D2,euclidean,height,18,11.89068590764971667
30,ward.D2,euclidean,cut,2,0;0;0;0;0;0;0;0;0;0;1;1;1;1;1;1;1;1;1;1
30,ward.D2,euclidean,cut,3,0;0;0;0;0;1;1;0;0;0;2;2;2;2;2;2;2;2;2;2
30,ward.D2,euclidean,cut,4,0;0;0;0;0;1;1;0;0;0;2;2;3;2;2;2;2;2;3;2
30,ward.D2,euclidean,cut,5,0;0;0;0;0;1;1;0;0;0;2;3;4;2;3;2;3;2;4;3
30,ward.D2,euclidean,cut,6,0;0;0;1;0;2;2;0;0;1;3;4;5;3;4;3;4;3;5;4
30,single,euclidean,height,0,0.07276150995627613
30,single,euclidean,height,1,0.10235725893870644
30,single,euclidean,height,2,0.10894757885952507
30,single,euclidean,height,3,0.24533184705169875
30,single,euclidean,height,4,0.25067827677064730
30,single,euclidean,height,5,0.25182823688371664
30,single,euclidean,height,6,0.37413807132287452
30,single,euclidean,height,7,0.41183936545892685
30,single,euclidean,height,8,0.42768909624431495
30,single,euclidean,height,9,0.44995398321460145
30,single,euclidean,height,10,0.51979310295310521
30,single,euclidean,height,11,0.52069519906789130
30,single,euclidean,height,12,0.55480286086513897
30,single,euclidean,height,13,0.56852136484076343
30,single,euclidean,height,14,0.60639691691087527
30,single,euclidean,height,15,0.61434097247386432
30,single,euclidean,height,16,0.65675417149616611
30,single,euclidean,height,17,0.76413135149052258
30,single,euclidean,height,18,2.29297982913820286
30,single,euclidean,cut,2,0;0;0;0;0;0;0;0;0;0;1;1;1;1;1;1;1;1;1;1
30,single,euclidean,cut,3,0;0;0;0;0;0;0;0;0;0;1;2;1;1;1;1;1;1;1;1
30,single,euclidean,cut,4,0;0;0;0;0;0;0;0;0;0;1;2;1;1;1;1;1;1;1;3
30,single,euclidean,cut,5,0;0;0;1;0;0;0;0;0;1;2;3;2;2;2;2;2;2;2;4
30,single,euclidean,cut,6,0;0;0;1;0;2;2;0;0;1;3;4;3;3;3;3;3;3;3;5
30,centroid,euclidean,height,0,0.07276150995627613
30,centroid,euclidean,height,1,0.10235725893870644
30,centroid,euclidean,height,2,0.13494099345121235
30,centroid,euclidean,height,3,0.25067827677064730
30,centroid,euclidean,height,4,0.25182823688371664
30,centroid,euclidean,height,5,0.27311257388967491
30,centroid,euclidean,height,6,0.37413807132287452
30,centroid,euclidean,height,7,0.41410248349319573
30,centroid,euclidean,height,8,0.55480286086513897
30,centroid,euclidean,height,9,0.59115113547549714
30,centroid,euclidean,height,10,0.63222031224784137
30,centroid,euclidean,height,11,0.64221328507036490
30,centroid,euclidean,height,12,0.76413135149052258
30,centroid,euclidean,height,13,0.80591392667037831
30,centroid,euclidean,height,14,0.85109430378652062
30,centroid,euclidean,height,15,0.87434443552772556
30,centroid,euclidean,height,16,1.10412934996358247
30,centroid,euclidean,height,17,1.10520633117455902
30,centroid,euclidean,height,18,3.76016504098396664
30,centroid,euclidean,cut,2,0;0;0;0;0;0;0;0;0;0;1;1;1;1;1;1;1;1;1;1
30,centroid,euclidean,cut,3,0;0;0;0;0;1;1;0;0;0;2;2;2;2;2;2;2;2;2;2
30,centroid,euclidean,cut,4,0;0;0;0;0;1;1;0;0;0;2;2;3;2;2;2;2;2;3;2
30,centroid,euclidean,cut,5,0;0;0;1;0;2;2;0;0;1;3;3;4;3;3;3;3;3;4;3
30,centroid,euclidean,cut,6,0;0;0;1;0;2;2;0;0;1;3;4;5;3;4;3;4;3;5;4
30,average,manhattan,height,0,0.085182570680842118
30,average,manhattan,height,1,0.137402158549569442
30,average,manhattan,height,2,0.176818475944115899
30,average,manhattan,height,3,0.296063292055147476
30,average,manhattan,height,4,0.334466740197864654
30,average,manhattan,height,5,0.355048212863734447
30,average,manhattan,height,6,0.472639978816675743
30,average,manhattan,height,7,0.516877262915651503
30,average,manhattan,height,8,0.681262350585555065
30,average,manhattan,height,9,0.737029313928340146
30,average,manhattan,height,10,0.774188565191659017
30,average,manhattan,height,11,0.900482420327926691
30,average,manhattan,height,12,0.972659396235677098
30,average,manhattan,height,13,1.135136101376086115
30,average,manhattan,height,14,1.304762707128867660
30,average,manhattan,height,15,1.327313384591829015
30,average,manhattan,height,16,1.360692903242473051
30,average,manhattan,height,17,1.678151631071453265
30,average,manhattan,height,18,4.317035794501213886
30,average,manhattan,cut,2,0;0;0;0;0;0;0;0;0;0;1;1;1;1;1;1;1;1;1;1
30,average,manhattan,cut,3,0;0;0;0;0;0;0;0;0;0;1;2;1;1;1;1;1;1;1;1
30,average,manhattan,cut,4,0;0;0;0;0;0;0;0;0;0;1;2;3;1;1;1;1;1;3;1
30,average,manhattan,cut,5,0;0;1;0;0;1;1;0;0;0;2;3;4;2;2;2;2;2;4;2
30,average,manhattan,cut,6,0;0;1;2;0;1;1;0;0;2;3;4;5;3;3;3;3;3;5;3
30,complete,manhattan,height,0,0.085182570680842118
30,complete,manhattan,height,1,0.137402158549569442
30,complete,manhattan,height,2,0.199592714355146139
30,complete,manhattan,height,3,0.296063292055147476
30,complete,manhattan,height,4,0.355048212863734447
30,complete,manhattan,height,5,0.374719523049142078
30,complete,manhattan,height,6,0.472639978816675743
30,complete,manhattan,height,7,0.545740753324981176
30,complete,manhattan,height,8,0.681262350585555065
30,complete,manhattan,height,9,0.891994492484927237
30,complete,manhattan,height,10,0.908552291778706556
30,complete,manhattan,height,11,1.005734048466549346
30,complete,manhattan,height,12,1.233099433169648762
30,complete,manhattan,height,13,1.372585737662217475
30,complete,manhattan,height,14,1.766158672219882986
30,complete,manhattan,height,15,1.832092575687849223
30,complete,manhattan,height,16,2.133119396404733692
30,complete,manhattan,height,17,2.562235926530583185
30,complete,manhattan,height,18,6.263966537608760099
30,complete,manhattan,cut,2,0;0;0;0;0;0;0;0;0;0;1;1;1;1;1;1;1;1;1;1
30,complete,manhattan,cut,3,0;0;0;0;0;0;0;0;0;0;1;2;1;1;2;1;2;1;1;2
30,complete,manhattan,cut,4,0;0;1;0;0;1;1;0;0;0;2;3;2;2;3;2;3;2;2;3
30,complete,manhattan,cut,5,0;0;1;0;0;1;1;0;0;0;2;3;4;2;3;2;3;2;4;3
30,complete,manhattan,cut,6,0;0;1;2;0;1;1;0;0;2;3;4;5;3;4;3;4;3;5;4
30,ward.D2,manhattan,height,0, 0.085182570680842118
30,ward.D2,manhattan,height,1, 0.137402158549569442
30,ward.D2,manhattan,height,2, 0.189959999567916343
30,ward.D2,manhattan,height,3, 0.296063292055147476
30,ward.D2,manhattan,height,4, 0.355048212863734447
30,ward.D2,manhattan,height,5, 0.394329971315710959
30,ward.D2,manhattan,height,6, 0.472639978816675743
30,ward.D2,manhattan,height,7, 0.590643682698406391
30,ward.D2,manhattan,height,8, 0.681262350585555065
30,ward.D2,manhattan,height,9, 0.917409217921139053
30,ward.D2,manhattan,height,10, 0.928200087906303373
30,ward.D2,manhattan,height,11, 1.010742083774692990
30,ward.D2,manhattan,height,12, 1.094145460373760592
30,ward.D2,manhattan,height,13, 1.379372205206677471
30,ward.D2,manhattan,height,14, 2.028225074019279539
30,ward.D2,manhattan,height,15, 2.049654145469453237
30,ward.D2,manhattan,height,16, 2.439695025220676161
30,ward.D2,manhattan,height,17, 2.596243412949227558
30,ward.D2,manhattan,height,18,13.356472757344555191
30,ward.D2,manhattan,cut,2,0;0;0;0;0;0;0;0;0;0;1;1;1;1;1;1;1;1;1;1
30,ward.D2,manhattan,cut,3,0;0;0;0;0;0;0;0;0;0;1;2;1;1;2;1;2;1;1;2
30,ward.D2,manhattan,cut,4,0;0;1;1;0;1;1;0;0;1;2;3;2;2;3;2;3;2;2;3
30,ward.D2,manhattan,cut,5,0;0;1;1;0;1;1;0;0;1;2;3;4;2;3;2;3;2;4;3
30,ward.D2,manhattan,cut,6,0;0;1;2;0;1;1;0;0;2;3;4;5;3;4;3;4;3;5;4
30,single,manhattan,height,0,0.085182570680842118
30,single,manhattan,height,1,0.137402158549569442
30,single,manhattan,height,2,0.154044237533085659
30,single,manhattan,height,3,0.296063292055147476
30,single,manhattan,height,4,0.299509651317370340
30,single,manhattan,height,5,0.355048212863734447
30,single,manhattan,height,6,0.472639978816675743
30,single,manhattan,height,7,0.488013772506321719
30,single,manhattan,height,8,0.517274969435785215
30,single,manhattan,height,9,0.590643682698406391
30,single,manhattan,height,10,0.623638691078903462
30,single,manhattan,height,11,0.676635390899303468
30,single,manhattan,height,12,0.681262350585555065
30,single,manhattan,height,13,0.683419993528541436
30,single,manhattan,height,14,0.712219359301705435
30,single,manhattan,height,15,0.751647135067784800
30,single,manhattan,height,16,0.762733586008748299
30,single,manhattan,height,17,1.010742083774692990
30,single,manhattan,height,18,2.537394264959405010
30,single,manhattan,cut,2,0;0;0;0;0;0;0;0;0;0;1;1;1;1;1;1;1;1;1;1
30,single,manhattan,cut,3,0;0;0;0;0;0;0;0;0;0;1;2;1;1;1;1;1;1;1;1
30,single,manhattan,cut,4,0;0;0;0;0;0;0;0;0;0;1;2;1;1;1;1;1;1;1;3
30,single,manhattan,cut,5,0;0;0;0;0;0;0;0;0;0;1;2;1;1;3;1;3;1;1;4
30,single,manhattan,cut,6,0;0;0;0;0;0;1;0;0;0;2;3;2;2;4;2;4;2;2;5
30,centroid,manhattan,height,0,0.085182570680842118
30,centroid,manhattan,height,1,0.137402158549569442
30,centroid,manhattan,height,2,0.164510185328696545
30,centroid,manhattan,height,3,0.296063292055147476
30,centroid,manhattan,height,4,0.321969073336606293
30,centroid,manhattan,height,5,0.355048212863734447
30,centroid,manhattan,height,6,0.472639978816675743
30,centroid,manhattan,height,7,0.515927503057198700
30,centroid,manhattan,height,8,0.681262350585555065
30,centroid,manhattan,height,9,0.733806600538107201
30,centroid,manhattan,height,10,0.746365139335863459
30,centroid,manhattan,height,11,0.894445708983971244
30,centroid,manhattan,height,12,0.947557764119096535
30,centroid,manhattan,height,13,1.022482929520130090
30,centroid,manhattan,height,14,1.242300802619632050
30,centroid,manhattan,height,15,1.259223334454044663
30,centroid,manhattan,height,16,1.134631822765258979
30,centroid,manhattan,height,17,1.565821106356872328
30,centroid,manhattan,height,18,4.223687541919824540
30,centroid,manhattan,cut,2,0;0;0;0;0;0;0;0;0;0;1;1;1;1;1;1;1;1;1;1
30,centroid,manhattan,cut,3,0;0;0;0;0;0;0;0;0;0;1;2;1;1;1;1;1;1;1;1
30,centroid,manhattan,cut,4,0;0;0;1;0;0;0;0;0;1;2;3;2;2;2;2;2;2;2;2
30,centroid,manhattan,cut,5,0;0;1;2;0;1;1;0;0;2;3;4;3;3;3;3;3;3;3;3
30,centroid,manhattan,cut,6,0;0;1;2;0;1;1;0;0;2;3;4;5;3;3;3;3;3;5;3
31,average,euclidean,height,0,0.12133639438423549
31,average,euclidean,height,1,0.18306478476273677
31,average,euclidean,height,2,0.18456173483398461
31,average,euclidean,height,3,0.18644451150643865
31,average,euclidean,height,4,0.21311299791217533
31,average,euclidean,height,5,0.23646669989934921
31,average,euclidean,height,6,0.32756251864733960
31,average,euclidean,height,7,0.52645864869377001
31,average,euclidean,height,8,0.57426123554514064
31,average,euclidean,height,9,0.58472499951134638
31,average,euclidean,height,10,0.67002166585283518
31,average,euclidean,height,11,0.76739854193672841
31,average,euclidean,height,12,0.86033742398353774
31,average,euclidean,height,13,0.89318653548418137
31,average,euclidean,height,14,0.94443215738442787
31,average,euclidean,height,15,1.14757340164611410
31,average,euclidean,height,16,1.43163343179606994
31,average,euclidean,height,17,1.90686967651972572
31,average,euclidean,height,18,4.40120814175790365
31,average,euclidean,cut,2,0;0;0;0;0;0;0;0;0;0;1;1;1;1;1;1;1;1;1;1
31,average,euclidean,cut,3,0;0;0;0;0;0;0;0;0;0;1;1;2;1;1;1;1;1;1;2
31,average,euclidean,cut,4,0;0;0;0;0;0;0;0;0;0;1;1;2;1;1;1;3;1;1;2
31,average,euclidean,cut,5,0;0;0;0;0;0;0;0;0;0;1;2;3;1;1;1;4;2;1;3
31,average,euclidean,cut,6,0;0;0;0;0;0;1;0;0;0;2;3;4;2;2;2;5;3;2;4
31,complete,euclidean,height,0,0.12133639438423549
31,complete,euclidean,height,1,0.18456173483398461
31,complete,euclidean,height,2,0.18644451150643865
31,complete,euclidean,height,3,0.21918214683304091
31,complete,euclidean,height,4,0.23666046118533166
31,complete,euclidean,height,5,0.25934433457674894
31,complete,euclidean,height,6,0.36462254259515009
31,complete,euclidean,height,7,0.57426123554514064
31,complete,euclidean,height,8,0.63194451776913185
31,complete,euclidean,height,9,0.69953293243549941
31,complete,euclidean,height,10,0.75426864527813275
31,complete,euclidean,height,11,0.84402601997436466
31,complete,euclidean,height,12,0.86033742398353774
31,complete,euclidean,height,13,1.16530834794830107
31,complete,euclidean,height,14,1.24749014234306088
31,complete,euclidean,height,15,1.37490850275712262
31,complete,euclidean,height,16,2.28220130531689458
31,complete,euclidean,height,17,3.11129276646530517
31,complete,euclidean,height,18,6.67780587757014477
31,complete,euclidean,cut,2,0;0;0;0;0;0;0;0;0;0;1;1;1;1;1;1;1;1;1;1
31,complete,euclidean,cut,3,0;0;0;0;0;0;0;0;0;0;1;1;2;1;1;1;1;1;1;2
31,complete,euclidean,cut,4,0;0;0;0;0;0;0;0;0;0;1;1;2;3;1;1;3;1;1;2
31,complete,euclidean,cut,5,0;0;0;0;0;0;0;0;0;0;1;2;3;4;1;1;4;2;1;3
31,complete,euclidean,cut,6,0;1;1;0;0;0;1;0;0;1;2;3;4;5;2;2;5;3;2;4
31,ward.D2,euclidean,height,0, 0.12133639438423549
31,ward.D2,euclidean,height,1, 0.18456173483398461
31,ward.D2,euclidean,height,2, 0.18644451150643865
31,ward.D2,euclidean,height,3, 0.20375327927865081
31,ward.D2,euclidean,height,4, 0.22347520194862183
31,ward.D2,euclidean,height,5, 0.25232121686982728
31,ward.D2,euclidean,height,6, 0.36462254259515009
31,ward.D2,euclidean,height,7, 0.57426123554514064
31,ward.D2,euclidean,height,8, 0.69829654958866261
31,ward.D2,euclidean,height,9, 0.81150412456351817
31,ward.D2,euclidean,height,10, 0.84402601997436466
31,ward.D2,euclidean,height,11, 0.86033742398353774
31,ward.D2,euclidean,height,12, 0.89645890718185040
31,ward.D2,euclidean,height,13, 1.05637074779902518
31,ward.D2,euclidean,height,14, 1.28660770722742623
31,ward.D2,euclidean,height,15, 1.45675503115314853
31,ward.D2,euclidean,height,16, 2.07535488526640277
31,ward.D2,euclidean,height,17, 3.24610104935871568
31,ward.D2,euclidean,height,18,13.80919921019894225
31,ward.D2,euclidean,cut,2,0;0;0;0;0;0;0;0;0;0;1;1;1;1;1;1;1;1;1;1
31,ward.D2,euclidean,cut,3,0;0;0;0;0;0;0;0;0;0;1;1;2;1;1;1;1;1;1;2
31,ward.D2,euclidean,cut,4,0;0;0;0;0;0;0;0;0;0;1;1;2;3;1;1;3;1;1;2
31,ward.D2,euclidean,cut,5,0;0;0;0;0;0;0;0;0;0;1;2;3;4;1;1;4;2;1;3
31,ward.D2,euclidean,cut,6,0;1;1;0;0;0;1;0;0;1;2;3;4;5;2;2;5;3;2;4
31,single,euclidean,height,0,0.12133639438423549
31,single,euclidean,height,1,0.14694742269243263
31,single,euclidean,height,2,0.18456173483398461
31,single,euclidean,height,3,0.18644451150643865
31,single,euclidean,height,4,0.18956553463901901
31,single,euclidean,height,5,0.21358906522194951
31,single,euclidean,height,6,0.25002527129543811
31,single,euclidean,height,7,0.28310854934228574
31,single,euclidean,height,8,0.36462254259515009
31,single,euclidean,height,9,0.56134655672367029
31,single,euclidean,height,10,0.57426123554514064
31,single,euclidean,height,11,0.57548221716500847
31,single,euclidean,height,12,0.59382129231429570
31,single,euclidean,height,13,0.63130660736045108
31,single,euclidean,height,14,0.84402601997436466
31,single,euclidean,height,15,0.84481983131965610
31,single,euclidean,height,16,0.86033742398353774
31,single,euclidean,height,17,1.06288496451849235
31,single,euclidean,height,18,2.49675794718927913
31,single,euclidean,cut,2,0;0;0;0;0;0;0;0;0;0;1;1;1;1;1;1;1;1;1;1
31,single,euclidean,cut,3,0;0;0;0;0;0;0;0;0;0;1;1;2;1;1;1;1;1;1;2
31,single,euclidean,cut,4,0;0;0;0;0;0;0;0;0;0;1;1;2;1;1;1;1;3;1;2
31,single,euclidean,cut,5,0;0;0;0;0;0;0;0;0;0;1;2;3;1;1;1;1;4;1;3
31,single,euclidean,cut,6,0;0;0;0;0;0;0;0;0;0;1;2;3;1;1;1;4;5;1;3
31,centroid,euclidean,height,0,0.12133639438423549
31,centroid,euclidean,height,1,0.17645551595969705
31,centroid,euclidean,height,2,0.18456173483398461
31,centroid,euclidean,height,3,0.18644451150643865
31,centroid,euclidean,height,4,0.19353520200336419
31,centroid,euclidean,height,5,0.21851658372307312
31,centroid,euclidean,height,6,0.31472149448115239
31,centroid,euclidean,height,7,0.50276385976616211
31,centroid,euclidean,height,8,0.52309183363791945
31,centroid,euclidean,height,9,0.57426123554514064
31,centroid,euclidean,height,10,0.66259034311486009
31,centroid,euclidean,height,11,0.71870744669137654
31,centroid,euclidean,height,12,0.85937641901243944
31,centroid,euclidean,height,13,0.86033742398353774
31,centroid,euclidean,height,14,0.87828209661777235
31,centroid,euclidean,height,15,1.02820159318386684
31,centroid,euclidean,height,16,1.37208521673687578
31,centroid,euclidean,height,17,1.81462565204987225
31,centroid,euclidean,height,18,4.36685221672269375
31,centroid,euclidean,cut,2,0;0;0;0;0;0;0;0;0;0;1;1;1;1;1;1;1;1;1;1
31,centroid,euclidean,cut,3,0;0;0;0;0;0;0;0;0;0;1;1;2;1;1;1;1;1;1;2
31,centroid,euclidean,cut,4,0;0;0;0;0;0;0;0;0;0;1;1;2;1;1;1;3;1;1;2
31,centroid,euclidean,cut,5,0;0;0;0;0;0;0;0;0;0;1;2;3;1;1;1;4;2;1;3
31,centroid,euclidean,cut,6,0;0;0;0;0;0;1;0;0;0;2;3;4;2;2;2;5;3;2;4
31,average,manhattan,height,0,0.13889685113774086
31,average,manhattan,height,1,0.19066062238100240
31,average,manhattan,height,2,0.23755731027057544
31,average,manhattan,height,3,0.24936444283555853
31,average,manhattan,height,4,0.27943618622658695
31,average,manhattan,height,5,0.30514026372457181
31,average,manhattan,height,6,0.41699177334714060
31,average,manhattan,height,7,0.59579884762726709
31,average,manhattan,height,8,0.63807190150295967
31,average,manhattan,height,9,0.80783755448105787
31,average,manhattan,height,10,0.93544430077922103
31,average,manhattan,height,11,0.99414667789695976
31,average,manhattan,height,12,1.00688057081630400
31,average,manhattan,height,13,1.20080734373966180
31,average,manhattan,height,14,1.21339359212821662
31,average,manhattan,height,15,1.39395619623788836
31,average,manhattan,height,16,1.67884736068014528
31,average,manhattan,height,17,2.31117720649253444
31,average,manhattan,height,18,4.81741756515669906
31,average,manhattan,cut,2,0;0;0;0;0;0;0;0;0;0;1;1;1;1;1;1;1;1;1;1
31,average,manhattan,cut,3,0;0;0;0;0;0;0;0;0;0;1;1;2;1;1;1;1;1;1;2
31,average,manhattan,cut,4,0;0;0;0;0;0;0;0;0;0;1;2;3;1;1;1;1;2;1;3
31,average,manhattan,cut,5,0;0;0;0;0;0;0;0;0;0;1;2;3;1;1;1;4;2;1;3
31,average,manhattan,cut,6,0;0;0;0;0;0;0;0;0;0;1;2;3;1;1;1;4;5;1;3
31,complete,manhattan,height,0,0.13889685113774086
31,complete,manhattan,height,1,0.19066062238100240
31,complete,manhattan,height,2,0.23755731027057544
31,complete,manhattan,height,3,0.29759551107874593
31,complete,manhattan,height,4,0.29974476128521138
31,complete,manhattan,height,5,0.36046966742490200
31,complete,manhattan,height,6,0.51035420856438241
31,complete,manhattan,height,7,0.80783755448105787
31,complete,manhattan,height,8,0.86251601242869791
31,complete,manhattan,height,9,0.88353765778979687
31,complete,manhattan,height,10,1.03519769148089180
31,complete,manhattan,height,11,1.16417310330428392
31,complete,manhattan,height,12,1.21339359212821662
31,complete,manhattan,height,13,1.47933650541706396
31,complete,manhattan,height,14,1.63865273870060091
31,complete,manhattan,height,15,1.72524389017147506
31,complete,manhattan,height,16,2.70937064947074324
31,complete,manhattan,height,17,3.16530275955602614
31,complete,manhattan,height,18,6.95236323409651735
31,complete,manhattan,cut,2,0;0;0;0;0;0;0;0;0;0;1;1;1;1;1;1;1;1;1;1
31,complete,manhattan,cut,3,0;0;0;0;0;0;0;0;0;0;1;2;2;1;1;1;1;2;1;2
31,complete,manhattan,cut,4,0;0;0;0;0;0;0;0;0;0;1;2;3;1;1;1;1;2;1;3
31,complete,manhattan,cut,5,0;1;1;0;0;0;1;0;0;1;2;3;4;2;2;2;2;3;2;4
31,complete,manhattan,cut,6,0;1;1;0;0;0;1;0;0;1;2;3;4;2;2;2;5;3;2;4
31,ward.D2,manhattan,height,0, 0.13889685113774086
31,ward.D2,manhattan,height,1, 0.19066062238100240
31,ward.D2,manhattan,height,2, 0.23755731027057544
31,ward.D2,manhattan,height,3, 0.28260152871438854
31,ward.D2,manhattan,height,4, 0.29281615241466991
31,ward.D2,manhattan,height,5, 0.34075221736242611
31,ward.D2,manhattan,height,6, 0.49730393467369266
31,ward.D2,manhattan,height,7, 0.59579884762726709
31,ward.D2,manhattan,height,8, 0.80783755448105787
31,ward.D2,manhattan,height,9, 1.03519769148089180
31,ward.D2,manhattan,height,10, 1.12591106591708257
31,ward.D2,manhattan,height,11, 1.21339359212821662
31,ward.D2,manhattan,height,12, 1.24058113112115098
31,ward.D2,manhattan,height,13, 1.36420603418869280
31,ward.D2,manhattan,height,14, 1.68451781502270781
31,ward.D2,manhattan,height,15, 1.80442430120619357
31,ward.D2,manhattan,height,16, 2.65007512485957220
31,ward.D2,manhattan,height,17, 3.83207528966602551
31,ward.D2,manhattan,height,18,14.96713598128195954
31,ward.D2,manhattan,cut,2,0;0;0;0;0;0;0;0;0;0;1;1;1;1;1;1;1;1;1;1
31,ward.D2,manhattan,cut,3,0;0;0;0;0;0;0;0;0;0;1;1;2;1;1;1;1;1;1;2
31,ward.D2,manhattan,cut,4,0;0;0;0;0;0;0;0;0;0;1;2;3;1;1;1;1;2;1;3
31,ward.D2,manhattan,cut,5,0;1;1;0;0;0;1;0;0;0;2;3;4;2;2;2;2;3;2;4
31,ward.D2,manhattan,cut,6,0;1;1;0;0;0;1;0;0;0;2;3;4;2;2;2;5;3;2;4
31,single,manhattan,height,0,0.13889685113774086
31,single,manhattan,height,1,0.19066062238100240
31,single,manhattan,height,2,0.19898412438590568
31,single,manhattan,height,3,0.23755731027057544
31,single,manhattan,height,4,0.24981086002424169
31,single,manhattan,height,5,0.26127686137442796
31,single,manhattan,height,6,0.30149438976905857
31,single,manhattan,height,7,0.31420837869683976
31,single,manhattan,height,8,0.51035420856438241
31,single,manhattan,height,9,0.59579884762726709
31,single,manhattan,height,10,0.79146373782347412
31,single,manhattan,height,11,0.80370343587938198
31,single,manhattan,height,12,0.80783755448105787
31,single,manhattan,height,13,0.80979636042036529
31,single,manhattan,height,14,1.03398660197535963
31,single,manhattan,height,15,1.09527572801633433
31,single,manhattan,height,16,1.12363567779570661
31,single,manhattan,height,17,1.41260788516403468
31,single,manhattan,height,18,2.86644603405096987
31,single,manhattan,cut,2,0;0;0;0;0;0;0;0;0;0;1;1;1;1;1;1;1;1;1;1
31,single,manhattan,cut,3,0;0;0;0;0;0;0;0;0;0;1;1;2;1;1;1;1;1;1;2
31,single,manhattan,cut,4,0;0;0;0;0;0;0;0;0;0;1;1;2;1;1;1;1;3;1;2
31,single,manhattan,cut,5,0;0;0;0;0;0;0;0;0;0;1;1;2;1;1;1;3;4;1;2
31,single,manhattan,cut,6,0;0;0;0;0;0;0;0;0;0;1;2;3;1;1;1;4;5;1;3
31,centroid,manhattan,height,0,0.13889685113774086
31,centroid,manhattan,height,1,0.19066062238100240
31,centroid,manhattan,height,2,0.23755731027057544
31,centroid,manhattan,height,3,0.24474010301497798
31,centroid,manhattan,height,4,0.25358622662952024
31,centroid,manhattan,height,5,0.29510007663173787
31,centroid,manhattan,height,6,0.40604696234297527
31,centroid,manhattan,height,7,0.59579884762726709
31,centroid,manhattan,height,8,0.60806147230638419
31,centroid,manhattan,height,9,0.80783755448105787
31,centroid,manhattan,height,10,0.92777911224832033
31,centroid,manhattan,height,11,0.90812811653105274
31,centroid,manhattan,height,12,0.95347442522397163
31,centroid,manhattan,height,13,1.12759629177196019
31,centroid,manhattan,height,14,1.21339359212821662
31,centroid,manhattan,height,15,1.29969675702439091
31,centroid,manhattan,height,16,1.69607604400428746
31,centroid,manhattan,height,17,2.14219521064760787
31,centroid,manhattan,height,18,4.73302397503102767
31,centroid,manhattan,cut,2,0;0;0;0;0;0;0;0;0;0;1;1;1;1;1;1;1;1;1;1
31,centroid,manhattan,cut,3,0;0;0;0;0;0;0;0;0;0;1;1;2;1;1;1;1;1;1;2
31,centroid,manhattan,cut,4,0;0;0;0;0;0;0;0;0;0;1;1;2;1;1;1;3;1;1;2
31,centroid,manhattan,cut,5,0;0;0;0;0;0;0;0;0;0;1;2;3;1;1;1;4;2;1;3
31,centroid,manhattan,cut,6,0;0;0;0;0;0;0;0;0;0;1;2;3;1;1;1;4;5;1;3
32,average,euclidean,height,0,0.044192078279415507
32,average,euclidean,height,1,0.097468228072964583
32,average,euclidean,height,2,0.155109153670388078
32,average,euclidean,height,3,0.191536047930494058
32,average,euclidean,height,4,0.238953371798214326
32,average,euclidean,height,5,0.249227346016572621
32,average,euclidean,height,6,0.375769414070303065
32,average,euclidean,height,7,0.387017616144805565
32,average,euclidean,height,8,0.426058230894545031
32,average,euclidean,height,9,0.426058952081702191
32,average,euclidean,height,10,0.500440581278551400
32,average,euclidean,height,11,0.559688983802201778
32,average,euclidean,height,12,0.645279591331188507
32,average,euclidean,height,13,0.648159557799802610
32,average,euclidean,height,14,0.711559213452253592
32,average,euclidean,height,15,1.013601040852631252
32,average,euclidean,height,16,1.118219270577333280
32,average,euclidean,height,17,1.474273079037486278
32,average,euclidean,height,18,3.902626885891465669
32,average,euclidean,cut,2,0;0;0;0;0;0;0;0;0;0;1;1;1;1;1;1;1;1;1;1
32,average,euclidean,cut,3,0;0;0;0;0;0;0;0;0;0;1;1;1;1;1;2;1;2;1;1
32,average,euclidean,cut,4,0;0;1;0;1;0;1;0;1;1;2;2;2;2;2;3;2;3;2;2
32,average,euclidean,cut,5,0;0;1;0;1;0;1;0;1;1;2;2;2;2;2;3;2;4;2;2
32,average,euclidean,cut,6,0;0;1;0;1;0;1;0;2;2;3;3;3;3;3;4;3;5;3;3
32,complete,euclidean,height,0,0.044192078279415507
32,complete,euclidean,height,1,0.097468228072964583
32,complete,euclidean,height,2,0.155109153670388078
32,complete,euclidean,height,3,0.191536047930494058
32,complete,euclidean,height,4,0.238953371798214326
32,complete,euclidean,height,5,0.249227346016572621
32,complete,euclidean,height,6,0.419979728318305767
32,complete,euclidean,height,7,0.432905912302916529
32,complete,euclidean,height,8,0.448424193152276385
32,complete,euclidean,height,9,0.511098387867607751
32,complete,euclidean,height,10,0.527372456750980767
32,complete,euclidean,height,11,0.770583042859772860
32,complete,euclidean,height,12,0.796696497820111094
32,complete,euclidean,height,13,0.870203635848605384
32,complete,euclidean,height,14,0.976468007420276618
32,complete,euclidean,height,15,1.013601040852631252
32,complete,euclidean,height,16,1.712973937083469789
32,complete,euclidean,height,17,2.092917307406358063
32,complete,euclidean,height,18,5.335059999540025188
32,complete,euclidean,cut,2,0;0;0;0;0;0;0;0;0;0;1;1;1;1;1;1;1;1;1;1
32,complete,euclidean,cut,3,0;0;0;0;0;0;0;0;0;0;1;1;1;1;1;2;1;2;1;1
32,complete,euclidean,cut,4,0;0;1;0;1;0;1;0;1;1;2;2;2;2;2;3;2;3;2;2
32,complete,euclidean,cut,5,0;0;1;0;1;0;1;0;1;1;2;2;2;2;2;3;2;4;2;2
32,complete,euclidean,cut,6,0;0;1;0;1;0;1;0;1;1;2;3;3;3;2;4;3;5;3;2
32,ward.D2,euclidean,height,0, 0.044192078279415507
32,ward.D2,euclidean,height,1, 0.097468228072964583
32,ward.D2,euclidean,height,2, 0.155109153670388078
32,ward.D2,euclidean,height,3, 0.191536047930494058
32,ward.D2,euclidean,height,4, 0.238953371798214326
32,ward.D2,euclidean,height,5, 0.249227346016572621
32,ward.D2,euclidean,height,6, 0.412518503724022767
32,ward.D2,euclidean,height,7, 0.438758686131643205
32,ward.D2,euclidean,height,8, 0.472297128285143752
32,ward.D2,euclidean,height,9, 0.480488114041088210
32,ward.D2,euclidean,height,10, 0.577426623662886662
32,ward.D2,euclidean,height,11, 0.794291330914402294
32,ward.D2,euclidean,height,12, 0.892985527910793886
32,ward.D2,euclidean,height,13, 0.991699570983487155
32,ward.D2,euclidean,height,14, 1.013601040852631252
32,ward.D2,euclidean,height,15, 1.041818765757612342
32,ward.D2,euclidean,height,16, 2.335028125983824587
32,ward.D2,euclidean,height,17, 2.461385306737016165
32,ward.D2,euclidean,height,18,12.208927159367311432
32,ward.D2,euclidean,cut,2,0;0;0;0;0;0;0;0;0;0;1;1;1;1;1;1;1;1;1;1
32,ward.D2,euclidean,cut,3,0;0;0;0;0;0;0;0;0;0;1;1;1;1;1;2;1;2;1;1
32,ward.D2,euclidean,cut,4,0;0;1;0;1;0;1;0;1;1;2;2;2;2;2;3;2;3;2;2
32,ward.D2,euclidean,cut,5,0;0;1;0;1;0;1;0;2;2;3;3;3;3;3;4;3;4;3;3
32,ward.D2,euclidean,cut,6,0;0;1;0;1;0;1;0;2;2;3;3;3;3;3;4;3;5;3;3
32,single,euclidean,height,0,0.044192078279415507
32,single,euclidean,height,1,0.097468228072964583
32,single,euclidean,height,2,0.155109153670388078
32,single,euclidean,height,3,0.191536047930494058
32,single,euclidean,height,4,0.238953371798214326
32,single,euclidean,height,5,0.249227346016572621
32,single,euclidean,height,6,0.258491631325231841
32,single,euclidean,height,7,0.280778600699538583
32,single,euclidean,height,8,0.325611039137334690
32,single,euclidean,height,9,0.331559099822300363
32,single,euclidean,height,10,0.361168411592447391
32,single,euclidean,height,11,0.419211991860487798
32,single,euclidean,height,12,0.422666408274700367
32,single,euclidean,height,13,0.489782774689495104
32,single,euclidean,height,14,0.589974635376002254
32,single,euclidean,height,15,0.672067010921862940
32,single,euclidean,height,16,0.732956508404078000
32,single,euclidean,height,17,1.013601040852631252
32,single,euclidean,height,18,1.702737525453555278
32,single,euclidean,cut,2,0;0;0;0;0;0;0;0;0;0;1;1;1;1;1;1;1;1;1;1
32,single,euclidean,cut,3,0;0;0;0;0;0;0;0;0;0;1;1;1;1;1;1;1;2;1;1
32,single,euclidean,cut,4,0;0;0;0;0;0;0;0;0;0;1;1;1;1;1;2;1;3;1;1
32,single,euclidean,cut,5,0;0;1;0;1;0;1;0;1;1;2;2;2;2;2;3;2;4;2;2
32,single,euclidean,cut,6,0;0;1;0;1;0;1;0;2;2;3;3;3;3;3;4;3;5;3;3
32,centroid,euclidean,height,0,0.044192078279415507
32,centroid,euclidean,height,1,0.097468228072964583
32,centroid,euclidean,height,2,0.155109153670388078
32,centroid,euclidean,height,3,0.191536047930494058
32,centroid,euclidean,height,4,0.238953371798214326
32,centroid,euclidean,height,5,0.249227346016572621
32,centroid,euclidean,height,6,0.357251503756149280
32,centroid,euclidean,height,7,0.379976168321086105
32,centroid,euclidean,height,8,0.390315898712315090
32,centroid,euclidean,height,9,0.392316902290959835
32,centroid,euclidean,height,10,0.500066124913536525
32,centroid,euclidean,height,11,0.612234042648802768
32,centroid,euclidean,height,12,0.551011224811410072
32,centroid,euclidean,height,13,0.627942432854005972
32,centroid,euclidean,height,14,0.672491121590933161
32,centroid,euclidean,height,15,1.013601040852631252
32,centroid,euclidean,height,16,1.044256323814755083
32,centroid,euclidean,height,17,1.375956216170784785
32,centroid,euclidean,height,18,3.860801761069024174
32,centroid,euclidean,cut,2,0;0;0;0;0;0;0;0;0;0;1;1;1;1;1;1;1;1;1;1
32,centroid,euclidean,cut,3,0;0;0;0;0;0;0;0;0;0;1;1;1;1;1;2;1;2;1;1
32,centroid,euclidean,cut,4,0;0;1;0;1;0;1;0;1;1;2;2;2;2;2;3;2;3;2;2
32,centroid,euclidean,cut,5,0;0;1;0;1;0;1;0;1;1;2;2;2;2;2;3;2;4;2;2
32,centroid,euclidean,cut,6,0;0;1;0;1;0;1;0;2;2;3;3;3;3;3;4;3;5;3;3
32,average,manhattan,height,0,0.057459663477942749
32,average,manhattan,height,1,0.099169279910210850
32,average,manhattan,height,2,0.187477707776934593
32,average,manhattan,height,3,0.246614163009123477
32,average,manhattan,height,4,0.254177359879106890
32,average,manhattan,height,5,0.351797590620120837
32,average,manhattan,height,6,0.479411541964891386
32,average,manhattan,height,7,0.515659911599049225
32,average,manhattan,height,8,0.528230546272518198
32,average,manhattan,height,9,0.553923536463830080
32,average,manhattan,height,10,0.703703297951582707
32,average,manhattan,height,11,0.707435649799919131
32,average,manhattan,height,12,0.834272754531636518
32,average,manhattan,height,13,0.838588387148737957
32,average,manhattan,height,14,0.859445283689985629
32,average,manhattan,height,15,1.383008696038964480
32,average,manhattan,height,16,1.477013361609393893
32,average,manhattan,height,17,1.872788090724345267
32,average,manhattan,height,18,4.317067292465543105
32,average,manhattan,cut,2,0;0;0;0;0;0;0;0;0;0;1;1;1;1;1;1;1;1;1;1
32,average,manhattan,cut,3,0;0;0;0;0;0;0;0;0;0;1;1;1;1;1;2;1;2;1;1
32,average,manhattan,cut,4,0;0;1;0;1;0;1;0;1;1;2;2;2;2;2;3;2;3;2;2
32,average,manhattan,cut,5,0;0;1;0;1;0;1;0;1;1;2;2;2;2;2;3;2;4;2;2
32,average,manhattan,cut,6,0;0;1;0;1;0;1;0;1;1;2;3;2;2;2;4;3;5;2;2
32,complete,manhattan,height,0,0.057459663477942749
32,complete,manhattan,height,1,0.099169279910210850
32,complete,manhattan,height,2,0.187477707776934593
32,complete,manhattan,height,3,0.246614163009123477
32,complete,manhattan,height,4,0.254177359879106890
32,complete,manhattan,height,5,0.351797590620120837
32,complete,manhattan,height,6,0.490216578276800208
32,complete,manhattan,height,7,0.533565798356657628
32,complete,manhattan,height,8,0.571681268948221133
32,complete,manhattan,height,9,0.715994215719486959
32,complete,manhattan,height,10,0.745078177469657210
32,complete,manhattan,height,11,0.932936254060906967
32,complete,manhattan,height,12,0.974139769961669622
32,complete,manhattan,height,13,1.083400349180465350
32,complete,manhattan,height,14,1.380840711698261059
32,complete,manhattan,height,15,1.383008696038964480
32,complete,manhattan,height,16,2.304697065117290222
32,complete,manhattan,height,17,2.514151632986556084
32,complete,manhattan,height,18,5.663061343536159420
32,complete,manhattan,cut,2,0;0;0;0;0;0;0;0;0;0;1;1;1;1;1;1;1;1;1;1
32,complete,manhattan,cut,3,0;0;0;0;0;0;0;0;0;0;1;1;1;1;1;2;1;2;1;1
32,complete,manhattan,cut,4,0;0;1;0;1;0;1;1;1;1;2;2;2;2;2;3;2;3;2;2
32,complete,manhattan,cut,5,0;0;1;0;1;0;1;1;1;1;2;2;2;2;2;3;2;4;2;2
32,complete,manhattan,cut,6,0;0;1;0;1;0;1;1;1;1;2;3;3;3;2;4;3;5;3;2
32,ward.D2,manhattan,height,0, 0.057459663477942749
32,ward.D2,manhattan,height,1, 0.099169279910210850
32,ward.D2,manhattan,height,2, 0.187477707776934593
32,ward.D2,manhattan,height,3, 0.246614163009123477
32,ward.D2,manhattan,height,4, 0.254177359879106890
32,ward.D2,manhattan,height,5, 0.351797590620120837
32,ward.D2,manhattan,height,6, 0.515120424997658199
32,ward.D2,manhattan,height,7, 0.581766162142385412
32,ward.D2,manhattan,height,8, 0.592063557805957208
32,ward.D2,manhattan,height,9, 0.628178227730101457
32,ward.D2,manhattan,height,10, 0.812013132057818887
32,ward.D2,manhattan,height,11, 1.033582173594512099
32,ward.D2,manhattan,height,12, 1.116384077042294365
32,ward.D2,manhattan,height,13, 1.194019019278898641
32,ward.D2,manhattan,height,14, 1.350330152506078019
32,ward.D2,manhattan,height,15, 1.383008696038964480
32,ward.D2,manhattan,height,16, 3.061598397296668939
32,ward.D2,manhattan,height,17, 3.158342585027684724
32,ward.D2,manhattan,height,18,13.334060655013027841
32,ward.D2,manhattan,cut,2,0;0;0;0;0;0;0;0;0;0;1;1;1;1;1;1;1;1;1;1
32,ward.D2,manhattan,cut,3,0;0;1;0;1;0;1;0;1;1;2;2;2;2;2;2;2;2;2;2
32,ward.D2,manhattan,cut,4,0;0;1;0;1;0;1;0;1;1;2;2;2;2;2;3;2;3;2;2
32,ward.D2,manhattan,cut,5,0;0;1;0;1;0;1;0;1;1;2;2;2;2;2;3;2;4;2;2
32,ward.D2,manhattan,cut,6,0;0;1;0;1;0;1;0;1;1;2;3;2;2;2;4;3;5;2;2
32,single,manhattan,height,0,0.057459663477942749
32,single,manhattan,height,1,0.099169279910210850
32,single,manhattan,height,2,0.187477707776934593
32,single,manhattan,height,3,0.246614163009123477
32,single,manhattan,height,4,0.254177359879106890
32,single,manhattan,height,5,0.323758586213130695
32,single,manhattan,height,6,0.351797590620120837
32,single,manhattan,height,7,0.393280586849536318
32,single,manhattan,height,8,0.459638554249877207
32,single,manhattan,height,9,0.468606505652982563
32,single,manhattan,height,10,0.476218538467167440
32,single,manhattan,height,11,0.522895294188378768
32,single,manhattan,height,12,0.563971026190112523
32,single,manhattan,height,13,0.691412380183678343
32,single,manhattan,height,14,0.747183534238590297
32,single,manhattan,height,15,0.812435353409042493
32,single,manhattan,height,16,1.033303166838659859
32,single,manhattan,height,17,1.383008696038964480
32,single,manhattan,height,18,1.928507194282464754
32,single,manhattan,cut,2,0;0;0;0;0;0;0;0;0;0;1;1;1;1;1;1;1;1;1;1
32,single,manhattan,cut,3,0;0;0;0;0;0;0;0;0;0;1;1;1;1;1;1;1;2;1;1
32,single,manhattan,cut,4,0;0;0;0;0;0;0;0;0;0;1;1;1;1;1;2;1;3;1;1
32,single,manhattan,cut,5,0;0;1;0;1;0;1;0;1;1;2;2;2;2;2;3;2;4;2;2
32,single,manhattan,cut,6,0;0;1;0;1;0;1;0;2;2;3;3;3;3;3;4;3;5;3;3
32,centroid,manhattan,height,0,0.057459663477942749
32,centroid,manhattan,height,1,0.099169279910210850
32,centroid,manhattan,height,2,0.187477707776934593
32,centroid,manhattan,height,3,0.246614163009123477
32,centroid,manhattan,height,4,0.254177359879106890
32,centroid,manhattan,height,5,0.351797590620120837
32,centroid,manhattan,height,6,0.446107374056208539
32,centroid,manhattan,height,7,0.503824275477482542
32,centroid,manhattan,height,8,0.512742081714955500
32,centroid,manhattan,height,9,0.512905375154866339
32,centroid,manhattan,height,10,0.644544647399380555
32,centroid,manhattan,height,11,0.703224000568639318
32,centroid,manhattan,height,12,0.770735962787014617
32,centroid,manhattan,height,13,0.779613477044252434
32,centroid,manhattan,height,14,0.817118454376550285
32,centroid,manhattan,height,15,1.383008696038964480
32,centroid,manhattan,height,16,1.412453743270862372
32,centroid,manhattan,height,17,1.711485534039939971
32,centroid,manhattan,height,18,4.216600212867785302
32,centroid,manhattan,cut,2,0;0;0;0;0;0;0;0;0;0;1;1;1;1;1;1;1;1;1;1
32,centroid,manhattan,cut,3,0;0;0;0;0;0;0;0;0;0;1;1;1;1;1;2;1;2;1;1
32,centroid,manhattan,cut,4,0;0;1;0;1;0;1;0;1;1;2;2;2;2;2;3;2;3;2;2
32,centroid,manhattan,cut,5,0;0;1;0;1;0;1;0;1;1;2;2;2;2;2;3;2;4;2;2
32,centroid,manhattan,cut,6,0;0;1;0;1;0;1;2;1;1;3;3;3;3;3;4;3;5;3;3
33,average,euclidean,height,0,0.13481351346197040
33,average,euclidean,height,1,0.14679275629498520
33,average,euclidean,height,2,0.17481752427408417
33,average,euclidean,height,3,0.18882099096858068
33,average,euclidean,height,4,0.19165955789829181
33,average,euclidean,height,5,0.21279391330351793
33,average,euclidean,height,6,0.23809011594483634
33,average,euclidean,height,7,0.36161227846072208
33,average,euclidean,height,8,0.39512888927762385
33,average,euclidean,height,9,0.51589100544369582
33,average,euclidean,height,10,0.61640099809996951
33,average,euclidean,height,11,0.62541829853334763
33,average,euclidean,height,12,0.70999423971988351
33,average,euclidean,height,13,0.83257671986002779
33,average,euclidean,height,14,0.89903111319243467
33,average,euclidean,height,15,0.93951535701107591
33,average,euclidean,height,16,1.05829297790146803
33,average,euclidean,height,17,1.23358144898157596
33,average,euclidean,height,18,3.82387215246345846
33,average,euclidean,cut,2,0;0;0;0;0;0;0;0;0;0;1;1;1;1;1;1;1;1;1;1
33,average,euclidean,cut,3,0;1;0;1;0;0;0;0;0;0;2;2;2;2;2;2;2;2;2;2
33,average,euclidean,cut,4,0;1;0;1;0;0;0;0;0;0;2;3;3;2;2;2;2;2;2;3
33,average,euclidean,cut,5,0;1;0;1;0;0;0;0;0;0;2;3;3;2;2;2;2;2;2;4
33,average,euclidean,cut,6,0;1;0;1;0;0;0;0;0;0;2;3;3;2;4;2;4;2;2;5
33,complete,euclidean,height,0,0.13481351346197040
33,complete,euclidean,height,1,0.14679275629498520
33,complete,euclidean,height,2,0.17481752427408417
33,complete,euclidean,height,3,0.18882099096858068
33,complete,euclidean,height,4,0.19165955789829181
33,complete,euclidean,height,5,0.21279391330351793
33,complete,euclidean,height,6,0.23809011594483634
33,complete,euclidean,height,7,0.36161227846072208
33,complete,euclidean,height,8,0.50056544456848839
33,complete,euclidean,height,9,0.60540943123893565
33,complete,euclidean,height,10,0.70999423971988351
33,complete,euclidean,height,11,0.72967881274900270
33,complete,euclidean,height,12,0.78268206575340737
33,complete,euclidean,height,13,1.02370506202471967
33,complete,euclidean,height,14,1.03040693905248881
33,complete,euclidean,height,15,1.21194258871829241
33,complete,euclidean,height,16,1.70917218341395682
33,complete,euclidean,height,17,1.97181385542915777
33,complete,euclidean,height,18,5.47695021438679497
33,complete,euclidean,cut,2,0;0;0;0;0;0;0;0;0;0;1;1;1;1;1;1;1;1;1;1
33,complete,euclidean,cut,3,0;1;0;1;0;0;0;0;0;0;2;2;2;2;2;2;2;2;2;2
33,complete,euclidean,cut,4,0;1;0;1;0;0;0;0;0;0;2;3;3;2;2;3;2;2;3;3
33,complete,euclidean,cut,5,0;1;0;1;2;0;2;2;0;2;3;4;4;3;3;4;3;3;4;4
33,complete,euclidean,cut,6,0;1;0;1;2;0;2;2;0;2;3;4;4;3;5;4;5;3;4;4
33,ward.D2,euclidean,height,0, 0.13481351346197040
33,ward.D2,euclidean,height,1, 0.14679275629498520
33,ward.D2,euclidean,height,2, 0.17481752427408417
33,ward.D2,euclidean,height,3, 0.18882099096858068
33,ward.D2,euclidean,height,4, 0.19165955789829181
33,ward.D2,euclidean,height,5, 0.21279391330351793
33,ward.D2,euclidean,height,6, 0.23809011594483634
33,ward.D2,euclidean,height,7, 0.36161227846072208
33,ward.D2,euclidean,height,8, 0.45176982414457600
33,ward.D2,euclidean,height,9, 0.70999423971988351
33,ward.D2,euclidean,height,10, 0.71770109971485208
33,ward.D2,euclidean,height,11, 0.78098646183180453
33,ward.D2,euclidean,height,12, 0.87869891168417558
33,ward.D2,euclidean,height,13, 1.08209991764750257
33,ward.D2,euclidean,height,14, 1.36450391402649673
33,ward.D2,euclidean,height,15, 1.48494194120607004
33,ward.D2,euclidean,height,16, 1.90201325960312206
33,ward.D2,euclidean,height,17, 2.04054119078856777
33,ward.D2,euclidean,height,18,11.96995818129613198
33,ward.D2,euclidean,cut,2,0;0;0;0;0;0;0;0;0;0;1;1;1;1;1;1;1;1;1;1
33,ward.D2,euclidean,cut,3,0;1;0;1;0;0;0;0;0;0;2;2;2;2;2;2;2;2;2;2
33,ward.D2,euclidean,cut,4,0;1;0;1;0;0;0;0;0;0;2;3;3;2;2;3;2;2;3;3
33,ward.D2,euclidean,cut,5,0;1;0;1;2;0;2;2;0;2;3;4;4;3;3;4;3;3;4;4
33,ward.D2,euclidean,cut,6,0;1;0;1;2;0;2;2;0;2;3;4;4;3;3;5;3;3;5;5
33,single,euclidean,height,0,0.13481351346197040
33,single,euclidean,height,1,0.14679275629498520
33,single,euclidean,height,2,0.17481752427408417
33,single,euclidean,height,3,0.18882099096858068
33,single,euclidean,height,4,0.19165955789829181
33,single,euclidean,height,5,0.21279391330351793
33,single,euclidean,height,6,0.23809011594483634
33,single,euclidean,height,7,0.28969233398675931
33,single,euclidean,height,8,0.36161227846072208
33,single,euclidean,height,9,0.41781196050843977
33,single,euclidean,height,10,0.44513321564433372
33,single,euclidean,height,11,0.45798900942470705
33,single,euclidean,height,12,0.46730536369610909
33,single,euclidean,height,13,0.56624274263718388
33,single,euclidean,height,14,0.62709861044526838
33,single,euclidean,height,15,0.70999423971988351
33,single,euclidean,height,16,0.71482024500452401
33,single,euclidean,height,17,0.77351921576745586
33,single,euclidean,height,18,2.14003253093112189
33,single,euclidean,cut,2,0;0;0;0;0;0;0;0;0;0;1;1;1;1;1;1;1;1;1;1
33,single,euclidean,cut,3,0;0;0;0;0;0;0;0;0;0;1;2;2;1;1;1;1;1;1;1
33,single,euclidean,cut,4,0;1;0;1;0;0;0;0;0;0;2;3;3;2;2;2;2;2;2;2
33,single,euclidean,cut,5,0;1;0;2;0;0;0;0;0;0;3;4;4;3;3;3;3;3;3;3
33,single,euclidean,cut,6,0;1;0;2;0;0;0;0;0;0;3;4;4;3;3;3;3;3;3;5
33,centroid,euclidean,height,0,0.13481351346197040
33,centroid,euclidean,height,1,0.14679275629498520
33,centroid,euclidean,height,2,0.17481752427408417
33,centroid,euclidean,height,3,0.18882099096858068
33,centroid,euclidean,height,4,0.19165955789829181
33,centroid,euclidean,height,5,0.21279391330351793
33,centroid,euclidean,height,6,0.23809011594483634
33,centroid,euclidean,height,7,0.36161227846072208
33,centroid,euclidean,height,8,0.39124414437243127
33,centroid,euclidean,height,9,0.50749131447341445
33,centroid,euclidean,height,10,0.58613964259936968
33,centroid,euclidean,height,11,0.62133395907311983
33,centroid,euclidean,height,12,0.70999423971988351
33,centroid,euclidean,height,13,0.74247097060303502
33,centroid,euclidean,height,14,0.86165647721576477
33,centroid,euclidean,height,15,0.87161460878333996
33,centroid,euclidean,height,16,1.04110587507727348
33,centroid,euclidean,height,17,1.14069720337290126
33,centroid,euclidean,height,18,3.78523313498624692
33,centroid,euclidean,cut,2,0;0;0;0;0;0;0;0;0;0;1;1;1;1;1;1;1;1;1;1
33,centroid,euclidean,cut,3,0;1;0;1;0;0;0;0;0;0;2;2;2;2;2;2;2;2;2;2
33,centroid,euclidean,cut,4,0;1;0;1;0;0;0;0;0;0;2;2;2;2;2;2;2;2;2;3
33,centroid,euclidean,cut,5,0;1;0;1;0;0;0;0;0;0;2;3;3;2;2;2;2;2;2;4
33,centroid,euclidean,cut,6,0;1;0;1;0;0;0;0;0;0;2;3;3;2;4;2;4;2;2;5
33,average,manhattan,height,0,0.18687536387312992
33,average,manhattan,height,1,0.19810061895512646
33,average,manhattan,height,2,0.24113369413663707
33,average,manhattan,height,3,0.26348297873684146
33,average,manhattan,height,4,0.26499044901208990
33,average,manhattan,height,5,0.28000907854942153
33,average,manhattan,height,6,0.32849879086893458
33,average,manhattan,height,7,0.48639124146223278
33,average,manhattan,height,8,0.50094925306761096
33,average,manhattan,height,9,0.70575114638814673
33,average,manhattan,height,10,0.80260108812614128
33,average,manhattan,height,11,0.82884708865807843
33,average,manhattan,height,12,0.97205006351695622
33,average,manhattan,height,13,1.00847079374907644
33,average,manhattan,height,14,1.05506863084361546
33,average,manhattan,height,15,1.08987471156840643
33,average,manhattan,height,16,1.39602558892483453
33,average,manhattan,height,17,1.51156671069394499
33,average,manhattan,height,18,4.22199145013774491
33,average,manhattan,cut,2,0;0;0;0;0;0;0;0;0;0;1;1;1;1;1;1;1;1;1;1
33,average,manhattan,cut,3,0;1;0;1;0;0;0;0;0;0;2;2;2;2;2;2;2;2;2;2
33,average,manhattan,cut,4,0;1;0;1;0;0;0;0;0;0;2;3;3;2;2;2;2;2;2;3
33,average,manhattan,cut,5,0;1;0;1;0;0;0;0;0;0;2;3;3;2;4;2;4;2;2;3
33,average,manhattan,cut,6,0;1;0;1;2;0;2;2;0;2;3;4;4;3;5;3;5;3;3;4
33,complete,manhattan,height,0,0.18687536387312992
33,complete,manhattan,height,1,0.19810061895512646
33,complete,manhattan,height,2,0.24113369413663707
33,complete,manhattan,height,3,0.26348297873684146
33,complete,manhattan,height,4,0.26499044901208990
33,complete,manhattan,height,5,0.28000907854942153
33,complete,manhattan,height,6,0.32849879086893458
33,complete,manhattan,height,7,0.48639124146223278
33,complete,manhattan,height,8,0.66519864850207822
33,complete,manhattan,height,9,0.82088821297425185
33,complete,manhattan,height,10,0.94278642117783085
33,complete,manhattan,height,11,0.96988600101751454
33,complete,manhattan,height,12,0.97205006351695622
33,complete,manhattan,height,13,1.36343185214705587
33,complete,manhattan,height,14,1.36591209207385167
33,complete,manhattan,height,15,1.37275590284892779
33,complete,manhattan,height,16,2.10633261526640636
33,complete,manhattan,height,17,2.34260879382826559
33,complete,manhattan,height,18,5.68354279336241852
33,complete,manhattan,cut,2,0;0;0;0;0;0;0;0;0;0;1;1;1;1;1;1;1;1;1;1
33,complete,manhattan,cut,3,0;0;0;0;0;0;0;0;0;0;1;2;2;1;1;2;1;1;2;2
33,complete,manhattan,cut,4,0;1;0;1;0;0;0;0;0;0;2;3;3;2;2;3;2;2;3;3
33,complete,manhattan,cut,5,0;1;0;1;0;0;0;0;0;0;2;3;3;2;2;4;2;2;4;4
33,complete,manhattan,cut,6,0;1;0;1;0;0;0;0;0;0;2;3;3;2;4;5;4;2;5;5
33,ward.D2,manhattan,height,0, 0.18687536387312992
33,ward.D2,manhattan,height,1, 0.19810061895512646
33,ward.D2,manhattan,height,2, 0.24113369413663707
33,ward.D2,manhattan,height,3, 0.26348297873684146
33,ward.D2,manhattan,height,4, 0.26499044901208990
33,ward.D2,manhattan,height,5, 0.28000907854942153
33,ward.D2,manhattan,height,6, 0.32849879086893458
33,ward.D2,manhattan,height,7, 0.48639124146223278
33,ward.D2,manhattan,height,8, 0.57844637221785433
33,ward.D2,manhattan,height,9, 0.97205006351695622
33,ward.D2,manhattan,height,10, 0.97426254243031540
33,ward.D2,manhattan,height,11, 0.98101959603398581
33,ward.D2,manhattan,height,12, 1.12283245485151117
33,ward.D2,manhattan,height,13, 1.29371808267371513
33,ward.D2,manhattan,height,14, 1.77547562447612828
33,ward.D2,manhattan,height,15, 1.84479773148726478
33,ward.D2,manhattan,height,16, 2.43708381358033277
33,ward.D2,manhattan,height,17, 2.51726973547865951
33,ward.D2,manhattan,height,18,13.08190727839446232
33,ward.D2,manhattan,cut,2,0;0;0;0;0;0;0;0;0;0;1;1;1;1;1;1;1;1;1;1
33,ward.D2,manhattan,cut,3,0;0;0;0;0;0;0;0;0;0;1;2;2;1;1;2;1;1;2;2
33,ward.D2,manhattan,cut,4,0;1;0;1;0;0;0;0;0;0;2;3;3;2;2;3;2;2;3;3
33,ward.D2,manhattan,cut,5,0;1;0;1;2;0;2;2;0;2;3;4;4;3;3;4;3;3;4;4
33,ward.D2,manhattan,cut,6,0;1;0;1;2;0;2;2;0;2;3;4;4;3;3;5;3;3;5;5
33,single,manhattan,height,0,0.18687536387312992
33,single,manhattan,height,1,0.19810061895512646
33,single,manhattan,height,2,0.24113369413663707
33,single,manhattan,height,3,0.26348297873684146
33,single,manhattan,height,4,0.26499044901208990
33,single,manhattan,height,5,0.28000907854942153
33,single,manhattan,height,6,0.32849879086893458
33,single,manhattan,height,7,0.33669985763314370
33,single,manhattan,height,8,0.48639124146223278
33,single,manhattan,height,9,0.59061407980204161
33,single,manhattan,height,10,0.59190637183818784
33,single,manhattan,height,11,0.63531617523476802
33,single,manhattan,height,12,0.64731080688008968
33,single,manhattan,height,13,0.70438381520195437
33,single,manhattan,height,14,0.74468580222270442
33,single,manhattan,height,15,0.78067595605343154
33,single,manhattan,height,16,0.87597556924303144
33,single,manhattan,height,17,0.97205006351695622
33,single,manhattan,height,18,2.20445427524708526
33,single,manhattan,cut,2,0;0;0;0;0;0;0;0;0;0;1;1;1;1;1;1;1;1;1;1
33,single,manhattan,cut,3,0;1;0;0;0;0;0;0;0;0;2;2;2;2;2;2;2;2;2;2
33,single,manhattan,cut,4,0;1;0;0;0;0;0;0;0;0;2;3;3;2;2;2;2;2;2;2
33,single,manhattan,cut,5,0;1;0;2;0;0;0;0;0;0;3;4;4;3;3;3;3;3;3;3
33,single,manhattan,cut,6,0;1;0;2;0;0;0;0;0;0;3;4;4;3;3;3;3;3;3;5
33,centroid,manhattan,height,0,0.18687536387312992
33,centroid,manhattan,height,1,0.19810061895512646
33,centroid,manhattan,height,2,0.24113369413663707
33,centroid,manhattan,height,3,0.26348297873684146
33,centroid,manhattan,height,4,0.26499044901208990
33,centroid,manhattan,height,5,0.28000907854942153
33,centroid,manhattan,height,6,0.32849879086893458
33,centroid,manhattan,height,7,0.48639124146223278
33,centroid,manhattan,height,8,0.50094925306761096
33,centroid,manhattan,height,9,0.69368560883251884
33,centroid,manhattan,height,10,0.79146145522377687
33,centroid,manhattan,height,11,0.79396244296184149
33,centroid,manhattan,height,12,0.92239886574363239
33,centroid,manhattan,height,13,0.97205006351695622
33,centroid,manhattan,height,14,1.00847079374907644
33,centroid,manhattan,height,15,1.02633574972108965
33,centroid,manhattan,height,16,1.21917569253156000
33,centroid,manhattan,height,17,1.36237126850751222
33,centroid,manhattan,height,18,4.13686231388609382
33,centroid,manhattan,cut,2,0;0;0;0;0;0;0;0;0;0;1;1;1;1;1;1;1;1;1;1
33,centroid,manhattan,cut,3,0;1;0;1;0;0;0;0;0;0;2;2;2;2;2;2;2;2;2;2
33,centroid,manhattan,cut,4,0;1;0;1;0;0;0;0;0;0;2;3;3;2;2;2;2;2;2;3
33,centroid,manhattan,cut,5,0;1;0;1;0;0;0;0;0;0;2;3;3;2;4;2;4;2;2;3
33,centroid,manhattan,cut,6,0;1;0;1;0;0;0;0;0;0;2;3;3;2;4;2;4;2;2;5
34,average,euclidean,height,0,0.044864567818551783
34,average,euclidean,height,1,0.060443940301286719
34,average,euclidean,height,2,0.084353188730894743
34,average,euclidean,height,3,0.123502337995505751
34,average,euclidean,height,4,0.215884726945290484
34,average,euclidean,height,5,0.220216427466883219
34,average,euclidean,height,6,0.234235176277744872
34,average,euclidean,height,7,0.306424469179344461
34,average,euclidean,height,8,0.396308508654899305
34,average,euclidean,height,9,0.445251952596767586
34,average,euclidean,height,10,0.471790860068876883
34,average,euclidean,height,11,0.500727994905810991
34,average,euclidean,height,12,0.627458413705842877
34,average,euclidean,height,13,0.642718371035396752
34,average,euclidean,height,14,0.699452094266303392
34,average,euclidean,height,15,0.741926259547234457
34,average,euclidean,height,16,0.986925407381252451
34,average,euclidean,height,17,1.028594603912633243
34,average,euclidean,height,18,4.575807689830531544
34,average,euclidean,cut,2,0;0;0;0;0;0;0;0;0;0;1;1;1;1;1;1;1;1;1;1
34,average,euclidean,cut,3,0;1;1;0;0;0;0;0;0;0;2;2;2;2;2;2;2;2;2;2
34,average,euclidean,cut,4,0;1;1;0;0;0;0;0;0;0;2;3;2;2;2;3;2;3;2;2
34,average,euclidean,cut,5,0;1;1;0;0;0;0;0;0;0;2;3;2;2;2;3;2;3;4;4
34,average,euclidean,cut,6,0;1;1;2;2;0;0;2;2;0;3;4;3;3;3;4;3;4;5;5
34,complete,euclidean,height,0,0.044864567818551783
34,complete,euclidean,height,1,0.060443940301286719
34,complete,euclidean,height,2,0.084353188730894743
34,complete,euclidean,height,3,0.136063815631466467
34,complete,euclidean,height,4,0.215884726945290484
34,complete,euclidean,height,5,0.220216427466883219
34,complete,euclidean,height,6,0.246537446859263210
34,complete,euclidean,height,7,0.306424469179344461
34,complete,euclidean,height,8,0.428488620087841998
34,complete,euclidean,height,9,0.471790860068876883
34,complete,euclidean,height,10,0.521401427807776652
34,complete,euclidean,height,11,0.630317681574528055
34,complete,euclidean,height,12,0.658175131085844467
34,complete,euclidean,height,13,0.725407436153704288
34,complete,euclidean,height,14,1.045483640382184776
34,complete,euclidean,height,15,1.203704012230744080
34,complete,euclidean,height,16,1.526364441359719271
34,complete,euclidean,height,17,1.678190003375170880
34,complete,euclidean,height,18,5.794447822350138999
34,complete,euclidean,cut,2,0;0;0;0;0;0;0;0;0;0;1;1;1;1;1;1;1;1;1;1
34,complete,euclidean,cut,3,0;0;0;0;0;0;0;0;0;0;1;2;1;1;1;2;1;2;1;1
34,complete,euclidean,cut,4,0;1;1;0;0;0;0;0;0;0;2;3;2;2;2;3;2;3;2;2
34,complete,euclidean,cut,5,0;1;1;0;0;0;0;0;0;0;2;3;2;2;2;3;2;3;4;4
34,complete,euclidean,cut,6,0;1;1;2;2;0;0;2;2;0;3;4;3;3;3;4;3;4;5;5
34,ward.D2,euclidean,height,0, 0.044864567818551783
34,ward.D2,euclidean,height,1, 0.060443940301286719
34,ward.D2,euclidean,height,2, 0.084353188730894743
34,ward.D2,euclidean,height,3, 0.140984211169754875
34,ward.D2,euclidean,height,4, 0.215884726945290484
34,ward.D2,euclidean,height,5, 0.220216427466883219
34,ward.D2,euclidean,height,6, 0.268586661836959006
34,ward.D2,euclidean,height,7, 0.306424469179344461
34,ward.D2,euclidean,height,8, 0.457261798908793426
34,ward.D2,euclidean,height,9, 0.471790860068876883
34,ward.D2,euclidean,height,10, 0.498122707329862524
34,ward.D2,euclidean,height,11, 0.737810122027316773
34,ward.D2,euclidean,height,12, 0.752920290801441627
34,ward.D2,euclidean,height,13, 0.765375853113326454
34,ward.D2,euclidean,height,14, 1.177959990775472976
34,ward.D2,euclidean,height,15, 1.239608184920802714
34,ward.D2,euclidean,height,16, 1.736194300428299364
34,ward.D2,euclidean,height,17, 1.851513775988475663
34,ward.D2,euclidean,height,18,14.373087199134564784
34,ward.D2,euclidean,cut,2,0;0;0;0;0;0;0;0;0;0;1;1;1;1;1;1;1;1;1;1
34,ward.D2,euclidean,cut,3,0;0;0;0;0;0;0;0;0;0;1;2;1;1;1;2;1;2;1;1
34,ward.D2,euclidean,cut,4,0;1;1;0;0;0;0;0;0;0;2;3;2;2;2;3;2;3;2;2
34,ward.D2,euclidean,cut,5,0;1;1;2;2;0;0;2;2;0;3;4;3;3;3;4;3;4;3;3
34,ward.D2,euclidean,cut,6,0;1;1;2;2;0;0;2;2;0;3;4;3;3;3;4;3;4;5;5
34,single,euclidean,height,0,0.044864567818551783
34,single,euclidean,height,1,0.060443940301286719
34,single,euclidean,height,2,0.084353188730894743
34,single,euclidean,height,3,0.110940860359545035
34,single,euclidean,height,4,0.215884726945290484
34,single,euclidean,height,5,0.220216427466883219
34,single,euclidean,height,6,0.221932905696226535
34,single,euclidean,height,7,0.306424469179344461
34,single,euclidean,height,8,0.322276150870513922
34,single,euclidean,height,9,0.357133317066644862
34,single,euclidean,height,10,0.385865809894684164
34,single,euclidean,height,11,0.404902785597765935
34,single,euclidean,height,12,0.461982303026434948
34,single,euclidean,height,13,0.471790860068876883
34,single,euclidean,height,14,0.541855479187607458
34,single,euclidean,height,15,0.560029305917089326
34,single,euclidean,height,16,0.574887317191003389
34,single,euclidean,height,17,0.609179523922418920
34,single,euclidean,height,18,2.978031400785149607
34,single,euclidean,cut,2,0;0;0;0;0;0;0;0;0;0;1;1;1;1;1;1;1;1;1;1
34,single,euclidean,cut,3,0;1;1;0;0;0;0;0;0;0;2;2;2;2;2;2;2;2;2;2
34,single,euclidean,cut,4,0;1;1;2;2;0;2;2;2;0;3;3;3;3;3;3;3;3;3;3
34,single,euclidean,cut,5,0;1;1;2;2;0;2;2;2;0;3;3;3;3;3;3;3;4;3;3
34,single,euclidean,cut,6,0;1;1;2;2;0;2;2;2;0;3;4;3;3;3;4;3;5;3;3
34,centroid,euclidean,height,0,0.044864567818551783
34,centroid,euclidean,height,1,0.060443940301286719
34,centroid,euclidean,height,2,0.084353188730894743
34,centroid,euclidean,height,3,0.122095908405517525
34,centroid,euclidean,height,4,0.215884726945290484
34,centroid,euclidean,height,5,0.220216427466883219
34,centroid,euclidean,height,6,0.232602872268466904
34,centroid,euclidean,height,7,0.306424469179344461
34,centroid,euclidean,height,8,0.396000334035186641
34,centroid,euclidean,height,9,0.406715487417295074
34,centroid,euclidean,height,10,0.471790860068876883
34,centroid,euclidean,height,11,0.486007957882604813
34,centroid,euclidean,height,12,0.624926767191672505
34,centroid,euclidean,height,13,0.619804092460401357
34,centroid,euclidean,height,14,0.638962308844952975
34,centroid,euclidean,height,15,0.696890528672698628
34,centroid,euclidean,height,16,0.903446214526184010
34,centroid,euclidean,height,17,0.970562119476342411
34,centroid,euclidean,height,18,4.545169255747533832
34,centroid,euclidean,cut,2,0;0;0;0;0;0;0;0;0;0;1;1;1;1;1;1;1;1;1;1
34,centroid,euclidean,cut,3,0;1;1;0;0;0;0;0;0;0;2;2;2;2;2;2;2;2;2;2
34,centroid,euclidean,cut,4,0;1;1;0;0;0;0;0;0;0;2;3;2;2;2;3;2;3;2;2
34,centroid,euclidean,cut,5,0;1;1;0;0;0;0;0;0;0;2;3;2;2;2;3;2;3;4;4
34,centroid,euclidean,cut,6,0;1;1;0;0;0;0;0;0;0;2;3;2;2;2;3;2;4;5;5
34,average,manhattan,height,0,0.058772579378660705
34,average,manhattan,height,1,0.081428539846962050
34,average,manhattan,height,2,0.090343312811508952
34,average,manhattan,height,3,0.168662443376681154
34,average,manhattan,height,4,0.272209448237180185
34,average,manhattan,height,5,0.307434928412778974
34,average,manhattan,height,6,0.311433051762143920
34,average,manhattan,height,7,0.326843680123007907
34,average,manhattan,height,8,0.496323030065875637
34,average,manhattan,height,9,0.588947852298871699
34,average,manhattan,height,10,0.591746829554481990
34,average,manhattan,height,11,0.664644538942992247
34,average,manhattan,height,12,0.828823997650935951
34,average,manhattan,height,13,0.837845582632017694
34,average,manhattan,height,14,0.865267152535985962
34,average,manhattan,height,15,0.897265018890085586
34,average,manhattan,height,16,1.267160578849758634
34,average,manhattan,height,17,1.365277047071076444
34,average,manhattan,height,18,5.019331822212249605
34,average,manhattan,cut,2,0;0;0;0;0;0;0;0;0;0;1;1;1;1;1;1;1;1;1;1
34,average,manhattan,cut,3,0;1;1;0;0;0;0;0;0;0;2;2;2;2;2;2;2;2;2;2
34,average,manhattan,cut,4,0;1;1;0;0;0;0;0;0;0;2;3;2;2;2;3;2;3;2;2
34,average,manhattan,cut,5,0;1;1;0;0;0;0;0;0;0;2;3;2;2;2;3;2;3;4;4
34,average,manhattan,cut,6,0;1;1;0;0;0;2;0;0;0;3;4;3;3;3;4;3;4;5;5
34,complete,manhattan,height,0,0.058772579378660705
34,complete,manhattan,height,1,0.081428539846962050
34,complete,manhattan,height,2,0.090343312811508952
34,complete,manhattan,height,3,0.180614878319715677
34,complete,manhattan,height,4,0.272209448237180185
34,complete,manhattan,height,5,0.307434928412778974
34,complete,manhattan,height,6,0.311433051762143920
34,complete,manhattan,height,7,0.339846879120588641
34,complete,manhattan,height,8,0.535274945064954100
34,complete,manhattan,height,9,0.664644538942992247
34,complete,manhattan,height,10,0.680611900726256769
34,complete,manhattan,height,11,0.714726939194322397
34,complete,manhattan,height,12,0.897951501126208362
34,complete,manhattan,height,13,0.924647683156998412
34,complete,manhattan,height,14,1.222320373901400581
34,complete,manhattan,height,15,1.268271370061462733
34,complete,manhattan,height,16,2.029383144877966227
34,complete,manhattan,height,17,2.373065282987964153
34,complete,manhattan,height,18,6.676297773001673264
34,complete,manhattan,cut,2,0;0;0;0;0;0;0;0;0;0;1;1;1;1;1;1;1;1;1;1
34,complete,manhattan,cut,3,0;0;0;0;0;0;0;0;0;0;1;2;1;1;1;2;1;2;1;1
34,complete,manhattan,cut,4,0;1;1;0;0;0;0;0;0;0;2;3;2;2;2;3;2;3;2;2
34,complete,manhattan,cut,5,0;1;1;2;2;0;0;2;2;0;3;4;3;3;3;4;3;4;3;3
34,complete,manhattan,cut,6,0;1;1;2;2;0;0;2;2;0;3;4;3;3;3;4;3;4;5;5
34,ward.D2,manhattan,height,0, 0.058772579378660705
34,ward.D2,manhattan,height,1, 0.081428539846962050
34,ward.D2,manhattan,height,2, 0.090343312811508952
34,ward.D2,manhattan,height,3, 0.192271774614838381
34,ward.D2,manhattan,height,4, 0.272209448237180185
34,ward.D2,manhattan,height,5, 0.307434928412778974
34,ward.D2,manhattan,height,6, 0.311433051762143920
34,ward.D2,manhattan,height,7, 0.374767879529217807
34,ward.D2,manhattan,height,8, 0.572495500201737229
34,ward.D2,manhattan,height,9, 0.664644538942992247
34,ward.D2,manhattan,height,10, 0.666823295921749160
34,ward.D2,manhattan,height,11, 0.867401703634169907
34,ward.D2,manhattan,height,12, 0.947419889237012702
34,ward.D2,manhattan,height,13, 1.042840262157472164
34,ward.D2,manhattan,height,14, 1.371409333690280397
34,ward.D2,manhattan,height,15, 1.450285585333944915
34,ward.D2,manhattan,height,16, 2.360651340597634373
34,ward.D2,manhattan,height,17, 2.426027343418774240
34,ward.D2,manhattan,height,18,15.705795811450483868
34,ward.D2,manhattan,cut,2,0;0;0;0;0;0;0;0;0;0;1;1;1;1;1;1;1;1;1;1
34,ward.D2,manhattan,cut,3,0;0;0;0;0;0;0;0;0;0;1;2;1;1;1;2;1;2;1;1
34,ward.D2,manhattan,cut,4,0;1;1;0;0;0;0;0;0;0;2;3;2;2;2;3;2;3;2;2
34,ward.D2,manhattan,cut,5,0;1;1;2;2;0;2;2;2;0;3;4;3;3;3;4;3;4;3;3
34,ward.D2,manhattan,cut,6,0;1;1;2;2;0;2;2;2;0;3;4;3;3;3;4;3;4;5;5
34,single,manhattan,height,0,0.058772579378660705
34,single,manhattan,height,1,0.081428539846962050
34,single,manhattan,height,2,0.090343312811508952
34,single,manhattan,height,3,0.156710008433646630
34,single,manhattan,height,4,0.272209448237180185
34,single,manhattan,height,5,0.307434928412778974
34,single,manhattan,height,6,0.311433051762143920
34,single,manhattan,height,7,0.313840481125427173
34,single,manhattan,height,8,0.399746822659614365
34,single,manhattan,height,9,0.457371115066797174
34,single,manhattan,height,10,0.497944171679424619
34,single,manhattan,height,11,0.567603523002544130
34,single,manhattan,height,12,0.603102872874444973
34,single,manhattan,height,13,0.606213138545574459
34,single,manhattan,height,14,0.626091711060634326
34,single,manhattan,height,15,0.723401834074985484
34,single,manhattan,height,16,0.759696494175663539
34,single,manhattan,height,17,0.799324794887742440
34,single,manhattan,height,18,3.427348799196427986
34,single,manhattan,cut,2,0;0;0;0;0;0;0;0;0;0;1;1;1;1;1;1;1;1;1;1
34,single,manhattan,cut,3,0;1;1;0;0;0;0;0;0;0;2;2;2;2;2;2;2;2;2;2
34,single,manhattan,cut,4,0;1;1;0;0;0;0;0;0;0;2;2;2;2;2;2;2;3;2;2
34,single,manhattan,cut,5,0;1;1;0;0;0;0;0;0;0;2;3;2;2;2;3;2;4;2;2
34,single,manhattan,cut,6,0;1;1;0;0;0;0;0;0;0;2;3;2;2;2;3;2;4;5;2
34,centroid,manhattan,height,0,0.058772579378660705
34,centroid,manhattan,height,1,0.081428539846962050
34,centroid,manhattan,height,2,0.090343312811508952
34,centroid,manhattan,height,3,0.166512241247165987
34,centroid,manhattan,height,4,0.272209448237180185
34,centroid,manhattan,height,5,0.307434928412778974
34,centroid,manhattan,height,6,0.311433051762143920
34,centroid,manhattan,height,7,0.324558504194728703
34,centroid,manhattan,height,8,0.495795646726983674
34,centroid,manhattan,height,9,0.544458941203065483
34,centroid,manhattan,height,10,0.559905392107846955
34,centroid,manhattan,height,11,0.664644538942992247
34,centroid,manhattan,height,12,0.802259554300961519
34,centroid,manhattan,height,13,0.749912605553928913
34,centroid,manhattan,height,14,0.811336703339918253
34,centroid,manhattan,height,15,0.820489692129892090
34,centroid,manhattan,height,16,1.183780130708758982
34,centroid,manhattan,height,17,1.319644217188080004
34,centroid,manhattan,height,18,4.966608722971597167
34,centroid,manhattan,cut,2,0;0;0;0;0;0;0;0;0;0;1;1;1;1;1;1;1;1;1;1
34,centroid,manhattan,cut,3,0;1;1;0;0;0;0;0;0;0;2;2;2;2;2;2;2;2;2;2
34,centroid,manhattan,cut,4,0;1;1;0;0;0;0;0;0;0;2;3;2;2;2;3;2;3;2;2
34,centroid,manhattan,cut,5,0;1;1;0;0;0;0;0;0;0;2;3;2;2;2;3;2;4;2;2
34,centroid,manhattan,cut,6,0;1;1;0;0;0;0;0;0;0;2;3;2;2;2;3;2;4;5;5
